id,citekey,doi,arxiv_id,title,authors,n_authors,year,venue,venue_short,venue_tier,cited_by_count,categories,n_categories,arxiv_categories,status,reason,priority,sources,discovered_via,snowball_depth,first_seen,url,pdf_url,abstract
arxiv:2603.09379,krinkin2026simple,,2603.09379,A Simple Constructive Bound on Circuit Size Change Under Truth Table Perturbation,Kirill Krinkin,1,2026,arXiv,arXiv,other,0,circuit-complexity; meta-complexity,2,cs.CC; cs.LO,candidate,,,arxiv,arxiv:minimum circuit size problem,0,2026-08-10,http://arxiv.org/abs/2603.09379v1,https://arxiv.org/pdf/2603.09379v1,"The observation that optimum circuit size changes by at most $O(n)$ under a one-point truth table perturbation is implicit in prior work on the Minimum Circuit Size Problem. This note states the bound explicitly for arbitrary fixed finite complete bases with unit-cost gates, extends it to general Hamming distance via a telescoping argument, and verifies it exhaustively at $n = 4$ in the AIG basis using SAT-derived exact circuit sizes for 220 of 222 NPN equivalence classes. Among 987 mutation edges, the maximum observed difference is $4 = n$, confirming the bound is tight at $n = 4$ for AIG."
arxiv:2607.15848,narayanan2026arithmetic,,2607.15848,Arithmetic circuit lower bounds from sumset expansion,Anand Kumar Narayanan,1,2026,arXiv,arXiv,other,0,algebraic-complexity; circuit-complexity; derandomization,3,cs.CC,candidate,,,arxiv,arxiv:circuit lower bound,0,2026-08-10,http://arxiv.org/abs/2607.15848v1,https://arxiv.org/pdf/2607.15848v1,"Raz proposed a program to prove arithmetic circuit lower bounds through the explicit construction of elusive functions. These are polynomial maps from a low dimensional space to a high dimensional ambient space whose image is contained in no subvariety of low complexity. Here, complexity is prescribed in terms of the dimension and degree of parametric maps into the ambient space defining the subvariety. Elusive functions are abundant: finding explicit ones with parameters typical of generic polynomial maps implies Valiant's hypothesis that VP$\neq$VNP. But no such construction is known. Raz devised elusive functions with weaker parameters to derive explicit degree d polynomials in n variables requiring superlinear circuit size at depth $d=o(\log n)$. We present a new method to analyse and construct elusive functions, with coordinate maps restricted to monomials. To prove elusiveness, we identify a hitting set of points, each a tuple of roots of unity coupled based on the exponents of the monomial maps. Using Chebotarev's theorem on roots of unity, we show that for every low complexity subvariety, the function evaluated at some point in the hitting set eludes it. For this strategy to work, it suffices that the iterated sumset of a certain set of numbers (derived from the exponents) expands exponentially. We thus reduce open explicit construction problems in elusive functions to purely additive combinatorial ones, whose resolutions imply as yet unknown lower bounds. Informed by iterated sumset expansion, we devise new elusive functions. We construct explicit elusive curves of exponential degree, resolving an open problem posed by Garg, Makam, Oliveira, and Wigderson as a testament to the difficulty of elusiveness proofs. We improve Raz's superlinear bound quadratically (with circuit size to input size ratio as the metric) below $o(\log n/\log\log n)$ depths."
arxiv:2602.17942,carmosino2026convergent,,2602.17942,Convergent Gate Elimination and Constructive Circuit Lower Bounds,Marco Carmosino; Ngu Dang; Tim Jackman,3,2026,arXiv,arXiv,other,0,circuit-complexity,1,cs.CC,candidate,,,arxiv,arxiv:circuit lower bound,0,2026-08-10,http://arxiv.org/abs/2602.17942v1,https://arxiv.org/pdf/2602.17942v1,"Towards better understanding of gate elimination, the only method known that can prove complexity lower bounds for explicit functions against unrestricted Boolean circuits, this work contributes: (1) formalizing circuit simplifications as a convergent term graph rewriting system and (2) giving a simple and constructive proof of a classical lower bound using this system. First, we show that circuit simplification is a convergent term graph rewriting system over the DeMorgan and $\{\land, \lor, \oplus\}$ bases. We define local rewriting rules from Boolean identities such that every simplification sequence yields an identical final result (up to circuit isomorphism or bisimulation). Convergence enables rigorous reasoning about structural properties of simplified circuits without dependence on the order of simplification. Then, we show that there is \emph{no similar} convergent formalization of circuit simplification over the $U_2$ and $B_2$ bases. Then, we use our simplification system to give a constructive circuit lower bound, generalizing Schnorr's classical result that the XOR function requires $3(n - 1)$ gates to compute in the DeMorgan basis. A constructive lower bound $f \not\in C$ gives an algorithm (called a ""refuter"") that efficiently finds counter-examples for every $C$-circuit trying to compute the function $f$. Chen, Jin, Santhanam, and Williams showed that constructivity plays a central role in many longstanding open problems about complexity theory (FOCS 2021), so it is natural to ask for constructive circuit lower bounds from gate elimination arguments. This demonstrates how using convergent simplification can lead to shorter and more modular proofs of circuit lower bounds. Furthermore, until this work, no constructive lower bound had been proved via gate elimination."
arxiv:2607.09963,ren2026near,,2607.09963,Near-Maximum Circuit Lower Bounds for Exponential Time with Merlin-Arthur Queries,Hanlin Ren; Ryan Williams,2,2026,arXiv,arXiv,other,0,circuit-complexity; hardness-of-approximation,2,cs.CC,candidate,,,arxiv,arxiv:circuit lower bound,0,2026-08-10,http://arxiv.org/abs/2607.09963v1,https://arxiv.org/pdf/2607.09963v1,"We prove a near-maximum ($2^n / n$) circuit lower bound for the complexity class $\mathsf{E}^{\mathrm{pr}\mathsf{MA}}/_1$, corresponding to exponential time with access to a promise-$\mathsf{MA}$ oracle and one bit of advice. Our proof incorporates the iterative win-win paradigm (Chen--Lu--Oliveira--Ren--Santhanam, FOCS'23), the reduction from the Range Avoidance problem to circuit lower bounds (Jeřábek, Ann. Pure Appl. Log. '04; Korten, FOCS'21), and the PCP theorem. Crucial to our proof is the analysis of the complexity class $\mathsf{P}^\mathsf{NP}[{\textsf{#rounds}}=r, {\textsf{length}}=s]$, which is $\mathsf{P}^\mathsf{NP}$ with $r(n)$ adaptive rounds of $\mathsf{NP}$ queries, where each $\mathsf{NP}$ query has witness length $s(n)$."
arxiv:2607.02241,brand2026partition,,2607.02241,Partition Rank and Algebraic Circuit Lower Bounds,Cornelius Brand; Petteri Kaski; Jiaheng Wang,3,2026,arXiv,arXiv,other,0,algebraic-complexity; circuit-complexity,2,cs.CC; cs.DS,candidate,,,arxiv,arxiv:circuit lower bound,0,2026-08-10,http://arxiv.org/abs/2607.02241v2,https://arxiv.org/pdf/2607.02241v2,"Strassen's theory of bilinear complexity provides a mathematical characterization of the arithmetic complexity of primitives such as matrix multiplication via the rank of tensors. However, the connection to tensor rank is known to break down in higher degrees of multilinearity. In this work, we highlight an unexplored connection between a generalized notion of tensor rank, which can be defined in Naslund's framework of partition ranks (JCTA 2020), and multiplicative complexity. These partition ranks allow us to control the multiplicative complexity, and thus arithmetic complexity, in any constant degree of multilinearity from below, while recovering Strassen's seminal characterization in the bilinear case. This enables novel potential applications of the rank-based approaches to problems in fine-grained algorithms and complexity, such as the hyperclique conjecture of Lincoln-Williams-Vassilevska Williams (SODA 2018). Moreover, we exhibit connections to established notions of rank, such as tensor slice rank (in the sense of Tao and Sawin), as well as its symmetric variant. For computing the latter symmetric variant, we point out a simple NP-hardness proof, contrasting the rather involved NP-hardness proof for ordinary, non-symmetric tensor slice rank by Bläser et al. (SODA 2021)."
doi:10.1145/3778166,,10.1145/3778166,,Symmetric Exponential Time Requires Near-Maximum Circuit Size,Lijie Chen; Shuichi Hirahara; Zeyong Li; Hanlin Ren,4,2026,Journal of the ACM,JACM,target,0,circuit-complexity; structural,2,,candidate,,,crossref,snowball:forward:li2023symmetric,1,2026-08-10,https://doi.org/10.1145/3778166,,"We show that there is a language in \(\textsf{S}_2\textsf {E}\) (symmetric exponential time) that requires circuit complexity at least \(2^n/n\) on every input length. In particular, the above also implies the same near-maximum circuit lower bounds for \(\Sigma _2\textsf {E}\cap \Pi _2\textsf {E}\) and \(\mathsf {ZPE}^{\textsf {NP}}\) . Our proofs relativise. Previously, only “half-exponential” circuit lower bounds for the aforementioned complexity classes were known, and the smallest complexity class known to require exponential circuit complexity was \(\Delta _3\textsf {E}= \textsf {E}^{\Sigma _2\textsf{P}}\) (Miltersen, Vinodchandran, and Watanabe COCOON’99). Our circuit lower bounds are corollaries of an unconditional zero-error pseudodeterministic algorithm with an \(\textsf {NP}\) oracle that solves the Range Avoidance problem. This algorithm also implies unconditional pseudodeterministic \(\textsf {FZPP}^{\textsf {NP}}\) constructions for Ramsey graphs, rigid matrices, two-source extractors, linear codes, and \(\mathrm{K}^{\mathrm{poly}}\) -random strings with nearly optimal parameters."
doi:10.1007/978-981-96-0668-9_20,,10.1007/978-981-96-0668-9_20,,A Satisfiability Algorithm for Depth Two Circuits with a Sub-Quadratic Number of Symmetric and Threshold Gates,Suguru Tamaki,1,2025,Algorithmic Foundations for Social Advancement,,unknown,1,circuit-complexity,1,,candidate,,,crossref,snowball:forward:li2023symmetric; snowball:forward:kabanets2020algorithms,1,2026-08-10,https://doi.org/10.1007/978-981-96-0668-9_20,,"We consider depth 2 unbounded fan-in circuits with symmetric and linear threshold gates. We present a deterministic algorithm that, given such a circuit with n variables and m gates, counts the number of satisfying assignments in time $$2^{n-\Omega \left( \left( \frac{n}{\sqrt{m} \cdot \textrm{poly}(\log n)}\right) ^a\right) }$$ 2 n - Ω n m · poly ( log n ) a for some constant $$a>0$$ a > 0 . Our algorithm runs in time super-polynomially faster than $$2^n$$ 2 n if $$m=O(n^2/\log ^b n)$$ m = O ( n 2 / log b n ) for some constant $$b>0$$ b > 0 . Previously, such algorithms were only known for bounded depth circuits with linear threshold gates and a slightly super-linear number of wires [Impagliazzo-Paturi-Schneider, FOCS 2013 and Chen-Santhanam-Srinivasan, CCC 2016]. We also show that depth 2 circuits with $$O(n^2/\log ^b n)$$ O ( n 2 / log b n ) symmetric and linear threshold gates in total cannot compute an explicit function computable by a deterministic $$2^{O(n)}$$ 2 O ( n ) -time Turing machine with an NP oracle. Previously, even slightly super-linear lower bounds on the number of gates were not known until recently Kane and Williams [STOC 2016] showed that depth 2 linear threshold circuits with $$o(n^{3/2}/\log ^3 n)$$ o ( n 3 / 2 / log 3 n ) gates cannot compute an explicit function computable in linear time."
arxiv:2509.16824,lu2025frege,,2509.16824,AC^0[p]-Frege Cannot Efficiently Prove that Constant-Depth Algebraic Circuit Lower Bounds are Hard,Jiaqi Lu; Rahul Santhanam; Iddo Tzameret,3,2025,arXiv,arXiv,other,0,algebraic-complexity; circuit-complexity; proof-complexity,3,cs.CC,candidate,,,arxiv,arxiv:circuit lower bound,0,2026-08-10,http://arxiv.org/abs/2509.16824v1,https://arxiv.org/pdf/2509.16824v1,"We study whether lower bounds against constant-depth algebraic circuits computing the Permanent over finite fields (Limaye-Srinivasan-Tavenas, J. ACM 2025; Forbes, CCC 2024) are hard to prove in certain proof systems. We focus on a DNF formula that expresses that such lower bounds are hard for constant-depth algebraic proofs. Using an adaptation of the diagonalization framework of Santhanam and Tzameret (SIAM J. Comput. 2025), we show unconditionally that this family of DNF formulas does not admit polynomial-size propositional AC0[p]-Frege proofs infinitely often. This rules out the possibility that the DNF family is easy, and establishes that its status is either that of a hard tautology for AC0[p]-Frege or else unprovable (not a tautology). While it remains open whether the DNFs in question are tautologies, we provide evidence in this direction. In particular, under the plausible assumption that certain weak properties of multilinear algebra, specifically those involving tensor rank, do not admit short constant-depth algebraic proofs, the DNFs are tautologies. We also observe that several weaker variants of the DNF formula are provably tautologies, and we show that the question of whether the DNFs are tautologies connects to conjectures of Razborov (ICALP 1996) and Krajicek (J. Symb. Log. 2004). Our result has two additional features. (i) Existential depth amplification: the DNF formula is parameterised by a constant depth d bounding the depth of the algebraic proofs. We show that there exists some fixed depth d such that if there are no small depth-d algebraic proofs of certain circuit lower bounds for the Permanent, then there are no such small algebraic proofs in any constant depth. (ii) Necessity: we show that our result is a necessary step towards establishing lower bounds against constant-depth algebraic proofs, and more generally against any sufficiently strong proof system."
arxiv:2508.07619,hitchcock2025counting,,2508.07619,Counting Martingales for Measure and Dimension in Complexity Classes,John M. Hitchcock; Adewale Sekoni; Hadi Shafei,3,2025,arXiv,arXiv,other,0,average-case; circuit-complexity; counting-complexity; meta-complexity; quantum-complexity; space-complexity,6,cs.CC,candidate,,,arxiv,arxiv:minimum circuit size problem,0,2026-08-10,http://arxiv.org/abs/2508.07619v1,https://arxiv.org/pdf/2508.07619v1,"This paper makes two primary contributions. First, we introduce the concept of counting martingales and use it to define counting measures, counting dimensions, and counting strong dimensions. Second, we apply these new tools to strengthen previous circuit lower bounds. Resource-bounded measure and dimension have traditionally focused on deterministic time and space bounds. We use counting complexity classes to develop resource-bounded counting measures and dimensions. Counting martingales are constructed using functions from the #P, SpanP, and GapP complexity classes. We show that counting martingales capture many martingale constructions in complexity theory. The resulting counting measures and dimensions are intermediate in power between the standard time-bounded and space-bounded notions, enabling finer-grained analysis where space-bounded measures are known, but time-bounded measures remain open. For example, we show that BPP has #P-dimension 0 and BQP has GapP-dimension 0. As our main application, we improve circuit-size lower bounds. Lutz (1992) strengthened Shannon's classic $(1-ε)\frac{2^n}{n}$ lower bound (1949) to PSPACE-measure, showing that almost all problems require circuits of size $\frac{2^n}{n}\left(1+\frac{α\log n}{n}\right)$, for any $α< 1$. We extend this result to SpanP-measure, with a proof that uses a connection through the Minimum Circuit Size Problem (MCSP) to construct a counting martingale. Our results imply that the stronger lower bound holds within the third level of the exponential-time hierarchy, whereas previously, it was only known in ESPACE. We study the #P-dimension of classical circuit complexity classes and the GapP-dimension of quantum circuit complexity classes. We also show that if one-way functions exist, then #P-dimension is strictly more powerful than P-dimension."
doi:10.1145/3717823.3718224,,10.1145/3717823.3718224,,Maximum Circuit Lower Bounds for Exponential-Time Arthur Merlin,Lijie Chen; Jiatu Li; Jingxun Liang,3,2025,STOC '25: 57th Annual ACM Symposium on Theory of Computing,STOC,target,1,circuit-complexity; interactive-proofs,2,,candidate,,,crossref,snowball:forward:li2023symmetric,1,2026-08-10,https://doi.org/10.1145/3717823.3718224,,
arxiv:2511.14038,chen2025new,,2511.14038,New Algebrization Barriers to Circuit Lower Bounds via Communication Complexity of Missing-String,Lijie Chen; Yang Hu; Hanlin Ren,3,2025,arXiv,arXiv,other,0,circuit-complexity; communication-complexity; structural,3,cs.CC,candidate,,,arxiv,arxiv:circuit lower bound,0,2026-08-10,http://arxiv.org/abs/2511.14038v1,https://arxiv.org/pdf/2511.14038v1,"The *algebrization barrier*, proposed by Aaronson and Wigderson (STOC '08, ToCT '09), captures the limitations of many complexity-theoretic techniques based on arithmetization. Notably, several circuit lower bounds that overcome the relativization barrier (Buhrman--Fortnow--Thierauf, CCC '98; Vinodchandran, TCS '05; Santhanam, STOC '07, SICOMP '09) remain subject to the algebrization barrier. In this work, we establish several new algebrization barriers to circuit lower bounds by studying the communication complexity of the following problem, called XOR-Missing-String: For $m < 2^{n/2}$, Alice gets a list of $m$ strings $x_1, \dots, x_m\in\{0, 1\}^n$, Bob gets a list of $m$ strings $y_1, \dots, y_m\in\{0, 1\}^n$, and the goal is to output a string $s\in\{0, 1\}^n$ that is not equal to $x_i\oplus y_j$ for any $i, j\in [m]$. 1. We construct an oracle $A_1$ and its multilinear extension $\widetilde{A_1}$ such that ${\sf PostBPE}^{\widetilde{A_1}}$ has linear-size $A_1$-oracle circuits on infinitely many input lengths. 2. We construct an oracle $A_2$ and its multilinear extension $\widetilde{A_2}$ such that ${\sf BPE}^{\widetilde{A_2}}$ has linear-size $A_2$-oracle circuits on all input lengths. 3. Finally, we study algebrization barriers to circuit lower bounds for $\sf MA_E$. Buhrman, Fortnow, and Thierauf proved a *sub-half-exponential* circuit lower bound for $\sf MA_E$ via algebrizing techniques. Toward understanding whether the half-exponential bound can be improved, we define a natural subclass of $\sf MA_E$ that includes their hard $\sf MA_E$ language, and prove the following result: For every *super-half-exponential* function $h(n)$, we construct an oracle $A_3$ and its multilinear extension $\widetilde{A_3}$ such that this natural subclass of ${\sf MA}_{\sf E}^{\widetilde{A_3}}$ has $h(n)$-size $A_3$-oracle circuits on all input lengths."
arxiv:2504.19966,parham2025quantum,10.1145/3798129.3800788,2504.19966,Quantum circuit lower bounds in the magic hierarchy,Natalie Parham,1,2025,STOC '26: 58th Annual ACM Symposium on Theory of Computing,STOC,target,0,circuit-complexity; quantum-complexity,2,quant-ph; cs.CC,included,proves quantum circuit lower bounds in a new hierarchy; resource bound on circuit depth and magic,3,arxiv; crossref,arxiv:circuit lower bound,0,2026-08-10,http://arxiv.org/abs/2504.19966v3,https://arxiv.org/pdf/2504.19966v3,"We introduce the magic hierarchy, a quantum circuit model that alternates between arbitrary-sized Clifford circuits and constant-depth circuits with two-qubit gates ($\textsf{QNC}^0$). This model unifies existing circuit models, such as $\textsf{QAC}^0_f$ and models with adaptive intermediate measurements. Despite its generality, we are able to prove nontrivial lower bounds. We prove new lower bounds in the first level of the hierarchy, showing that certain explicit quantum states cannot be approximately prepared by circuits consisting of a Clifford circuit followed by $\textsf{QNC}^0$. These states include ground states of some topologically ordered Hamiltonians and nonstabilizer quantum codes. Our techniques exploit the rigid structure of stabilizer codes and introduce an infectiousness property: if even a single state in a high distance code can be approximately prepared by one of these circuits, then the entire subspace must lie close to a perturbed stabilizer code. We also show that proving state preparation lower bounds beyond a certain level of the hierarchy would imply classical circuit lower bounds beyond the reach of current techniques in complexity theory. More broadly, our techniques go beyond lightcone-based methods and highlight how the magic hierarchy provides a natural framework for connecting circuit complexity, condensed matter, and Hamiltonian complexity."
arxiv:2511.16903,carmosino2025simple,,2511.16903,Simple Circuit Extensions for XOR in PTIME,Marco Carmosino; Ngu Dang; Tim Jackman,3,2025,arXiv,arXiv,other,0,circuit-complexity; fine-grained; meta-complexity; parameterized,4,cs.CC,candidate,,,arxiv,arxiv:minimum circuit size problem,0,2026-08-10,http://arxiv.org/abs/2511.16903v1,https://arxiv.org/pdf/2511.16903v1,"The Minimum Circuit Size Problem for Partial Functions ($MCSP^*$) is hard assuming the Exponential Time Hypothesis (ETH) (Ilango, 2020). This breakthrough hardness result leveraged a characterization of the optimal $\{\land, \lor, \neg\}$ circuits for $n$-bit $OR$ ($OR_n$) and a reduction from the partial $f$-Simple Extension Problem where $f = OR_n$. It remains open to extend that reduction to show ETH-hardness of total $MCSP$. However, Ilango observed that the total $f$-Simple Extension Problem is easy whenever $f$ is computed by read-once formulas (like $OR_n$). Therefore, extending Ilango's proof to total $MCSP$ would require one to replace $OR_n$ with a slightly more complex but similarly well-understood Boolean function. This work shows that the $f$-Simple Extension problem remains easy when $f$ is the next natural candidate: $XOR_n$. We first develop a fixed-parameter tractable algorithm for the $f$-Simple Extension Problem that is efficient whenever the optimal circuits for $f$ are (1) linear in size, (2) polynomially ""few"" and efficiently enumerable in the truth-table size (up to isomorphism and permutation of inputs), and (3) all have constant bounded fan-out. $XOR_n$ satisfies all three of these conditions. When $\neg$ gates count towards circuit size, optimal $XOR_n$ circuits are binary trees of $n-1$ subcircuits computing $(\neg)XOR_2$ (Kombarov, 2011). We extend this characterization when $\neg$ gates do not contribute the circuit size. Thus, the $XOR$-Simple Extension Problem is in polynomial time under both measures of circuit complexity."
arxiv:2503.24061,atserias2025simple,,2503.24061,Simple general magnification of circuit lower bounds,Albert Atserias; Moritz Müller,2,2025,arXiv,arXiv,other,0,circuit-complexity; meta-complexity,2,cs.CC,candidate,,,arxiv,arxiv:minimum circuit size problem,0,2026-08-10,http://arxiv.org/abs/2503.24061v2,https://arxiv.org/pdf/2503.24061v2,"We introduce a technically and conceptually simple approach to magnification of circuit and formula lower bounds. Central to the method are so-called distinguishers, sparse matrices that retain some of the key properties of error-correcting codes. As applications, we generalize and strengthen known general (not problem specific) magnification results and in particular achieve magnification thresholds below known lower bounds. For example, we show that fixed-polynomial formula-size lower bounds for NP are implied by slightly superlinear formula-size lower bounds for approximating any sufficiently sparse problem in NP. We also show that the thresholds achieved are sharp. Additionally, our approach yields a uniform magnification result for the Minimum Circuit Size Problem (MCSP). This seems to sidestep the localization barrier."
arxiv:2512.01138,,,2512.01138,Total Search Problems in $\mathsf{ZPP}$,Noah Fleming; Stefan Grosser; Siddhartha Jain; Jiawei Li; Hanlin Ren; Morgan Shirley; Weiqiang Yuan,7,2025,arXiv,arXiv,other,0,circuit-complexity; derandomization; proof-complexity; space-complexity; total-search,5,cs.CC,candidate,,,arxiv,snowball:forward:li2023symmetric,1,2026-08-10,http://arxiv.org/abs/2512.01138v1,https://arxiv.org/pdf/2512.01138v1,"We initiate a systematic study of ${\sf TFZPP}$, the class of total ${\sf NP}$ search problems solvable by polynomial time randomized algorithms. ${\sf TFZPP}$ contains a variety of important search problems such as $\text{Bertrand-Chebyshev}$ (finding a prime between $N$ and $2N$), refuter problems for many circuit lower bounds, and $\text{Lossy-Code}$. The $\text{Lossy-Code}$ problem has found prominence due to its fundamental connections to derandomization, catalytic computing, and the metamathematics of complexity theory, among other areas. While ${\sf TFZPP}$ collapses to ${\sf FP}$ under standard derandomization assumptions in the white-box setting, we are able to separate ${\sf TFZPP}$ from the major ${\sf TFNP}$ subclasses in the black-box setting. In fact, we are able to separate it from every uniform ${\sf TFNP}$ class assuming that ${\sf NP}$ is not in quasi-polynomial time. To do so, we extend the connection between proof complexity and black-box ${\sf TFNP}$ to randomized proof systems and randomized reductions. Next, we turn to developing a taxonomy of ${\sf TFZPP}$ problems. We highlight a problem called $\text{Nephew}$, originating from an infinity axiom in set theory. We show that $\text{Nephew}$ is in $\mathsf{PWPP}\cap \mathsf{TFZPP}$ and conjecture that it is not reducible to $\text{Lossy-Code}$. Intriguingly, except for some artificial examples, most other black-box ${\sf TFZPP}$ problems that we are aware of reduce to $\text{Lossy-Code}$."
doi:10.1103/physrevlett.133.230401,,10.1103/physrevlett.133.230401,,Approximating Many-Body Quantum States with Quantum Circuits and Measurements,Lorenzo Piroli; Georgios Styliaris; J. Ignacio Cirac,3,2024,Physical Review Letters,,unknown,40,circuit-complexity,1,,candidate,,,crossref,snowball:backward:parham2025quantum,1,2026-08-10,https://doi.org/10.1103/physrevlett.133.230401,,"We introduce protocols to prepare many-body quantum states with quantum circuits assisted by local operations and classical communication. We show that by lifting the requirement of exact preparation, one can substantially save resources. In particular, the so-called W and, more generally, Dicke states require a circuit depth and number of ancillas per site that are independent of the system size. As a by-product of our work, we introduce an efficient scheme to implement certain nonlocal, non-Clifford unitary operators. We also discuss how similar ideas may be applied in the preparation of eigenstates of well-known spin models, both free and interacting. Published by the American Physical Society 2024"
doi:10.1103/prxquantum.5.030344,,10.1103/prxquantum.5.030344,,Constant-Depth Preparation of Matrix Product States with Adaptive Quantum Circuits,Kevin C. Smith; Abid Khan; Bryan K. Clark; S.M. Girvin; Tzu-Chieh Wei,5,2024,PRX Quantum,,unknown,51,circuit-complexity; quantum-complexity,2,,candidate,,,crossref,snowball:backward:parham2025quantum,1,2026-08-10,https://doi.org/10.1103/prxquantum.5.030344,,"Adaptive quantum circuits, which combine local unitary gates, midcircuit measurements, and feedforward operations, have recently emerged as a promising avenue for efficient state preparation, particularly on near-term quantum devices limited to shallow-depth circuits. Matrix product states (MPS) comprise a significant class of many-body entangled states, efficiently describing the ground states of one-dimensional gapped local Hamiltonians and finding applications in a number of recent quantum algorithms. Recently, it has been shown that the Affleck-Kennedy-Lieb-Tasaki state—a paradigmatic example of an MPS—can be exactly prepared with an adaptive quantum circuit of constant depth, an impossible feat with local unitary gates alone due to its nonzero correlation length [Smith , PRX Quantum 4, 020315 (2023)]. In this work, we broaden the scope of this approach and demonstrate that a diverse class of MPS can be exactly prepared using constant-depth adaptive quantum circuits, outperforming theoretically optimal preparation with unitary circuits. We show that this class includes short- and long-ranged entangled MPS, symmetry-protected topological (SPT) and symmetry-broken states, MPS with finite Abelian, non-Abelian, and continuous symmetries, resource states for MBQC, and families of states with tunable correlation length. Moreover, we illustrate the utility of our framework for designing constant-depth sampling protocols, such as for random MPS or for generating MPS in a particular SPT phase. We present sufficient conditions for particular MPS to be preparable in constant time, with global on-site symmetry playing a pivotal role. Altogether, this work demonstrates the immense promise of adaptive quantum circuits for efficiently preparing many-body entangled states and provides explicit algorithms that outperform known protocols to prepare an essential class of states. Published by the American Physical Society 2024"
arxiv:2410.12251,baraskar2024hardness,,2410.12251,NP-hardness of testing equivalence to sparse polynomials and to constant-support polynomials,Omkar Baraskar; Agrim Dewan; Chandan Saha; Pulkit Sinha,4,2024,arXiv,arXiv,other,0,algebraic-complexity; circuit-complexity; meta-complexity,3,cs.CC,candidate,,,arxiv,arxiv:minimum circuit size problem,0,2026-08-10,http://arxiv.org/abs/2410.12251v1,https://arxiv.org/pdf/2410.12251v1,"An $s$-sparse polynomial has at most $s$ monomials with nonzero coefficients. The Equivalence Testing problem for sparse polynomials (ETsparse) asks to decide if a given polynomial $f$ is equivalent to (i.e., in the orbit of) some $s$-sparse polynomial. In other words, given $f \in \mathbb{F}[\mathbf{x}]$ and $s \in \mathbb{N}$, ETsparse asks to check if there exist $A \in \mathrm{GL}(|\mathbf{x}|, \mathbb{F})$ and $\mathbf{b} \in \mathbb{F}^{|\mathbf{x}|}$ such that $f(A\mathbf{x} + \mathbf{b})$ is $s$-sparse. We show that ETsparse is NP-hard over any field $\mathbb{F}$, if $f$ is given in the sparse representation, i.e., as a list of nonzero coefficients and exponent vectors. This answers a question posed in [Gupta-Saha-Thankey, SODA'23] and [Baraskar-Dewan-Saha, STACS'24]. The result implies that the Minimum Circuit Size Problem (MCSP) is NP-hard for a dense subclass of depth-$3$ arithmetic circuits if the input is given in sparse representation. We also show that approximating the smallest $s_0$ such that a given $s$-sparse polynomial $f$ is in the orbit of some $s_0$-sparse polynomial to within a factor of $s^{\frac{1}{3} - ε}$ is NP-hard for any $ε> 0$; observe that $s$-factor approximation is trivial as the input is $s$-sparse. Finally, we show that for any constant $σ\geq 5$, checking if a polynomial (given in sparse representation) is in the orbit of some support-$σ$ polynomial is NP-hard. Support of a polynomial $f$ is the maximum number of variables present in any monomial of $f$. These results are obtained via direct reductions from the $3$-SAT problem."
arxiv:2405.10242,chia2024quantum,,2405.10242,Quantum State Learning Implies Circuit Lower Bounds,Nai-Hui Chia; Daniel Liang; Fang Song,3,2024,arXiv,arXiv,other,0,circuit-complexity; meta-complexity,2,quant-ph,candidate,,,arxiv,arxiv:circuit lower bound,0,2026-08-10,http://arxiv.org/abs/2405.10242v2,https://arxiv.org/pdf/2405.10242v2,"We establish connections between state tomography, pseudorandomness, quantum state synthesis, and circuit lower bounds. In particular, let $\mathfrak{C}$ be a family of non-uniform quantum circuits of polynomial size and suppose that there exists an algorithm that, given copies of $|ψ\rangle$, distinguishes whether $|ψ\rangle$ is produced by $\mathfrak{C}$ or is Haar random, promised one of these is the case. For arbitrary fixed constant $c$, we show that if the algorithm uses at most $O(2^{n^c})$ time and $2^{n^{0.99}}$ samples then $\mathsf{stateBQE} \not\subset \mathsf{state}\mathfrak{C}$. Here $\mathsf{stateBQE} := \mathsf{stateBQTIME}[2^{O(n)}]$ and $\mathsf{state}\mathfrak{C}$ are state synthesis complexity classes as introduced by Rosenthal and Yuen (ITCS 2022), which capture problems with classical inputs but quantum output. Note that efficient tomography implies a similarly efficient distinguishing algorithm against Haar random states, even for nearly exponential-time algorithms. Because every state produced by a polynomial-size circuit can be learned with $2^{O(n)}$ samples and time, or $O(n^{ω(1)})$ samples and $2^{O(n^{ω(1)})}$ time, we show that even slightly non-trivial quantum state tomography algorithms would lead to new statements about quantum state synthesis. Finally, a slight modification of our proof shows that distinguishing algorithms for quantum states can imply circuit lower bounds for decision problems as well. This help sheds light on why time-efficient tomography algorithms for non-uniform quantum circuit classes has only had limited and partial progress. Our work parallels results by Arunachalam et al. (FOCS 2021) that revealed a similar connection between quantum learning of Boolean functions and circuit lower bounds for classical circuit classes, but modified for the purposes of state tomography and state synthesis."
doi:10.22331/q-2024-12-09-1552,,10.22331/q-2024-12-09-1552,,State preparation by shallow circuits using feed forward,Harry Buhrman; Marten Folkertsma; Bruno Loff; Niels M. P. Neumann,4,2024,Quantum,,unknown,35,circuit-complexity,1,,candidate,,,crossref,snowball:backward:parham2025quantum,1,2026-08-10,https://doi.org/10.22331/q-2024-12-09-1552,,"Fault tolerant quantum computers repetitively apply a four-step procedure: First, perform a few one and two-qubit quantum gates. Second, perform a syndrome measurement on a subset of the qubits. Third, perform fast classical computations to establish if and where errors occurred. And, fourth, correct the errors with a correction step. The next iteration applies the same procedure with new one and two-qubit gates. Even though current error-rates prohibit this procedure to work and fault tolerant quantum computing remains a distant goal, the same procedure can already prove useful today. In this work we make use of this four-step scheme not to carry out fault-tolerant computations, but to enhance short, c o n s t a n t -depth, quantum circuits that perform 1 qubit gates and n e a r e s t &#x2212; n e i g h b o r 2 qubit gates.We introduce a new computational model called Local Alternating Quantum Classical Computations (LAQCC) . In this model, qubits are placed in a grid and they can only interact with their direct neighbors; the quantum circuits are of constant depth with intermediate measurements; a classical controller can perform log-depth computations on these intermediate measurement outcomes and control future quantum operations based on the outcome. This model fits naturally between quantum algorithms in the NISQ era and full-fledged fault-tolerant quantum computation. We first prove that any Clifford circuit has an equivalent LAQCC circuit, and that any LAQCC circuit can be simulated by a Q N C 1 circuit. Next, we conjecture the non-simulatability of LAQCC by showing that LAQCC contains the class of Instantaneous Quantum Polynomial-time circuits. We also show that any LAQCC circuit with polynomial-sized quantum circuits and unbounded classical computations is contained in the class of quantum circuits equipped with post-selection gates with respect to the task of state preparation. We continue by presenting LAQCC implementations of different subroutines, including OR-gates, quantum Fourier transforms and Threshold gates. These subroutines prove vital in constructing three state preparation routines in the main part of this work. Preparing a uniform superposition uses constant-depth arithmetic gates, combined with an exact Grover implementation by Long. For the W -state, we employ a compress-uncompress method to switch between a binary and one-hot encoding. This method extends to the more generalized Dicke-states, the superposition of n -bit strings of Hamming weight k , for k = O ( n ) , but fails for higher k due to the birthday paradox. We extend this protocol to a protocol that prepares many-body scar states, highly excited states with low entanglement and longer coherence times than states with the same energy density. We present a circuit for preparing Dicke-states for larger k requiring log-depth circuits that maps between the factoradic number system and the combinatorial number system."
arxiv:2310.14464,chia2023cryptographic,10.1145/3773903,2310.14464,A Cryptographic Perspective on the Verifiability of Quantum Advantage,Nai-Hui Chia; Honghao Fu; Fang Song; Penghui Yao,4,2023,ACM Transactions on Quantum Computing,ACM-TQC,other,0,circuit-complexity; meta-complexity; quantum-complexity,3,quant-ph; cs.CR,candidate,,,arxiv; crossref,arxiv:minimum circuit size problem,0,2026-08-10,http://arxiv.org/abs/2310.14464v2,https://arxiv.org/pdf/2310.14464v2,"In recent years, achieving verifiable quantum advantage on a NISQ device has emerged as an important open problem in quantum information. The sampling-based quantum advantages are not known to have efficient verification methods. This paper investigates the verification of quantum advantage from a cryptographic perspective. We establish a strong connection between the verifiability of quantum advantage and cryptographic and complexity primitives, including efficiently samplable, statistically far but computationally indistinguishable pairs of (mixed) quantum states ($\mathsf{EFI}$), pseudorandom states ($\mathsf{PRS}$), and variants of minimum circuit size problems ($\mathsf{MCSP}$). Specifically, we prove that a) a sampling-based quantum advantage is either verifiable or can be used to build $\mathsf{EFI}$ and even $\mathsf{PRS}$ and b) polynomial-time algorithms for a variant of $\mathsf{MCSP}$ would imply efficient verification of quantum advantages. Our work shows that the quest for verifiable quantum advantages may lead to applications of quantum cryptography, and the construction of quantum primitives can provide new insights into the verifiability of quantum advantages."
arxiv:2305.00794,morizumi2023approach,,2305.00794,An Approach to Circuit Lower Bounds via Bounded Width Circuits,Hiroki Morizumi,1,2023,arXiv,arXiv,other,0,circuit-complexity,1,cs.CC,candidate,,,arxiv,arxiv:circuit lower bound,0,2026-08-10,http://arxiv.org/abs/2305.00794v1,https://arxiv.org/pdf/2305.00794v1,"In this paper, we investigate an approach to circuit lower bounds via bounded width circuits. The approach consists of two steps: (i) We convert circuits to (deterministic or nondeterministic) bounded width circuits. (ii) We prove lower bounds for the bounded width circuits. For the second step, we prove that there is an explicit Boolean function $f$ as follows: If a nondeterministic circuit of size $s$ and width $w$ computes $f$, then $w = Ω(\frac{n^4}{4^{\frac{s}{n}}s^3}) - \frac{\log_2 s}{2}$. For the first step, we give some observations, which include a relation between conversions to bounded width circuits and a standard pebble game."
arxiv:2303.01016,atserias2023consistency,10.1142/s0219061324500235,2303.01016,On the Consistency of Circuit Lower Bounds for Non-Deterministic Time,Albert Atserias; Sam Buss; Moritz Müller,3,2023,Journal of Mathematical Logic,JML,other,0,circuit-complexity; proof-complexity,2,cs.CC; math.LO,candidate,,,arxiv; crossref,arxiv:circuit lower bound,0,2026-08-10,http://arxiv.org/abs/2303.01016v2,https://arxiv.org/pdf/2303.01016v2,"We prove the first unconditional consistency result for superpolynomial circuit lower bounds with a relatively strong theory of bounded arithmetic. Namely, we show that the theory V$^0_2$ is consistent with the conjecture that NEXP $\not\subseteq$ P/poly, i.e., some problem that is solvable in non-deterministic exponential time does not have polynomial size circuits. We suggest this is the best currently available evidence for the truth of the conjecture. The same techniques establish the same results with NEXP replaced by the class of problems that are decidable in non-deterministic barely superpolynomial time such as NTIME$(n^{O(\log\log\log n)})$. Additionally, we establish a magnification result on the hardness of proving circuit lower bounds."
arxiv:2311.04204,gamarnik2023sharp,,2311.04204,Sharp Thresholds Imply Circuit Lower Bounds: from random 2-SAT to Planted Clique,David Gamarnik; Elchanan Mossel; Ilias Zadik,3,2023,arXiv,arXiv,other,0,average-case; circuit-complexity,2,cs.CC; math.PR; math.ST,candidate,,,arxiv,arxiv:circuit lower bound,0,2026-08-10,http://arxiv.org/abs/2311.04204v3,https://arxiv.org/pdf/2311.04204v3,"We show that sharp thresholds for Boolean functions directly imply average-case circuit lower bounds. More formally we show that any Boolean function exhibiting a sharp enough threshold at \emph{arbitrary} critical density cannot be computed by Boolean circuits of bounded depth and polynomial size. We also prove a partial converse: if a monotone graph invariant Boolean function does not have a sharp threshold then it can be computed on average by a Boolean circuit of bounded depth and polynomial size. Our general result also implies new average-case bounded depth circuit lower bounds in a variety of settings. (a) ($k$-cliques) For $k=Θ(n)$, we prove that any circuit of depth $d$ deciding the presence of a size $k$ clique in a random graph requires exponential-in-$n^{Θ(1/d)}$ size. (b)(random 2-SAT) We prove that any circuit of depth $d$ deciding the satisfiability of a random 2-SAT formula requires exponential-in-$n^{Θ(1/d)}$ size. To the best of our knowledge, this is the first bounded depth circuit lower bound for random $k$-SAT for any value of $k \geq 2.$ Our results also provide the first rigorous lower bound in agreement with a conjectured, but debated, ""computational hardness"" of random $k$-SAT around its satisfiability threshold. (c)(Statistical estimation -- planted $k$-clique) Over the recent years, multiple statistical estimation problems have also been proven to exhibit a ""statistical"" sharp threshold, called the All-or-Nothing (AoN) phenomenon. We show that AoN also implies circuit lower bounds for statistical problems. As a simple corollary of that, we prove that any circuit of depth $d$ that solves to information-theoretic optimality a ""dense"" variant of the celebrated planted $k$-clique problem requires exponential-in-$n^{Θ(1/d)}$ size."
arxiv:2311.12994,austrin2023sum,,2311.12994,Sum-of-Squares Lower Bounds for the Minimum Circuit Size Problem,Per Austrin; Kilian Risse,2,2023,arXiv,arXiv,other,0,circuit-complexity; meta-complexity,2,cs.CC,candidate,,,arxiv,arxiv:minimum circuit size problem,0,2026-08-10,http://arxiv.org/abs/2311.12994v1,https://arxiv.org/pdf/2311.12994v1,"We prove lower bounds for the Minimum Circuit Size Problem (MCSP) in the Sum-of-Squares (SoS) proof system. Our main result is that for every Boolean function $f: \{0,1\}^n \rightarrow \{0,1\}$, SoS requires degree $Ω(s^{1-ε})$ to prove that $f$ does not have circuits of size $s$ (for any $s > \mathrm{poly}(n)$). As a corollary we obtain that there are no low degree SoS proofs of the statement NP $\not \subseteq $ P/poly. We also show that for any $0 < α< 1$ there are Boolean functions with circuit complexity larger than $2^{n^α}$ but SoS requires size $2^{2^{Ω(n^α)}}$ to prove this. In addition we prove analogous results on the minimum \emph{monotone} circuit size for monotone Boolean slice functions. Our approach is quite general. Namely, we show that if a proof system $Q$ has strong enough constraint satisfaction problem lower bounds that only depend on good expansion of the constraint-variable incidence graph and, furthermore, $Q$ is expressive enough that variables can be substituted by local Boolean functions, then the MCSP problem is hard for $Q$."
arxiv:2310.17762,li2023symmetric,10.1145/3618260.3649615,2310.17762,"Symmetric Exponential Time Requires Near-Maximum Circuit Size: Simplified, Truly Uniform",Zeyong Li,1,2023,STOC '24: 56th Annual ACM Symposium on Theory of Computing,STOC,target,0,circuit-complexity; derandomization,2,cs.CC,included,near-maximum circuit size lower bound for symmetric exponential time; uniform derandomization,3,arxiv; crossref,arxiv:circuit lower bound,0,2026-08-10,http://arxiv.org/abs/2310.17762v2,https://arxiv.org/pdf/2310.17762v2,"In a recent breakthrough, Chen, Hirahara and Ren prove that $\mathsf{S_2E}/_1 \not\subset \mathsf{SIZE}[2^n/n]$ by giving a single-valued $\mathsf{FS_2P}$ algorithm for the Range Avoidance Problem ($\mathsf{Avoid}$) that works for infinitely many input size $n$. Building on their work, we present a simple single-valued $\mathsf{FS_2P}$ algorithm for $\mathsf{Avoid}$ that works for all input size $n$. As a result, we obtain the circuit lower bound $\mathsf{S_2E} \not\subset {i.o.}$-$\mathsf{SIZE}[2^n/n]$ and many other corollaries: 1. Almost-everywhere near-maximum circuit lower bound for $\mathsf{Σ_2E} \cap \mathsf{Π_2E}$ and $\mathsf{ZPE}^{\mathsf{NP}}$. 2. Pseudodeterministic $\mathsf{FZPP}^{\mathsf{NP}}$ constructions for: Ramsey graphs, rigid matrices, pseudorandom generators, two-source extractors, linear codes, hard truth tables, and $K^{poly}$-random strings."
doi:10.1145/3538391,,10.1145/3538391,,Beyond Natural Proofs: Hardness Magnification and Locality,Lijie Chen; Shuichi Hirahara; Igor Carboni Oliveira; Ján Pich; Ninad Rajgopal; Rahul Santhanam,6,2022,Journal of the ACM,JACM,target,11,circuit-complexity; meta-complexity,2,,candidate,,,crossref,snowball:forward:kabanets2020algorithms,1,2026-08-10,https://doi.org/10.1145/3538391,https://dl.acm.org/doi/pdf/10.1145/3538391,"Hardness magnification reduces major complexity separations (such as EXP ⊈ NC 1 ) to proving lower bounds for some natural problem Q against weak circuit models. Several recent works [ 11 , 13 , 14 , 40 , 42 , 43 , 46 ] have established results of this form. In the most intriguing cases, the required lower bound is known for problems that appear to be significantly easier than Q , while Q itself is susceptible to lower bounds, but these are not yet sufficient for magnification. In this work, we provide more examples of this phenomenon and investigate the prospects of proving new lower bounds using this approach. In particular, we consider the following essential questions associated with the hardness magnification program: – Does hardness magnification avoid the natural proofs barrier of Razborov and Rudich [ 51 ] ? – Can we adapt known lower-bound techniques to establish the desired lower bound for Q ? We establish that some instantiations of hardness magnification overcome the natural proofs barrier in the following sense: slightly superlinear-size circuit lower bounds for certain versions of the minimum circuit-size problem imply the non-existence of natural proofs. As the non-existence of natural proofs implies the non-existence of efficient learning algorithms, we show that certain magnification theorems not only imply strong worst-case circuit lower bounds but also rule out the existence of efficient learning algorithms. Hardness magnification might sidestep natural proofs, but we identify a source of difficulty when trying to adapt existing lower-bound techniques to prove strong lower bounds via magnification. This is captured by a locality barrier : existing magnification theorems unconditionally show that the problems Q considered above admit highly efficient circuits extended with small fan-in oracle gates, while lower-bound techniques against weak circuit models quite often easily extend to circuits containing such oracles. This explains why direct adaptations of certain lower bounds are unlikely to yield strong complexity separations via hardness magnification."
doi:10.46298/theoretics.24.3,chen2022constructive,10.46298/theoretics.24.3,2203.14379,Constructive Separations and Their Consequences,Lijie Chen; Ce Jin; Rahul Santhanam; Ryan Williams,4,2022,"TheoretiCS, Volume 3 (February 15, 2024) theoretics:9259",TheoretiCS,other,0,circuit-complexity; meta-complexity; query-complexity,3,cs.CC,included,constructive separations and their consequences for circuit lower bounds,2,arxiv,arxiv:minimum circuit size problem,0,2026-08-10,http://arxiv.org/abs/2203.14379v5,https://arxiv.org/pdf/2203.14379v5,"For a complexity class $C$ and language $L$, a constructive separation of $L \notin C$ gives an efficient algorithm (also called a refuter) to find counterexamples (bad inputs) for every $C$-algorithm attempting to decide $L$. We study the questions: Which lower bounds can be made constructive? What are the consequences of constructive separations? We build a case that ""constructiveness"" serves as a dividing line between many weak lower bounds we know how to prove, and strong lower bounds against $P$, $ZPP$, and $BPP$. Put another way, constructiveness is the opposite of a complexity barrier: it is a property we want lower bounds to have. Our results fall into three broad categories. 1. Our first set of results shows that, for many well-known lower bounds against streaming algorithms, one-tape Turing machines, and query complexity, as well as lower bounds for the Minimum Circuit Size Problem, making these lower bounds constructive would imply breakthrough separations ranging from $EXP \neq BPP$ to even $P \neq NP$. 2. Our second set of results shows that for most major open problems in lower bounds against $P$, $ZPP$, and $BPP$, including $P \neq NP$, $P \neq PSPACE$, $P \neq PP$, $ZPP \neq EXP$, and $BPP \neq NEXP$, any proof of the separation would further imply a constructive separation. Our results generalize earlier results for $P \neq NP$ [Gutfreund, Shaltiel, and Ta-Shma, CCC 2005] and $BPP \neq NEXP$ [Dolev, Fandina and Gutfreund, CIAC 2013]. 3. Our third set of results shows that certain complexity separations cannot be made constructive. We observe that for all super-polynomially growing functions $t$, there are no constructive separations for detecting high $t$-time Kolmogorov complexity (a task which is known to be not in $P$) from any complexity class, unconditionally."
doi:10.1109/focs52979.2021.00019,,10.1109/focs52979.2021.00019,,Fooling Constant-Depth Threshold Circuits (Extended Abstract),Pooya Hatami; William M. Hoza; Avishay Tal; Roei Tell,4,2022,2021 IEEE 62nd Annual Symposium on Foundations of Computer Science (FOCS),FOCS,target,4,circuit-complexity,1,,candidate,,,crossref,snowball:forward:kabanets2020algorithms,1,2026-08-10,https://doi.org/10.1109/focs52979.2021.00019,,
arxiv:2212.09285,pich2022localizability,10.1007/s00037-024-00257-0,2212.09285,Localizability of the approximation method,Jan Pich,1,2022,computational complexity,CC,target,0,circuit-complexity; meta-complexity,2,cs.CC; cs.DM,candidate,,,arxiv; crossref,arxiv:circuit lower bound,0,2026-08-10,http://arxiv.org/abs/2212.09285v1,https://arxiv.org/pdf/2212.09285v1,"We use the approximation method of Razborov to analyze the locality barrier which arose from the investigation of the hardness magnification approach to complexity lower bounds. Adapting a limitation of the approximation method obtained by Razborov, we show that in many cases it is not possible to combine the approximation method with typical (localizable) hardness magnification theorems to derive strong circuit lower bounds. In particular, one cannot use the approximation method to derive an extremely strong constant-depth circuit lower bound and then magnify it to an $NC^1$ lower bound for an explicit function. To prove this we show that lower bounds obtained by the approximation method are in many cases localizable in the sense that they imply lower bounds for circuits which are allowed to use arbitrarily powerful oracles with small fan-in."
doi:10.1145/3530258,,10.1145/3530258,,Oracle Separation of BQP and PH,Ran Raz; Avishay Tal,2,2022,Journal of the ACM,JACM,target,15,circuit-complexity; quantum-complexity; structural,3,,candidate,,,crossref,snowball:backward:parham2025quantum,1,2026-08-10,https://doi.org/10.1145/3530258,,"We present a distribution D over inputs in {± 1} 2 N , such that: (1) There exists a quantum algorithm that makes one (quantum) query to the input, and runs in time O (log N ), that distinguishes between D and the uniform distribution with advantage Ω (1/log N ). (2) No Boolean circuit of quasi-polynomial size and constant depth distinguishes between D and the uniform distribution with advantage better than polylog(N)/√ N . By well-known reductions, this gives a separation of the classes Promise- BQP and Promise- PH in the black-box model and implies an oracle relative to which BQP is not contained in PH ."
doi:10.22331/q-2022-09-22-815,,10.22331/q-2022-09-22-815,,The XP Stabiliser Formalism: a Generalisation of the Pauli Stabiliser Formalism with Arbitrary Phases,Mark A. Webster; Benjamin J. Brown; Stephen D. Bartlett,3,2022,Quantum,,unknown,27,quantum-complexity,1,,candidate,,,crossref,snowball:backward:parham2025quantum,1,2026-08-10,https://doi.org/10.22331/q-2022-09-22-815,,"We propose an extension to the Pauli stabiliser formalism that includes fractional 2 &#x03C0; / N rotations around the Z axis for some integer N . The resulting generalised stabiliser formalism – denoted the XP stabiliser formalism – allows for a wider range of states and codespaces to be represented. We describe the states which arise in the formalism, and demonstrate an equivalence between XP stabiliser states and 'weighted hypergraph states' – a generalisation of both hypergraph and weighted graph states. Given an arbitrary set of XP operators, we present algorithms for determining the codespace and logical operators for an XP code. Finally, we consider whether measurements of XP operators on XP codes can be classically simulated."
arxiv:2109.01342,gamarnik2021circuit,10.61102/1024-2953-mprf.2024.30.1.003,2109.01342,Circuit Lower Bounds for the p-Spin Optimization Problem,David Gamarnik; Aukosh Jagannath; Alexander S. Wein,3,2021,Markov Processes And Related Fields,,unknown,0,circuit-complexity,1,cs.CC; math.PR,candidate,,,arxiv; crossref,arxiv:circuit lower bound,0,2026-08-10,http://arxiv.org/abs/2109.01342v2,https://arxiv.org/pdf/2109.01342v2,"We consider the problem of finding a near ground state of a $p$-spin model with Rademacher couplings by means of a low-depth circuit. As a direct extension of the authors' recent work [Gamarnik, Jagannath, Wein 2020], we establish that any poly-size $n$-output circuit that produces a spin assignment with objective value within a certain constant factor of optimality, must have depth at least $\log n/(2\log\log n)$ as $n$ grows. This is stronger than the known state of the art bounds of the form $Ω(\log n/(k(n)\log\log n))$ for similar combinatorial optimization problems, where $k(n)$ depends on the optimality value. For example, for the largest clique problem $k(n)$ corresponds to the square of the size of the clique [Rossman 2010]. At the same time our results are not quite comparable since in our case the circuits are required to produce a solution itself rather than solving the associated decision problem. As in our earlier work, the approach is based on the overlap gap property (OGP) exhibited by random $p$-spin models, but the derivation of the circuit lower bound relies further on standard facts from Fourier analysis on the Boolean cube, in particular the Linial-Mansour-Nisan Theorem. To the best of our knowledge, this is the first instance when methods from spin glass theory have ramifications for circuit complexity."
arxiv:2108.03171,chia2021quantum,,2108.03171,Quantum Meets the Minimum Circuit Size Problem,Nai-Hui Chia; Chi-Ning Chou; Jiayu Zhang; Ruizhe Zhang,4,2021,arXiv,arXiv,other,0,circuit-complexity; fine-grained; meta-complexity; quantum-complexity,4,quant-ph; cs.CC; cs.CR,candidate,,,arxiv,arxiv:minimum circuit size problem,0,2026-08-10,http://arxiv.org/abs/2108.03171v3,https://arxiv.org/pdf/2108.03171v3,"In this work, we initiate the study of the Minimum Circuit Size Problem (MCSP) in the quantum setting. MCSP is a problem to compute the circuit complexity of Boolean functions. It is a fascinating problem in complexity theory -- its hardness is mysterious, and a better understanding of its hardness can have surprising implications to many fields in computer science. We first define and investigate the basic complexity-theoretic properties of minimum quantum circuit size problems for three natural objects: Boolean functions, unitaries, and quantum states. We show that these problems are not trivially in NP but in QCMA (or have QCMA protocols). Next, we explore the relations between the three quantum MCSPs and their variants. We discover that some reductions that are not known for classical MCSP exist for quantum MCSPs for unitaries and states, e.g., search-to-decision reduction and self-reduction. Finally, we systematically generalize results known for classical MCSP to the quantum setting (including quantum cryptography, quantum learning theory, quantum circuit lower bounds, and quantum fine-grained complexity) and also find new connections to tomography and quantum gravity. Due to the fundamental differences between classical and quantum circuits, most of our results require extra care and reveal properties and phenomena unique to the quantum setting. Our findings could be of interest for future studies, and we post several open problems for further exploration along this direction."
arxiv:2002.08533,kabanets2020algorithms,10.1145/3470861,2002.08533,Algorithms and Lower Bounds for de Morgan Formulas of Low-Communication Leaf Gates,Valentine Kabanets; Sajin Koroth; Zhenjian Lu; Dimitrios Myrisiotis; Igor Oliveira,5,2020,ACM Transactions on Computation Theory,TOCT,other,0,circuit-complexity; communication-complexity; derandomization; meta-complexity,4,cs.CC,included,algorithms and lower bounds for de Morgan formulas; formula size resource bound,2,arxiv; crossref,arxiv:minimum circuit size problem,0,2026-08-10,http://arxiv.org/abs/2002.08533v1,https://arxiv.org/pdf/2002.08533v1,"The class $FORMULA[s] \circ \mathcal{G}$ consists of Boolean functions computable by size-$s$ de Morgan formulas whose leaves are any Boolean functions from a class $\mathcal{G}$. We give lower bounds and (SAT, Learning, and PRG) algorithms for $FORMULA[n^{1.99}]\circ \mathcal{G}$, for classes $\mathcal{G}$ of functions with low communication complexity. Let $R^{(k)}(\mathcal{G})$ be the maximum $k$-party NOF randomized communication complexity of $\mathcal{G}$. We show: (1) The Generalized Inner Product function $GIP^k_n$ cannot be computed in $FORMULA[s]\circ \mathcal{G}$ on more than $1/2+\varepsilon$ fraction of inputs for $$ s = o \! \left ( \frac{n^2}{ \left(k \cdot 4^k \cdot {R}^{(k)}(\mathcal{G}) \cdot \log (n/\varepsilon) \cdot \log(1/\varepsilon) \right)^{2}} \right).$$ As a corollary, we get an average-case lower bound for $GIP^k_n$ against $FORMULA[n^{1.99}]\circ PTF^{k-1}$. (2) There is a PRG of seed length $n/2 + O\left(\sqrt{s} \cdot R^{(2)}(\mathcal{G}) \cdot\log(s/\varepsilon) \cdot \log (1/\varepsilon) \right)$ that $\varepsilon$-fools $FORMULA[s] \circ \mathcal{G}$. For $FORMULA[s] \circ LTF$, we get the better seed length $O\left(n^{1/2}\cdot s^{1/4}\cdot \log(n)\cdot \log(n/\varepsilon)\right)$. This gives the first non-trivial PRG (with seed length $o(n)$) for intersections of $n$ half-spaces in the regime where $\varepsilon \leq 1/n$. (3) There is a randomized $2^{n-t}$-time $\#$SAT algorithm for $FORMULA[s] \circ \mathcal{G}$, where $$t=Ω\left(\frac{n}{\sqrt{s}\cdot\log^2(s)\cdot R^{(2)}(\mathcal{G})}\right)^{1/2}.$$ In particular, this implies a nontrivial #SAT algorithm for $FORMULA[n^{1.99}]\circ LTF$. (4) The Minimum Circuit Size Problem is not in $FORMULA[n^{1.99}]\circ XOR$. On the algorithmic side, we show that $FORMULA[n^{1.99}] \circ XOR$ can be PAC-learned in time $2^{O(n/\log n)}$."
doi:10.4230/lipics.itcs.2022.6,anshu2020circuit,10.4230/lipics.itcs.2022.6,2011.02044,Circuit lower bounds for low-energy states of quantum code Hamiltonians,Anurag Anshu; Chinmay Nirkhe,2,2020,arXiv,arXiv,other,0,circuit-complexity; quantum-complexity,2,quant-ph; cs.CC,candidate,,,arxiv,arxiv:circuit lower bound,0,2026-08-10,http://arxiv.org/abs/2011.02044v5,https://arxiv.org/pdf/2011.02044v5,"The No Low-energy Trivial States (NLTS) conjecture of Freedman and Hastings, 2014 -- which posits the existence of a local Hamiltonian with a super-constant quantum circuit lower bound on the complexity of all low-energy states -- identifies a fundamental obstacle to the resolution of the quantum PCP conjecture. In this work, we provide new techniques, based on entropic and local indistinguishability arguments, that prove circuit lower bounds for all the low-energy states of local Hamiltonians arising from quantum error-correcting codes. For local Hamiltonians arising from nearly linear-rate or nearly linear-distance LDPC stabilizer codes, we prove super-constant circuit lower bounds for the complexity of all states of energy o(n). Such codes are known to exist and are not necessarily locally testable, a property previously suspected to be essential for the NLTS conjecture. Curiously, such codes can also be constructed on a two-dimensional lattice, showing that low-depth states cannot accurately approximate the ground-energy even in physically relevant systems."
arxiv:2012.14095,pich2020learning,10.1007/s00037-024-00261-4,2012.14095,Learning algorithms from circuit lower bounds,Ján Pich,1,2020,computational complexity,CC,target,0,circuit-complexity; derandomization; meta-complexity; proof-complexity,4,cs.CC; cs.CR; cs.LG; cs.LO,candidate,,,arxiv; crossref,arxiv:circuit lower bound,0,2026-08-10,http://arxiv.org/abs/2012.14095v1,https://arxiv.org/pdf/2012.14095v1,"We revisit known constructions of efficient learning algorithms from various notions of constructive circuit lower bounds such as distinguishers breaking pseudorandom generators or efficient witnessing algorithms which find errors of small circuits attempting to compute hard functions. As our main result we prove that if it is possible to find efficiently, in a particular interactive way, errors of many p-size circuits attempting to solve hard problems, then p-size circuits can be PAC learned over the uniform distribution with membership queries by circuits of subexponential size. The opposite implication holds as well. This provides a new characterisation of learning algorithms and extends the natural proofs barrier of Razborov and Rudich. The proof is based on a method of exploiting Nisan-Wigderson generators introduced by Krajíček (2010) and used to analyze complexity of circuit lower bounds in bounded arithmetic. An interesting consequence of known constructions of learning algorithms from circuit lower bounds is a learning speedup of Oliveira and Santhanam (2016). We present an alternative proof of this phenomenon and discuss its potential to advance the program of hardness magnification."
arxiv:2007.12048,modanese2020lower,10.1007/978-3-030-79416-3_18,2007.12048,Lower Bounds and Hardness Magnification for Sublinear-Time Shrinking Cellular Automata,Augusto Modanese,1,2020,Computer Science – Theory and Applications,CSR,other,0,circuit-complexity; meta-complexity,2,cs.CC; cs.FL,candidate,,,arxiv; crossref,arxiv:minimum circuit size problem,0,2026-08-10,http://arxiv.org/abs/2007.12048v3,https://arxiv.org/pdf/2007.12048v3,"The minimum circuit size problem (MCSP) is a string compression problem with a parameter $s$ in which, given the truth table of a Boolean function over inputs of length $n$, one must answer whether it can be computed by a Boolean circuit of size at most $s(n) \ge n$. Recently, McKay, Murray, and Williams (STOC, 2019) proved a hardness magnification result for MCSP involving (one-pass) streaming algorithms: For any reasonable $s$, if there is no $\mathsf{poly}(s(n))$-space streaming algorithm with $\mathsf{poly}(s(n))$ update time for $\mathsf{MCSP}[s]$, then $\mathsf{P} \neq \mathsf{NP}$. We prove an analogous result for the (provably) strictly less capable model of shrinking cellular automata (SCAs), which are cellular automata whose cells can spontaneously delete themselves. We show every language accepted by an SCA can also be accepted by a streaming algorithm of similar complexity, and we identify two different aspects in which SCAs are more restricted than streaming algorithms. We also show there is a language which cannot be accepted by any SCA in $o(n / \log n)$ time, even though it admits an $O(\log n)$-space streaming algorithm with $O(\log n)$ update time."
arxiv:2012.01920,arunachalam2020quantum,10.1109/focs52979.2021.00062,2012.01920,Quantum learning algorithms imply circuit lower bounds,Srinivasan Arunachalam; Alex B. Grilo; Tom Gur; Igor C. Oliveira; Aarthi Sundaram,5,2020,2021 IEEE 62nd Annual Symposium on Foundations of Computer Science (FOCS),FOCS,target,0,circuit-complexity; derandomization; quantum-complexity,3,quant-ph; cs.CC; cs.LG,candidate,,,arxiv; crossref,arxiv:circuit lower bound,0,2026-08-10,http://arxiv.org/abs/2012.01920v2,https://arxiv.org/pdf/2012.01920v2,"We establish the first general connection between the design of quantum algorithms and circuit lower bounds. Specifically, let $\mathfrak{C}$ be a class of polynomial-size concepts, and suppose that $\mathfrak{C}$ can be PAC-learned with membership queries under the uniform distribution with error $1/2 - γ$ by a time $T$ quantum algorithm. We prove that if $γ^2 \cdot T \ll 2^n/n$, then $\mathsf{BQE} \nsubseteq \mathfrak{C}$, where $\mathsf{BQE} = \mathsf{BQTIME}[2^{O(n)}]$ is an exponential-time analogue of $\mathsf{BQP}$. This result is optimal in both $γ$ and $T$, since it is not hard to learn any class $\mathfrak{C}$ of functions in (classical) time $T = 2^n$ (with no error), or in quantum time $T = \mathsf{poly}(n)$ with error at most $1/2 - Ω(2^{-n/2})$ via Fourier sampling. In other words, even a marginal improvement on these generic learning algorithms would lead to major consequences in complexity theory. Our proof builds on several works in learning theory, pseudorandomness, and computational complexity, and crucially, on a connection between non-trivial classical learning algorithms and circuit lower bounds established by Oliveira and Santhanam (CCC 2017). Extending their approach to quantum learning algorithms turns out to create significant challenges. To achieve that, we show among other results how pseudorandom generators imply learning-to-lower-bound connections in a generic fashion, construct the first conditional pseudorandom generator secure against uniform quantum computations, and extend the local list-decoding algorithm of Impagliazzo, Jaiswal, Kabanets and Wigderson (SICOMP 2010) to quantum circuits via a delicate analysis. We believe that these contributions are of independent interest and might find other applications."
arxiv:1911.00722,sima2019solution,,1911.00722,A Solution of the P versus NP Problem based on specific property of clique function,Boyu Sima,1,2019,arXiv,arXiv,other,0,circuit-complexity,1,cs.CC,candidate,,,arxiv,arxiv:circuit lower bound,0,2026-08-10,http://arxiv.org/abs/1911.00722v2,https://arxiv.org/pdf/1911.00722v2,"Circuit lower bounds are important since it is believed that a super-polynomial circuit lower bound for a problem in NP implies that P!=NP. Razborov has proved superpolynomial lower bounds for monotone circuits by using method of approximation. By extending this approach, researchers have proved exponential lower bounds for the monotone network complexity of several different functions. But until now, no one could prove a non-linear lower bound for the non-monotone complexity of any Boolean function in NP. While we show that in this paper by replacement of each Not gates into constant 1 equivalently in standard circuit for clique problem, it can be proved that non-monotone network has the same or higher lower bound compared to the monotone one for computing the clique function. This indicates that the non-monotone network complexity of the clique function is super-polynomial which implies that P!=NP."
doi:10.23638/lmcs-16(2:12)2020,bydzovsky2019consistency,10.23638/lmcs-16(2:12)2020,1905.12935,Consistency of circuit lower bounds with bounded theories,Jan Bydzovsky; Jan Krajicek; Igor C. Oliveira,3,2019,"Logical Methods in Computer Science, Volume 16, Issue 2 (June 18, 2020) lmcs:5578",LMCS,other,0,circuit-complexity; hardness-of-approximation,2,cs.CC; math.LO,candidate,,,arxiv,arxiv:circuit lower bound,0,2026-08-10,http://arxiv.org/abs/1905.12935v4,https://arxiv.org/pdf/1905.12935v4,"Proving that there are problems in $\mathsf{P}^\mathsf{NP}$ that require boolean circuits of super-linear size is a major frontier in complexity theory. While such lower bounds are known for larger complexity classes, existing results only show that the corresponding problems are hard on infinitely many input lengths. For instance, proving almost-everywhere circuit lower bounds is open even for problems in $\mathsf{MAEXP}$. Giving the notorious difficulty of proving lower bounds that hold for all large input lengths, we ask the following question: Can we show that a large set of techniques cannot prove that $\mathsf{NP}$ is easy infinitely often? Motivated by this and related questions about the interaction between mathematical proofs and computations, we investigate circuit complexity from the perspective of logic. Among other results, we prove that for any parameter $k \geq 1$ it is consistent with theory $T$ that computational class ${\mathcal C} \not \subseteq \textit{i.o.}\mathrm{SIZE}(n^k)$, where $(T, \mathcal{C})$ is one of the pairs: $T = \mathsf{T}^1_2$ and ${\mathcal C} = \mathsf{P}^\mathsf{NP}$, $T = \mathsf{S}^1_2$ and ${\mathcal C} = \mathsf{NP}$, $T = \mathsf{PV}$ and ${\mathcal C} = \mathsf{P}$. In other words, these theories cannot establish infinitely often circuit upper bounds for the corresponding problems. This is of interest because the weaker theory $\mathsf{PV}$ already formalizes sophisticated arguments, such as a proof of the PCP Theorem. These consistency statements are unconditional and improve on earlier theorems of [KO17] and [BM18] on the consistency of lower bounds with $\mathsf{PV}$."
doi:10.1109/focs.2019.00077,,10.1109/focs.2019.00077,,Hardness Magnification for all Sparse NP Languages,Lijie Chen; Ce Jin; R. Ryan Williams,3,2019,2019 IEEE 60th Annual Symposium on Foundations of Computer Science (FOCS),FOCS,target,21,meta-complexity,1,,candidate,,,crossref,snowball:backward:kabanets2020algorithms,1,2026-08-10,https://doi.org/10.1109/focs.2019.00077,,
doi:10.1002/rsa.20786,,10.1002/rsa.20786,,On polynomial approximations to AC,Prahladh Harsha; Srikanth Srinivasan,2,2018,Random Structures &amp; Algorithms,,unknown,7,derandomization,1,,candidate,,,crossref,snowball:backward:kabanets2020algorithms,1,2026-08-10,https://doi.org/10.1002/rsa.20786,https://api.wiley.com/onlinelibrary/tdm/v1/articles/10.1002%2Frsa.20786,"Classical approximation results show that any circuit of size and depth has an ‐error probabilistic polynomial over the reals of degree . We improve this upper bound to , which is much better for small values of . We then use this result to show that ‐wise independence fools circuits of size and depth up to error at most , improving on Tal's strengthening of Braverman's result that ‐wise independence suffices. To our knowledge, this is the first PRG construction for that achieves optimal dependence on the error . We also prove lower bounds on the best polynomial approximations to . We show that any polynomial approximating the function on bits to a small constant error must have degree at least . This result improves exponentially on a result of Meka, Nguyen, and Vu ( Theory Comput . 2016)."
doi:10.1007/s00037-018-0166-6,,10.1007/s00037-018-0166-6,,The Landscape of Communication Complexity Classes,Mika Göös; Toniann Pitassi; Thomas Watson,3,2018,computational complexity,CC,target,23,communication-complexity,1,,candidate,,,crossref,snowball:backward:kabanets2020algorithms,1,2026-08-10,https://doi.org/10.1007/s00037-018-0166-6,http://link.springer.com/content/pdf/10.1007/s00037-018-0166-6.pdf,
doi:10.1109/focs.2017.12,,10.1109/focs.2017.12,1706.06407,Distributed PCP Theorems for Hardness of Approximation in P,Amir Abboud; Aviad Rubinstein; Ryan Williams,3,2017,2017 IEEE 58th Annual Symposium on Foundations of Computer Science (FOCS),FOCS,target,27,fine-grained; hardness-of-approximation; interactive-proofs; query-complexity,4,,candidate,,,crossref; arxiv,snowball:backward:kabanets2020algorithms,1,2026-08-10,https://doi.org/10.1109/focs.2017.12,https://arxiv.org/pdf/1706.06407v2,"We present a new distributed model of probabilistically checkable proofs (PCP). A satisfying assignment $x \in \{0,1\}^n$ to a CNF formula $\varphi$ is shared between two parties, where Alice knows $x_1, \dots, x_{n/2}$, Bob knows $x_{n/2+1},\dots,x_n$, and both parties know $\varphi$. The goal is to have Alice and Bob jointly write a PCP that $x$ satisfies $\varphi$, while exchanging little or no information. Unfortunately, this model as-is does not allow for nontrivial query complexity. Instead, we focus on a non-deterministic variant, where the players are helped by Merlin, a third party who knows all of $x$. Using our framework, we obtain, for the first time, PCP-like reductions from the Strong Exponential Time Hypothesis (SETH) to approximation problems in P. In particular, under SETH we show that there are no truly-subquadratic approximation algorithms for Bichromatic Maximum Inner Product over {0,1}-vectors, Bichromatic LCS Closest Pair over permutations, Approximate Regular Expression Matching, and Diameter in Product Metric. All our inapproximability factors are nearly-tight. In particular, for the first two problems we obtain nearly-polynomial factors of $2^{(\log n)^{1-o(1)}}$; only $(1+o(1))$-factor lower bounds (under SETH) were known before."
doi:10.1145/3055399.3055472,,10.1145/3055399.3055472,,Formula lower bounds via the quantum method,Avishay Tal,1,2017,STOC '17: Symposium on Theory of Computing,STOC,target,12,circuit-complexity,1,,candidate,,,crossref,snowball:backward:kabanets2020algorithms,1,2026-08-10,https://doi.org/10.1145/3055399.3055472,https://dl.acm.org/doi/pdf/10.1145/3055399.3055472,
arxiv:1710.09806,allender2017minimum,10.1137/17m1157970,1710.09806,"Minimum Circuit Size, Graph Isomorphism, and Related Problems",Eric Allender; Joshua A. Grochow; Dieter van Melkebeek; Cristopher Moore; Andrew Morgan,5,2017,SIAM Journal on Computing,SICOMP,target,0,circuit-complexity; derandomization; interactive-proofs; meta-complexity,4,cs.CC,candidate,,,arxiv; crossref,arxiv:minimum circuit size problem,0,2026-08-10,http://arxiv.org/abs/1710.09806v1,https://arxiv.org/pdf/1710.09806v1,"We study the computational power of deciding whether a given truth-table can be described by a circuit of a given size (the Minimum Circuit Size Problem, or MCSP for short), and of the variant denoted as MKTP where circuit size is replaced by a polynomially-related Kolmogorov measure. All prior reductions from supposedly-intractable problems to MCSP / MKTP hinged on the power of MCSP / MKTP to distinguish random distributions from distributions produced by hardness-based pseudorandom generator constructions. We develop a fundamentally different approach inspired by the well-known interactive proof system for the complement of Graph Isomorphism (GI). It yields a randomized reduction with zero-sided error from GI to MKTP. We generalize the result and show that GI can be replaced by any isomorphism problem for which the underlying group satisfies some elementary properties. Instantiations include Linear Code Equivalence, Permutation Group Conjugacy, and Matrix Subspace Conjugacy. Along the way we develop encodings of isomorphism classes that are efficiently decodable and achieve compression that is at or near the information-theoretic optimum; those encodings may be of independent interest."
arxiv:1701.05328,forbes2017succinct,10.1145/3055399.3055496,1701.05328,Succinct Hitting Sets and Barriers to Proving Algebraic Circuits Lower Bounds,Michael A. Forbes; Amir Shpilka; Ben Lee Volk,3,2017,STOC '17: Symposium on Theory of Computing,STOC,target,0,algebraic-complexity; circuit-complexity; derandomization; meta-complexity,4,cs.CC,candidate,,,arxiv; crossref,arxiv:circuit lower bound,0,2026-08-10,http://arxiv.org/abs/1701.05328v2,https://arxiv.org/pdf/1701.05328v2,"We formalize a framework of algebraically natural lower bounds for algebraic circuits. Just as with the natural proofs notion of Razborov and Rudich for boolean circuit lower bounds, our notion of algebraically natural lower bounds captures nearly all lower bound techniques known. However, unlike the boolean setting, there has been no concrete evidence demonstrating that this is a barrier to obtaining super-polynomial lower bounds for general algebraic circuits, as there is little understanding whether algebraic circuits are expressive enough to support ""cryptography"" secure against algebraic circuits. Following a similar result of Williams in the boolean setting, we show that the existence of an algebraic natural proofs barrier is equivalent to the existence of succinct derandomization of the polynomial identity testing problem. That is, whether the coefficient vectors of polylog(N)-degree polylog(N)-size circuits is a hitting set for the class of poly(N)-degree poly(N)-size circuits. Further, we give an explicit universal construction showing that if such a succinct hitting set exists, then our universal construction suffices. Further, we assess the existing literature constructing hitting sets for restricted classes of algebraic circuits and observe that none of them are succinct as given. Yet, we show how to modify some of these constructions to obtain succinct hitting sets. This constitutes the first evidence supporting the existence of an algebraic natural proofs barrier. Our framework is similar to the Geometric Complexity Theory (GCT) program of Mulmuley and Sohoni, except that here we emphasize constructiveness of the proofs while the GCT program emphasizes symmetry. Nevertheless, our succinct hitting sets have relevance to the GCT program as they imply lower bounds for the complexity of the defining equations of polynomials computed by small circuits."
doi:10.1007/s00037-017-0159-x,,10.1007/s00037-017-0159-x,,Toward the KRW Composition Conjecture: Cubic Formula Lower Bounds via Communication Complexity,Irit Dinur; Or Meir,2,2017,computational complexity,CC,target,13,circuit-complexity; communication-complexity,2,,candidate,,,crossref,snowball:backward:kabanets2020algorithms,1,2026-08-10,https://doi.org/10.1007/s00037-017-0159-x,http://link.springer.com/content/pdf/10.1007/s00037-017-0159-x.pdf,
arxiv:1611.01190,oliveira2016conspiracies,,1611.01190,"Conspiracies between Learning Algorithms, Circuit Lower Bounds and Pseudorandomness",Igor C. Oliveira; Rahul Santhanam,2,2016,arXiv,arXiv,other,0,circuit-complexity; meta-complexity; structural,3,cs.CC; cs.CR; cs.DS; cs.LG,candidate,,,arxiv,arxiv:circuit lower bound; arxiv:minimum circuit size problem,0,2026-08-10,http://arxiv.org/abs/1611.01190v1,https://arxiv.org/pdf/1611.01190v1,"We prove several results giving new and stronger connections between learning, circuit lower bounds and pseudorandomness. Among other results, we show a generic learning speedup lemma, equivalences between various learning models in the exponential time and subexponential time regimes, a dichotomy between learning and pseudorandomness, consequences of non-trivial learning for circuit lower bounds, Karp-Lipton theorems for probabilistic exponential time, and NC$^1$-hardness for the Minimum Circuit Size Problem."
arxiv:1611.01706,bakali2016self,,1611.01706,"Self-reducible with easy decision version counting problems admit additive error approximation. Connections to counting complexity, exponential time complexity, and circuit lower bounds",Eleni Bakali,1,2016,arXiv,arXiv,other,0,circuit-complexity; counting-complexity; derandomization; structural,4,cs.CC; cs.DS,candidate,,,arxiv,arxiv:circuit lower bound,0,2026-08-10,http://arxiv.org/abs/1611.01706v1,https://arxiv.org/pdf/1611.01706v1,"We consider the class of counting problems,i.e. functions in $\#$P, which are self reducible, and have easy decision version, i.e. for every input it is easy to decide if the value of the function $f(x)$ is zero. For example, $\#$independent-sets of all sizes, is such a problem, and one of the hardest of this class, since it is equivalent to $\#$SAT under multiplicative approximation preserving reductions. Using these two powerful properties, self reducibility and easy decision, we prove that all problems/ functions $f$ in this class can be approximated in probabilistic polynomial time within an absolute exponential error $ε\cdot 2^{n'}, \forallε>0$, which for many of those problems (when $n'=n+$constant) implies additive approximation to the fraction $f(x)/2^n$. (Where $n'$ is the amount of non-determinism of some associated NPTM). Moreover we show that for all these problems we can have multiplicative error to the value $f(x)$, of any desired accuracy (i.e. a RAS), in time of order $2^{2n'/3}poly(n)$, which is strictly smaller than exhaustive search. We also show that $f(x)<g(x)$ can be decided deterministically in time $g(x)poly(n), \forall g$. Finally we show that the Circuit Acceptance Probability Problem, which is related to derandomization and circuit lower bounds, can be solved with high probability and in polynomial time, for the family of all circuits for which the problems of counting either satisfying or unsatisfying assignments belong to TotP (which is the Karp-closure of self reducible problems with easy decision version)."
doi:10.1109/focs.2015.67,,10.1109/focs.2015.67,1504.03398,An Average-Case Depth Hierarchy Theorem for Boolean Circuits,Benjamin Rossman; Rocco A. Servedio; Li-Yang Tan,3,2015,2015 IEEE 56th Annual Symposium on Foundations of Computer Science (FOCS),FOCS,target,19,circuit-complexity; structural,2,,candidate,,,crossref; arxiv,snowball:backward:parham2025quantum,1,2026-08-10,https://doi.org/10.1109/focs.2015.67,https://arxiv.org/pdf/1504.03398v1,"We prove an average-case depth hierarchy theorem for Boolean circuits over the standard basis of $\mathsf{AND}$, $\mathsf{OR}$, and $\mathsf{NOT}$ gates. Our hierarchy theorem says that for every $d \geq 2$, there is an explicit $n$-variable Boolean function $f$, computed by a linear-size depth-$d$ formula, which is such that any depth-$(d-1)$ circuit that agrees with $f$ on $(1/2 + o_n(1))$ fraction of all inputs must have size $\exp({n^{Ω(1/d)}}).$ This answers an open question posed by Håstad in his Ph.D. thesis. Our average-case depth hierarchy theorem implies that the polynomial hierarchy is infinite relative to a random oracle with probability 1, confirming a conjecture of Håstad, Cai, and Babai. We also use our result to show that there is no ""approximate converse"" to the results of Linial, Mansour, Nisan and Boppana on the total influence of small-depth circuits, thus answering a question posed by O'Donnell, Kalai, and Hatami. A key ingredient in our proof is a notion of \emph{random projections} which generalize random restrictions."
doi:10.1007/s00037-015-0100-0,,10.1007/s00037-015-0100-0,,Mining Circuit Lower Bound Proofs for Meta-Algorithms,Ruiwen Chen; Valentine Kabanets; Antonina Kolokolova; Ronen Shaltiel; David Zuckerman,5,2015,computational complexity,CC,target,19,circuit-complexity,1,,candidate,,,crossref,snowball:backward:kabanets2020algorithms,1,2026-08-10,https://doi.org/10.1007/s00037-015-0100-0,http://link.springer.com/content/pdf/10.1007/s00037-015-0100-0.pdf,
doi:10.1145/2559903,,10.1145/2559903,,Nonuniform ACC Circuit Lower Bounds,Ryan Williams,1,2014,Journal of the ACM,JACM,target,84,circuit-complexity,1,,candidate,,,crossref,snowball:backward:kabanets2020algorithms,1,2026-08-10,https://doi.org/10.1145/2559903,,"The class ACC consists of circuit families with constant depth over unbounded fan-in AND, OR, NOT, and MOD m gates, where m > 1 is an arbitrary constant. We prove the following. ---NEXP, the class of languages accepted in nondeterministic exponential time, does not have nonuniform ACC circuits of polynomial size. The size lower bound can be slightly strengthened to quasipolynomials and other less natural functions. ---E NP , the class of languages recognized in 2 O(n) time with an NP oracle, doesn’t have nonuniform ACC circuits of 2 n o(1) size. The lower bound gives an exponential size-depth tradeoff: for every d, m there is a δ > 0 such that E NP doesn’t have depth- d ACC circuits of size 2 n δ with MOD m gates. Previously, it was not known whether EXP NP had depth-3 polynomial-size circuits made out of only MOD 6 gates. The high-level strategy is to design faster algorithms for the circuit satisfiability problem over ACC circuits, then prove that such algorithms entail these lower bounds. The algorithms combine known properties of ACC with fast rectangular matrix multiplication and dynamic programming, while the second step requires a strengthening of the author’s prior work."
doi:10.1007/s00493-014-3078-3,,10.1007/s00493-014-3078-3,,The communication complexity of addition,Emanuele Viola,1,2014,Combinatorica,Combinatorica,other,21,communication-complexity,1,,candidate,,,crossref,snowball:backward:kabanets2020algorithms,1,2026-08-10,https://doi.org/10.1007/s00493-014-3078-3,http://link.springer.com/content/pdf/10.1007/s00493-014-3078-3.pdf,
arxiv:1309.0249,oliveira2013algorithms,,1309.0249,Algorithms versus Circuit Lower Bounds,Igor C. Oliveira,1,2013,arXiv,arXiv,other,0,circuit-complexity; derandomization,2,cs.CC; cs.DM; cs.DS,candidate,,,arxiv,arxiv:circuit lower bound,0,2026-08-10,http://arxiv.org/abs/1309.0249v1,https://arxiv.org/pdf/1309.0249v1,"Different techniques have been used to prove several transference theorems of the form ""nontrivial algorithms for a circuit class C yield circuit lower bounds against C"". In this survey we revisit many of these results. We discuss how circuit lower bounds can be obtained from derandomization, compression, learning, and satisfiability algorithms. We also cover the connection between circuit lower bounds and useful properties, a notion that turns out to be fundamental in the context of these transference theorems. Along the way, we obtain a few new results, simplify several proofs, and show connections involving different frameworks. We hope that our presentation will serve as a self-contained introduction for those interested in pursuing research in this area."
arxiv:1302.3308,kumar2013arithmetic,10.1007/978-3-642-39206-1_56,1302.3308,Arithmetic Circuit Lower Bounds via MaxRank,Mrinal Kumar; Gaurav Maheshwari; Jayalal Sarma M. N,3,2013,"Automata, Languages, and Programming",ICALP,target,0,algebraic-complexity; circuit-complexity,2,cs.CC,candidate,,,arxiv; crossref,arxiv:circuit lower bound,0,2026-08-10,http://arxiv.org/abs/1302.3308v1,https://arxiv.org/pdf/1302.3308v1,"We introduce the polynomial coefficient matrix and identify maximum rank of this matrix under variable substitution as a complexity measure for multivariate polynomials. We use our techniques to prove super-polynomial lower bounds against several classes of non-multilinear arithmetic circuits. In particular, we obtain the following results : As our main result, we prove that any homogeneous depth-3 circuit for computing the product of $d$ matrices of dimension $n \times n$ requires $Ω(n^{d-1}/2^d)$ size. This improves the lower bounds by Nisan and Wigderson(1995) when $d=ω(1)$. There is an explicit polynomial on $n$ variables and degree at most $\frac{n}{2}$ for which any depth-3 circuit $C$ of product dimension at most $\frac{n}{10}$ (dimension of the space of affine forms feeding into each product gate) requires size $2^{Ω(n)}$. This generalizes the lower bounds against diagonal circuits proved by Saxena(2007). Diagonal circuits are of product dimension 1. We prove a $n^{Ω(\log n)}$ lower bound on the size of product-sparse formulas. By definition, any multilinear formula is a product-sparse formula. Thus, our result extends the known super-polynomial lower bounds on the size of multilinear formulas by Raz(2006). We prove a $2^{Ω(n)}$ lower bound on the size of partitioned arithmetic branching programs. This result extends the known exponential lower bound on the size of ordered arithmetic branching programs given by Jansen(2008)."
doi:10.1145/2491533.2491549,,10.1145/2491533.2491549,,Guest column,Dorit Aharonov; Itai Arad; Thomas Vidick,3,2013,ACM SIGACT News,,unknown,79,hardness-of-approximation,1,,candidate,,,crossref,snowball:backward:parham2025quantum,1,2026-08-10,https://doi.org/10.1145/2491533.2491549,,"The classical PCP theorem is arguably the most important achievement of classical complexity theory in the past quarter century. In recent years, researchers in quantum computational complexity have tried to identify approaches and develop tools that address the question: does a quantum version of the PCP theorem hold? The story of this study starts with classical complexity and takes unexpected turns providing fascinating vistas on the foundations of quantum mechanics and multipartite entanglement, topology and the so-called phenomenon of topological order, quantum error correction, information theory, and much more; it raises questions that touch upon some of the most fundamental issues at the heart of our understanding of quantum mechanics. At this point, the jury is still out as to whether or not such a theorem holds. This survey aims to provide a snapshot of the status in this ongoing story, tailored to a general theory-of-CS audience."
doi:10.1017/cbo9780511804090,,10.1017/cbo9780511804090,,Computational Complexity,Sanjeev Arora; Boaz Barak,2,2009,,,unknown,1452,average-case; circuit-complexity; communication-complexity; derandomization; hardness-of-approximation; interactive-proofs; proof-complexity; space-complexity,8,,candidate,,,crossref,snowball:backward:li2023symmetric,1,2026-08-10,https://doi.org/10.1017/cbo9780511804090,,"This beginning graduate textbook describes both recent achievements and classical results of computational complexity theory. Requiring essentially no background apart from mathematical maturity, the book can be used as a reference for self-study for anyone interested in complexity, including physicists, mathematicians, and other scientists, as well as a textbook for a variety of courses and seminars. More than 300 exercises are included with a selected hint set. The book starts with a broad introduction to the field and progresses to advanced results. Contents include: definition of Turing machines and basic time and space complexity classes, probabilistic algorithms, interactive proofs, cryptography, quantum computation, lower bounds for concrete computational models (decision trees, communication complexity, constant depth, algebraic and monotone circuits, proof complexity), average-case complexity and hardness amplification, derandomization and pseudorandom constructions, and the PCP theorem."
doi:10.1109/focs.2009.55,,10.1109/focs.2009.55,0904.2759,Span Programs and Quantum Query Complexity: The General Adversary Bound Is Nearly Tight for Every Boolean Function,Ben W. Reichardt,1,2009,2009 IEEE 50th Annual Symposium on Foundations of Computer Science (FOCS),FOCS,target,49,quantum-complexity; query-complexity,2,,candidate,,,crossref; arxiv,snowball:backward:kabanets2020algorithms,1,2026-08-10,https://doi.org/10.1109/focs.2009.55,https://arxiv.org/pdf/0904.2759v1,"The general adversary bound is a semi-definite program (SDP) that lower-bounds the quantum query complexity of a function. We turn this lower bound into an upper bound, by giving a quantum walk algorithm based on the dual SDP that has query complexity at most the general adversary bound, up to a logarithmic factor. In more detail, the proof has two steps, each based on ""span programs,"" a certain linear-algebraic model of computation. First, we give an SDP that outputs for any boolean function a span program computing it that has optimal ""witness size."" The optimal witness size is shown to coincide with the general adversary lower bound. Second, we give a quantum algorithm for evaluating span programs with only a logarithmic query overhead on the witness size. The first result is motivated by a quantum algorithm for evaluating composed span programs. The algorithm is known to be optimal for evaluating a large class of formulas. The allowed gates include all constant-size functions for which there is an optimal span program. So far, good span programs have been found in an ad hoc manner, and the SDP automates this procedure. Surprisingly, the SDP's value equals the general adversary bound. A corollary is an optimal quantum algorithm for evaluating ""balanced"" formulas over any finite boolean gate set. The second result extends span programs' applicability beyond the formula evaluation problem. A strong universality result for span programs follows. A good quantum query algorithm for a problem implies a good span program, and vice versa. Although nearly tight, this equivalence is nontrivial. Span programs are a promising model for developing more quantum algorithms."
doi:10.1145/1754399.1754401,,10.1145/1754399.1754401,,Polylogarithmic independence fools AC 0 circuits,Mark Braverman,1,2008,Journal of the ACM,JACM,target,42,circuit-complexity,1,,candidate,,,crossref,snowball:backward:parham2025quantum,1,2026-08-10,https://doi.org/10.1145/1754399.1754401,,"We prove that poly-sized AC 0 circuits cannot distinguish a polylogarithmically independent distribution from the uniform one. This settles the 1990 conjecture by Linial and Nisan [1990]. The only prior progress on the problem was by Bazzi [2007], who showed that O (log 2 n )-independent distributions fool poly-size DNF formulas. [Razborov 2008] has later given a much simpler proof for Bazzi's theorem."
doi:10.1007/s00037-006-0212-7,,10.1007/s00037-006-0212-7,quant-ph/0501057,THE QUANTUM ADVERSARY METHOD AND CLASSICAL FORMULA SIZE LOWER BOUNDS,Sophie Laplante; Troy Lee; Mario Szegedy,3,2006,computational complexity,CC,target,25,circuit-complexity; quantum-complexity; query-complexity,3,,candidate,,,crossref; arxiv,snowball:backward:kabanets2020algorithms,1,2026-08-10,https://doi.org/10.1007/s00037-006-0212-7,https://link.springer.com/content/pdf/10.1007/s00037-006-0212-7.pdf,"We introduce two new complexity measures for Boolean functions, or more generally for functions of the form f:S->T. We call these measures sumPI and maxPI. The quantity sumPI has been emerging through a line of research on quantum query complexity lower bounds via the so-called quantum adversary method [Amb02, Amb03, BSS03, Zha04, LM04], culminating in [SS04] with the realization that these many different formulations are in fact equivalent. Given that sumPI turns out to be such a robust invariant of a function, we begin to investigate this quantity in its own right and see that it also has applications to classical complexity theory. As a surprising application we show that sumPI^2(f) is a lower bound on the formula size, and even, up to a constant multiplicative factor, the probabilistic formula size of f. We show that several formula size lower bounds in the literature, specifically Khrapchenko and its extensions [Khr71, Kou93], including a key lemma of [Has98], are in fact special cases of our method. The second quantity we introduce, maxPI(f), is always at least as large as sumPI(f), and is derived from sumPI in such a way that maxPI^2(f) remains a lower bound on formula size. While sumPI(f) is always a lower bound on the quantum query complexity of f, this is not the case in general for maxPI(f). A strong advantage of sumPI(f) is that it has both primal and dual characterizations, and thus it is relatively easy to give both upper and lower bounds on the sumPI complexity of functions. To demonstrate this, we look at a few concrete examples, for three functions: recursive majority of three, a function defined by Ambainis, and the collision problem."
arxiv:quant-ph/0502070,nielsen2005geometric,10.26421/qic6.3-2,quant-ph/0502070,A geometric approach to quantum circuit lower bounds,Michael A. Nielsen,1,2005,Quantum Information and Computation,QIC,other,0,circuit-complexity; quantum-complexity,2,quant-ph,candidate,,,arxiv; crossref,arxiv:circuit lower bound,0,2026-08-10,http://arxiv.org/abs/quant-ph/0502070v1,https://arxiv.org/pdf/quant-ph/0502070v1,"What is the minimal size quantum circuit required to exactly implement a specified n-qubit unitary operation, U, without the use of ancilla qubits? We show that a lower bound on the minimal size is provided by the length of the minimal geodesic between U and the identity, I, where length is defined by a suitable Finsler metric on SU(2^n). The geodesic curves of such a metric have the striking property that once an initial position and velocity are set, the remainder of the geodesic is completely determined by a second order differential equation known as the geodesic equation. This is in contrast with the usual case in circuit design, either classical or quantum, where being given part of an optimal circuit does not obviously assist in the design of the rest of the circuit. Geodesic analysis thus offers a potentially powerful approach to the problem of proving quantum circuit lower bounds. In this paper we construct several Finsler metrics whose minimal length geodesics provide lower bounds on quantum circuit size, and give a procedure to compute the corresponding geodesic equation. We also construct a large class of solutions to the geodesic equation, which we call Pauli geodesics, since they arise from isometries generated by the Pauli group. For any unitary U diagonal in the computational basis, we show that: (a) provided the minimal length geodesic is unique, it must be a Pauli geodesic; (b) finding the length of the minimal Pauli geodesic passing from I to U is equivalent to solving an exponential size instance of the closest vector in a lattice problem (CVP); and (c) all but a doubly exponentially small fraction of such unitaries have minimal Pauli geodesics of exponential length."
doi:10.1016/j.ipl.2005.03.009,,10.1016/j.ipl.2005.03.009,,Reviewing bounds on the circuit size of the hardest functions,Gudmund Skovbjerg Frandsen; Peter Bro Miltersen,2,2005,Information Processing Letters,,unknown,10,circuit-complexity,1,,candidate,,,crossref,snowball:backward:li2023symmetric,1,2026-08-10,https://doi.org/10.1016/j.ipl.2005.03.009,,
doi:10.1145/972639.972643,,10.1145/972639.972643,,Number-theoretic constructions of efficient pseudo-random functions,Moni Naor; Omer Reingold,2,2004,Journal of the ACM,JACM,target,271,circuit-complexity; interactive-proofs,2,,candidate,,,crossref,snowball:backward:parham2025quantum,1,2026-08-10,https://doi.org/10.1145/972639.972643,,"We describe efficient constructions for various cryptographic primitives in private-key as well as public-key cryptography. Our main results are two new constructions of pseudo-random functions. We prove the pseudo-randomness of one construction under the assumption that factoring (Blum integers) is hard while the other construction is pseudo-random if the decisional version of the Diffie--Hellman assumption holds. Computing the value of our functions at any given point involves two subset products. This is much more efficient than previous proposals. Furthermore, these functions have the advantage of being in TC 0 (the class of functions computable by constant depth circuits consisting of a polynomial number of threshold gates). This fact has several interesting applications. The simple algebraic structure of the functions implies additional features such as a zero-knowledge proof for statements of the form "" y = f s ( x )"" and "" y ≠ f s ( x )"" given a commitment to a key s of a pseudo-random function f s ."
doi:10.1145/502090.502097,,10.1145/502090.502097,,Quantum lower bounds by polynomials,Robert Beals; Harry Buhrman; Richard Cleve; Michele Mosca; Ronald de Wolf,5,2001,Journal of the ACM,JACM,target,326,query-complexity,1,,candidate,,,crossref,snowball:backward:kabanets2020algorithms,1,2026-08-10,https://doi.org/10.1145/502090.502097,,"We examine the number of queries to input variables that a quantum algorithm requires to compute Boolean functions on {0,1} N in the black-box model. We show that the exponential quantum speed-up obtained for partial functions (i.e., problems involving a promise on the input) by Deutsch and Jozsa, Simon, and Shor cannot be obtained for any total function: if a quantum algorithm computes some total Boolean function f with small error probability using T black-box queries, then there is a classical deterministic algorithm that computes f exactly with O ( Ts 6 ) queries. We also give asymptotically tight characterizations of T for all symmetric f in the exact, zero-error, and bounded-error settings. Finally, we give new precise bounds for AND, OR, and PARITY. Our results are a quantum extension of the so-called polynomial method, which has been successfully applied in classical complexity theory, and also a quantum extension of results by Nisan about a polynomial relationship between randomized and deterministic decision tree complexity."
doi:10.1145/258533.258590,,10.1145/258533.258590,,P = BPP if E requires exponential circuits,Russell Impagliazzo; Avi Wigderson,2,1997,the twenty-ninth annual ACM symposium,,unknown,342,derandomization,1,,candidate,,,crossref,snowball:backward:li2023symmetric,1,2026-08-10,https://doi.org/10.1145/258533.258590,,
doi:10.1137/s0097539794268315,,10.1137/s0097539794268315,,Computing Solutions Uniquely Collapses the Polynomial Hierarchy,Lane A. Hemaspaandra; Ashish V. Naik; Mitsunori Ogihara; Alan L. Selman,4,1996,SIAM Journal on Computing,SICOMP,target,46,structural,1,,candidate,,,crossref,snowball:backward:li2023symmetric,1,2026-08-10,https://doi.org/10.1137/s0097539794268315,,
doi:10.1145/195058.195134,,10.1145/195058.195134,,Natural proofs,Alexander A. Razborov; Steven Rudich,2,1994,the twenty-sixth annual ACM symposium,,unknown,48,meta-complexity,1,,candidate,,,crossref,snowball:backward:parham2025quantum,1,2026-08-10,https://doi.org/10.1145/195058.195134,,
doi:10.1145/174130.174138,,10.1145/174130.174138,,"Constant depth circuits, Fourier transform, and learnability",Nathan Linial; Yishay Mansour; Noam Nisan,3,1993,Journal of the ACM,JACM,target,344,circuit-complexity,1,,candidate,,,crossref,snowball:backward:parham2025quantum,1,2026-08-10,https://doi.org/10.1145/174130.174138,,
doi:10.1002/rsa.3240040203,,10.1002/rsa.3240040203,,Shrinkage of de Morgan formulae under restriction,Michael S. Paterson; Uri Zwick,2,1993,Random Structures &amp; Algorithms,,unknown,36,circuit-complexity,1,,candidate,,,crossref,snowball:backward:kabanets2020algorithms,1,2026-08-10,https://doi.org/10.1002/rsa.3240040203,,"It is shown that a random restriction leaving only a fraction ε of the input variables unassigned reduces the expected de Morgan formula size of the induced function by a factor of O ( E (5−√2)/2 ) = O (ε 1.63 ). (A de Morgan, or unate, formula is a formula over the basis {∧, ∨, ¬}.) This improves a long‐standing result of O (ε 1.5 ) by Subbotovskaya and a recent improvement to O (ε (21−√73)/8 ) = O (ε 1.55 ) by Nisan and Impagliazzo. The New exponent yields an increased lower bound of n (7−√3)/2− o (1) = Ω( n 2.63 ) for the de Morgan formula size of a function in P defined by Andreev. This is the largest formula size lower bound known, even for functions in NP. © 1993 John Wiley & Sons, Inc."
doi:10.1002/rsa.3240040202,,10.1002/rsa.3240040202,,The effect of random restrictions on formula size,Russell Impagliazzo; Noam Nisan,2,1993,Random Structures &amp; Algorithms,,unknown,34,circuit-complexity,1,,candidate,,,crossref,snowball:backward:kabanets2020algorithms,1,2026-08-10,https://doi.org/10.1002/rsa.3240040202,,"We consider the formula size complexity of boolean functions over the base consisting of ∧, ∨, and ¬ gates. In 1961 Subbotovskaya proved that, for any boolean function on n variables, setting all but a randomly chosen ε n variables to randomly chosen constants, reduces the expected complexity of the induced function by at least a factor. This fact was used by Subbotovskaya to derive a lower bound of Ω( n 1.5 ) for the formula size of the parity function, and more recently by Andreev who exhibited at lower bound of Ω C ( n 2.5 /log O (1) ( n )) for a function in P . We present the first improvement of Subbotovskaya's result, showing that the expected formual complexity of a function restricted as above is at most an O (ε γ ) franction of its original complexity, for magnified image This allows us to give an improved lower bound of Ω( n 2.556... ) for Andreev's function. At the time of discovery, this was the best formula lower bound known for any function in NP. © 1993 John Wiley & Sons, Inc."
doi:10.1016/0022-0000(92)90047-m,,10.1016/0022-0000(92)90047-m,,"Multiparty protocols, pseudorandom generators for logspace, and time-space trade-offs",László Babai; Noam Nisant; Márió Szegedy,3,1992,Journal of Computer and System Sciences,JCSS,other,139,derandomization; space-complexity,2,,candidate,,,crossref,snowball:backward:kabanets2020algorithms,1,2026-08-10,https://doi.org/10.1016/0022-0000(92)90047-m,,
doi:10.1145/28395.28404,,10.1145/28395.28404,,Algebraic methods in the theory of lower bounds for Boolean circuit complexity,R. Smolensky,1,1987,the nineteenth annual ACM conference,,unknown,369,circuit-complexity,1,,candidate,,,crossref,snowball:backward:parham2025quantum,1,2026-08-10,https://doi.org/10.1145/28395.28404,,
doi:10.1145/6490.6503,,10.1145/6490.6503,,How to construct random functions,Oded Goldreich; Shafi Goldwasser; Silvio Micali,3,1986,Journal of the ACM,JACM,target,1391,average-case; derandomization,2,,candidate,,,crossref,snowball:backward:li2023symmetric,1,2026-08-10,https://doi.org/10.1145/6490.6503,,"A constructive theory of randomness for functions, based on computational complexity, is developed, and a pseudorandom function generator is presented. This generator is a deterministic polynomial-time algorithm that transforms pairs ( g , r ), where g is any one-way function and r is a random k -bit string, to polynomial-time computable functions ƒ r : {1, ... , 2 k } → {1, ... , 2 k }. These ƒ r 's cannot be distinguished from random functions by any probabilistic polynomial-time algorithm that asks and receives the value of a function at arguments of its choice. The result has applications in cryptography, random constructions, and complexity theory."
doi:10.1016/s0019-9958(82)90382-5,,10.1016/s0019-9958(82)90382-5,,Circuit-size lower bounds and non-reducibility to sparse sets,R. Kannan,1,1982,Information and Control,,unknown,114,structural,1,,candidate,,,crossref,snowball:backward:li2023symmetric,1,2026-08-10,https://doi.org/10.1016/s0019-9958(82)90382-5,,
