task_id,type,example_id,arxiv_id,kind,categories,prompt,answer
0706.3265#1:bound-cloze:1,bound-cloze,0706.3265#1,0706.3265,lemma,communication-complexity; quantum-complexity,"For any N -level quantum state pmb ρ and any N × N generator matrices pmb λ _i 's, there exists an ([MASK]-1) -dimensional vector r =(r_i) such that pmb ρ can be written as pmb ρ = frac 1 N (pmb I + sqrt frac N(N-1) 2 Σ _ i=1 ^ N^2-1 r_i pmb λ _i ).",N^2
0706.3265#2:bound-cloze:2,bound-cloze,0706.3265#2,0706.3265,lemma,communication-complexity; quantum-complexity,"Let r= sqrt Σ _ i=1 ^ [MASK]-1 r_i^2 . Then, pmb ρ =frac 1 N (pmb I + sqrt frac N(N-1) 2 Σ _ i=1 ^ N^2-1 r_ipmb λ _i ) is a quantum state if and only if r ≤ sqrt frac 2 N(N-1) frac 1 |m( Σ _ i=1 ^ N^2-1 (frac r_i r )pmb λ _i)| , where m(pmb A ) denotes the minimum of eigenvalues of a matrix pmb A , and pmb λ _i 's are any generator matrices.",N^2
0706.3265#3:bound-cloze:3,bound-cloze,0706.3265#3,0706.3265,lemma,communication-complexity; quantum-complexity,"Let B ( R ^ [MASK]-1 ) be the set of Bloch vectors of all N -level quantum states. Let D_ r_s ( R ^ N^2-1 )={ r ∈ R ^ N^2-1 mid | r | ≤ frac 1 N-1 } (called the small ball), and D_ r_l ( R ^ N^2-1 )={ r ∈ R ^ N^2-1 mid | r | ≤ 1 } (called the large ball). Then, D_ r_s ( R ^ N^2-1 ) ⊆ B ( R ^ N^2-1 ) ⊆ D_ r_l ( R ^ N^2-1 ) .",N^2
0706.3265#5:bound-cloze:4,bound-cloze,0706.3265#5,0706.3265,lemma,communication-complexity; quantum-complexity,"For any POVM {pmb E ,pmb I -pmb E } over N -level quantum states and N × N generator matrices pmb λ _i 's, there exists an [MASK] -dimensional vector e =(e_i) such that pmb E can be written as pmb E = e_ N^2 pmb I + Σ _ i=1 ^ N^2-1 e_ipmb λ _i .",N^2
0706.3265#9:paper-subarea:1,paper-subarea,0706.3265#9,0706.3265,corollary,communication-complexity; quantum-complexity,"lceil n/4 rceil ≤ Q(IP_n) ≤ lceil (( log 3) n+2)/4 rceil .

[MASK]",communication-complexity; quantum-complexity
0706.3265#14:paper-subarea:2,paper-subarea,0706.3265#14,0706.3265,corollary,communication-complexity; quantum-complexity,"(2^ 2n -1,n,>1/2) -QRAC exists, but (2^ 2n ,n,>1/2) -QRAC does not exist. Moreover, (2^n-1,n,>1/2) -RAC exists, but (2^n,n,>1/2) -RAC does not exist.

[MASK]",communication-complexity; quantum-complexity
0706.3265#15:paper-subarea:3,paper-subarea,0706.3265#15,0706.3265,theorem,communication-complexity; quantum-complexity,"For any n ≥ 1 , there exists a (2^ 2n -1,n,p) -QRAC such that p ≥ frac 1 2 + frac 1 2 sqrt (2^n-1)(2^ 2n -1) .

[MASK]",communication-complexity; quantum-complexity
0706.3265#16:paper-subarea:4,paper-subarea,0706.3265#16,0706.3265,theorem,communication-complexity; quantum-complexity,"There exists a (2^n-1,n,p) -RAC such that p ≥ frac 1 2 + frac 1 2 (2^ n+1 -5) .

[MASK]",communication-complexity; quantum-complexity
0806.3982#1:paper-subarea:1,paper-subarea,0806.3982#1,0806.3982,theorem,interactive-proofs,"Let V be a polynomial time verifier that can exchange quantum messages with two computationally unbounded provers. The provers share no entanglement, but can freely communicate classically between them. Then for any L ∈ NEXP there is a two round protocol for the verifier and provers such that for any string x (completeness) If x ∈ L then there are two prover strategies such that V will accept x with probability 1. (soundness) If x ∉ L then for any two prover strategies the probability that V will accept x is at most c for some constant 0 < c < 1 . The communication between the verifier and the provers is is polynomial in the length of the input .

[MASK]",interactive-proofs
0808.2662#5:bound-cloze:1,bound-cloze,0808.2662#5,0808.2662,theorem,communication-complexity; query-complexity,"There exists a family of functions \[{G_i: {0, 1}^ 4^i → {0, 1} }_ i ∈ N quad such that \] G_i and overline G_i each have uDNF representations in which each clause has size at most s_i = 3^i ; D(G_i) ≥ frac 4^i + 2 3 = [MASK] , where γ = log _3 (4) > 1 .",Ω (s_i^ γ )
0808.2662#5:paper-subarea:1,paper-subarea,0808.2662#5,0808.2662,theorem,communication-complexity; query-complexity,"There exists a family of functions \[{G_i: {0, 1}^ 4^i → {0, 1} }_ i ∈ N quad such that \] G_i and overline G_i each have uDNF representations in which each clause has size at most s_i = 3^i ; D(G_i) ≥ frac 4^i + 2 3 = Ω (s_i^ γ ) , where γ = log _3 (4) > 1 .

[MASK]",communication-complexity; query-complexity
0808.2662#6:paper-subarea:2,paper-subarea,0808.2662#6,0808.2662,theorem,communication-complexity; query-complexity,"There exists a family of TUSPs {W_N ⊂ {0, 1, *}^ m(N) }_ N = 1 ^ ∞ on m(N) = O( poly (N)) input bits, and a constant α > 0 , such that D(W_N) ≥ s(W_N)^ 1+ α , while s(W_N) ≥ N .

[MASK]",communication-complexity; query-complexity
0808.2662#12:bound-cloze:2,bound-cloze,0808.2662#12,0808.2662,claim,communication-complexity; query-complexity,"For sufficiently large N > 0 , there exists a (lfloor s_[MASK] rfloor , D_N^2, lfloor frac 1 2 s_N^ 1 + α / 2 rfloor ) -wERF J .",N^ 1 + α / 2
0904.2759#1:bound-cloze:1,bound-cloze,0904.2759#1,0904.2759,theorem,quantum-complexity; query-complexity,"Fix a function f : {0,1}^n → {0,1} . For k ∈ bf N , define f^k : {0,1}^ n^k → {0,1} as follows: f^1 = f and f^k(x) = f (f^ k-1 (x_1, ... , x_ n^ k-1 ), ... , f^ k-1 (x_ n^k-n^ k-1 +1 , ... , x_ n^k ) ) for k > 1 . If span program P computes f , then Q(f^k) = [MASK] enspace , where Q(f^k) is the bounded-error quantum query complexity of f^k .",O( wsize ( P ) ^k)
0904.2759#1:paper-subarea:1,paper-subarea,0904.2759#1,0904.2759,theorem,quantum-complexity; query-complexity,"Fix a function f : {0,1}^n → {0,1} . For k ∈ bf N , define f^k : {0,1}^ n^k → {0,1} as follows: f^1 = f and f^k(x) = f (f^ k-1 (x_1, ... , x_ n^ k-1 ), ... , f^ k-1 (x_ n^k-n^ k-1 +1 , ... , x_ n^k ) ) for k > 1 . If span program P computes f , then Q(f^k) = O( wsize ( P ) ^k) enspace , where Q(f^k) is the bounded-error quantum query complexity of f^k .

[MASK]",quantum-complexity; query-complexity
0904.2759#4:paper-subarea:2,paper-subarea,0904.2759#4,0904.2759,theorem,quantum-complexity; query-complexity,"For any function f : {0,1}^n → {0,1} , the quantum query complexity of f satisfies Q(f) = Ω(ADVpm (f)) quad and quad Q(f) = O g(ADVpm (f) frac log ADVpm (f) log log ADVpm (f) g) enspace .

[MASK]",quantum-complexity; query-complexity
0904.2759#10:paper-subarea:3,paper-subarea,0904.2759#10,0904.2759,theorem,quantum-complexity; query-complexity,"For any function f : D → E , with D ⊆ C^n , the ε -bounded-error quantum query complexity of f is lower-bounded as Q_ε(f) & ≥ frac 1 - 2 sqrt ε(1-ε) 2 ADV (f) Q_ε(f) & ≥ frac 1 - 2 sqrt ε(1-ε) - 2 ε 2 ADVpm (f) enspace . In particular, Q(f) = Ω(ADVpm (f)) . Moreover, if D = {0,1} , then Q_ε(f) ≥ frac 1 - 2 sqrt ε(1-ε) 2 ADVpm (f) enspace .

[MASK]",quantum-complexity; query-complexity
0904.2759#13:paper-subarea:4,paper-subarea,0904.2759#13,0904.2759,theorem,quantum-complexity; query-complexity,"Consider a quantum query algorithm A that evaluates f: {0,1}^n → {0,1} , with bounded one-sided error on false inputs, using q queries. Then there exists a span program P computing f_P = f , with wsize ( P ) = O(q) enspace . In particular, inf _ P : f_P = f wsize ( P ) = O(Q^1(f)) .

[MASK]",quantum-complexity; query-complexity
0904.2759#19:bound-cloze:2,bound-cloze,0904.2759#19,0904.2759,definition,quantum-complexity; query-complexity,"The tensor-product-composed span program Q^ ⊗ is defined by: The inner product space is V^ ⊗ = V ⊗ otimes_ j ∈ [n], c ∈ B V^ jc . The target vector is |t^ ⊗ rangle = |trangle _V ⊗ otimes_ j ∈ [n], c ∈ B |[MASK] rangle _ V^ jc . The free input vectors are indexed by I_ free ^ ⊗ = I_ free sqcup sqcup_ j ∈ [n], c ∈ B (I_ jc × I_ free ^ jc ) with, for i ∈ I_ free ^ ⊗ , |v^ ⊗ _irangle = |v_irangle _V ⊗ otimes_ j ∈ [n], c ∈ B |t^ jc rangle _ V^ jc & if i ∈ I_ free |v_ i' rangle _V ⊗ |v_ i'' rangle _ V^ jc ⊗ otimes_ substack j' ∈ [n], c' ∈ B : (j',c') ≠ (j,c) |t^ j'c' rangle _ V^ j'c' & if i = (i', i'') ∈ I_ jc × I_ free ^ jc The other input vectors are indexed by I^ ⊗ _ kb = sqcup _ j ∈ [n], c ∈ B (I_ jc × I^ jc _ kb ) for k ∈ [m] , b ∈ B . For i ∈ I_ jc , i' ∈ I^ jc _ kb , let |v^ ⊗ _ ii' rangle = |v_irangle _V ⊗ |v_ i' rangle _ V^ jc ⊗ otimes_ substack j' ∈ [n], c' ∈ B : (j',c') ≠ (j,c) |t^ j'c' rangle _ V^ j'c' enspace .",t^ jc
0904.2759#20:bound-cloze:3,bound-cloze,0904.2759#20,0904.2759,definition,quantum-complexity; query-complexity,"The direct-sum-composed span program Q^ ⊕ is defined by: The inner product space is V^ ⊕ = V ⊕ oplus_ j ∈ [n], c ∈ B ( bf C ^ I_ jc ⊗ V^ jc ) . Any vector in V^ ⊕ can be uniquely expressed as |urangle _V + Σ _ i ∈ I smallsetminus I_ free |irangle ⊗ |u_irangle , where |urangle ∈ V and |u_irangle ∈ V^ varsigma (i) . The target vector is |t^ ⊕ rangle = |trangle _V . The free input vectors are indexed by I_ free ^ ⊕ = I sqcup sqcup_ j ∈ [n], c ∈ B (I_ jc × I_ free ^ jc ) with, for i ∈ I_ free ^ ⊕ , |v^ ⊕ _irangle = |v_irangle _V & if i ∈ I_ free |v_irangle _V - |irangle ⊗ |[MASK] rangle & if i ∈ I_ jc |i'rangle ⊗ |v_ i'' rangle & if i = (i', i'') ∈ I_ jc × I_ free ^ jc The other input vectors are indexed by I^ ⊕ _ kb = sqcup _ j ∈ [n], c ∈ B (I_ jc × I^ jc _ kb ) for k ∈ [m] , b ∈ B . For i ∈ I_ jc , i' ∈ I^ jc _ kb , let |v^ ⊕ _ ii' rangle = |irangle ⊗ |v_ i' rangle enspace .",t^ jc
0904.2759#21:bound-cloze:4,bound-cloze,0904.2759#21,0904.2759,definition,quantum-complexity; query-complexity,"The tensor-product-composed span program, reduced with respect to the basis { |lrangle : l ∈ [d] } , is Q^ r ⊗ , defined by: For l ∈ [d] , let Z_l = { (j, c) ∈ [n] × B : ∀ i ∈ I_ jc , lel|v_irangle = 0 } , and let π_l = Π _ (j,c) ∈ Z_l | |[MASK] rangle | . The inner product space of Q^ r ⊗ is V^ r ⊗ = oplus_ l ∈ [d] ( otimes_ (j,c) ∉ Z_l V^ jc ) . Any vector |vrangle ∈ V^ r ⊗ can be uniquely expressed as Σ _ l ∈ [d] |lrangle ⊗ |v_lrangle , where |v_lrangle ∈ otimes_ (j,c) ∉ Z_l V^ jc . The target vector is |t^ r ⊗ rangle = Σ _ l ∈ [d] lel|trangle |lrangle π_l ⊗ otimes_ (j,c) ∉ Z_l |t^ jc rangle _ V^ jc enspace . The free input vectors are indexed by I_ free ^ r ⊗ = I_ free ^ ⊗ = I_ free sqcup sqcup_ j ∈ [n], c ∈ B (I_ jc × I_ free ^ jc ) with, for i ∈ I_ free ^ r ⊗ , |v^ r ⊗ _irangle = Σ _ l ∈ [d] lel|v_irangle |lrangle π_l ⊗ otimes_ (j,c) ∉ Z_l |t^ jc rangle _ V^ jc & if i ∈ I_ free Σ _ l ∈ [d] lel|v_ i' rangle |lrangle π_l ⊗ |v_ i'' rangle _ V^ jc ⊗ otimes_ substack (j',c') ∉ Z_l : (j',c') ≠ (j,c) |t^ j'c' rangle _ V^ j'c' & if i = (i', i'') ∈ I_ jc × I_ free ^ jc The other input vectors are indexed by I^ r ⊗ _ kb = I^ ⊗ _ kb = sqcup _ j ∈ [n], c ∈ B (I_ jc × I^ jc _ kb ) for k ∈ [m] , b ∈ B . For i ∈ I_ jc , i' ∈ I^ jc _ kb , let |v^ r ⊗ _ ii' rangle = Σ _ l ∈ [d] lel|v_irangle |lrangle π_l ⊗ |v_ i' rangle _ V^ jc ⊗ otimes_ substack (j',c') ∉ Z_l : (j', c') ≠ (j,c) |t^ j'c' rangle _ V^ j'c' enspace .",t^ jc
0910.5765#1:bound-cloze:1,bound-cloze,0910.5765#1,0910.5765,theorem,hardness-of-approximation,"For all positive semidefinite matrices A ∈ R ^ m × m we have 1 ≥ frac SDP _n(A) SDP _ ∞ (A) ≥ γ(n) = frac 2 n (frac Γ((n+1)/2) Γ(n/2) )^2 = 1 - [MASK], and there is a randomized polynomial-time approximation algorithm for SDP _n achieving this ratio.",Θ(1/n)
0910.5765#1:paper-subarea:1,paper-subarea,0910.5765#1,0910.5765,theorem,hardness-of-approximation,"For all positive semidefinite matrices A ∈ R ^ m × m we have 1 ≥ frac SDP _n(A) SDP _ ∞ (A) ≥ γ(n) = frac 2 n (frac Γ((n+1)/2) Γ(n/2) )^2 = 1 - Θ(1/n), and there is a randomized polynomial-time approximation algorithm for SDP _n achieving this ratio.

[MASK]",hardness-of-approximation
0910.5765#3:paper-subarea:2,paper-subarea,0910.5765#3,0910.5765,theorem,hardness-of-approximation,"Under the assumption of the unique games conjecture there is no polynomial-time algorithm which approximates SDP _n with an approximation ratio greater than γ(n) + ε for any positive ε which is independent of the matrix size m .

[MASK]",hardness-of-approximation
1004.0411#1:bound-cloze:1,bound-cloze,1004.0411#1,1004.0411,lemma,interactive-proofs; quantum-complexity,"For any choice of ε > 0 , taking N ≥ [MASK] /ε^3 will guarantee that with probability at least 1 - ε , the estimate H satisfies lVert mspace 1mu ρ - Hmspace 1mu rVert _1 < ε .",2^ 10k
1004.0411#2:bound-cloze:2,bound-cloze,1004.0411#2,1004.0411,theorem,interactive-proofs; quantum-complexity,"(Finite quantum de Finetti theorem ) Suppose that ρ_ N+m is a symmetric state over registers ( Q _1, ... , Q _ N+m ) , and let ρ_N = Tr _ Q _ N+1 ... Q _ N+m (ρ_ N+m ) . Then there exist states ξ_j and probability vector p_j such that \[ lVert mspace 1mu ρ_N - Σ _ j p_j ξ_j^ ⊗ N mspace 1mu rVert _1 ≤ frac N N+m [MASK] . \]",2^ k+1
1004.0411#2:paper-subarea:1,paper-subarea,1004.0411#2,1004.0411,theorem,interactive-proofs; quantum-complexity,"(Finite quantum de Finetti theorem ) Suppose that ρ_ N+m is a symmetric state over registers ( Q _1, ... , Q _ N+m ) , and let ρ_N = Tr _ Q _ N+1 ... Q _ N+m (ρ_ N+m ) . Then there exist states ξ_j and probability vector p_j such that \[ lVert mspace 1mu ρ_N - Σ _ j p_j ξ_j^ ⊗ N mspace 1mu rVert _1 ≤ frac N N+m 2^ k+1 . \]

[MASK]",interactive-proofs; quantum-complexity
1004.0411#3:paper-subarea:2,paper-subarea,1004.0411#3,1004.0411,theorem,interactive-proofs; quantum-complexity,"Let a,b: N → (0,1) be polynomial-time computable functions such that a(n) - b(n) ≥ 1/p(n) for some polynomial p . Then up QIP ([ log , poly ],a,b) = up QMA .

[MASK]",interactive-proofs; quantum-complexity
1004.0411#4:paper-subarea:3,paper-subarea,1004.0411#4,1004.0411,theorem,interactive-proofs; quantum-complexity,"Let a,b: N → (0,1) be polynomial-time computable functions such that a(n) - b(n) ≥ 1/p(n) for some polynomial p . Then up QIP _ log (a,b) = up BQP .

[MASK]",interactive-proofs; quantum-complexity
1004.0411#5:paper-subarea:4,paper-subarea,1004.0411#5,1004.0411,theorem,interactive-proofs; quantum-complexity,"Let a,b: N → (0,1) be polynomial-time computable functions such that a(n) - b(n) ≥ 1/p(n) for some polynomial-bounded function p . Then up QAM ([ poly , log ],a,b) = up BQP .

[MASK]",interactive-proofs; quantum-complexity
1005.0644#1:paper-subarea:1,paper-subarea,1005.0644#1,1005.0644,theorem,communication-complexity; query-complexity,"Suppose f is a Boolean function and μ is a distribution over inputs to f , such that any T -query randomized algorithm has success probability at most (1 - ε) in computing f on an input from μ . Then for 0 < α ≤ 1 , any randomized algorithm making α ε T k queries has success probability at most (2^ α ε (1 - ε) )^k < (1 - ε + .84αε)^k in computing f^ ⊗ k correctly on k inputs drawn independently from μ .

[MASK]",communication-complexity; query-complexity
1005.0644#7:paper-subarea:2,paper-subarea,1005.0644#7,1005.0644,theorem,communication-complexity; query-complexity,"Let f be a Boolean function for which Suc _ T, μ (f) ≤ 1 - ε . Then for 0 < α ≤ 1 , Suc _ α ε T k, μ^ ⊗ k (f^ ⊗ k ) ≤ (2^ α ε (1 - ε))^k < (1 - ε + .84αε)^k .

[MASK]",communication-complexity; query-complexity
1005.0644#13:paper-subarea:3,paper-subarea,1005.0644#13,1005.0644,theorem,communication-complexity; query-complexity,"Fix a finite set B , and let P ⊆ {0, 1}^n × B be a total relation for which rm Suc _ T, μ ^ rel (P) ≤ 1 - ε it . Fixing any randomized algorithm R making queries to inputs x = ( x ^1, ... , x ^k) μ^ ⊗ k and producing output in B^k , define the (random) set \[S[ x ] \ := \ {j ∈ [k]: ( x ^j, R _j( x )) ∈ P}.\] Suppose R is α ε Tk -query-bounded for some α ∈ (0, 1] , and A is any monotone subset of P ([k]) . Then: Pr [S[ x ] ∈ A ] ≤ |B|^ α ε k · Pr [D ∈ A ] , where D ⊆ [k] is generated by independently including each j ∈ [k] in D with probability 1 - ε . Also, for D as above, Pr [S[ x ] ∈ A ] ≤ Pr [D ∈ N_ α ε k ( A )] .

[MASK]",communication-complexity; query-complexity
1005.0644#19:paper-subarea:4,paper-subarea,1005.0644#19,1005.0644,theorem,communication-complexity; query-complexity,"Suppose the search problem V satisfies Suc _ T, μ (V) ≤ 1 - ε . Then for any α ∈ (0, 1] and any monotone A ⊆ P ([k]) , \[ Suc _ α ε T k, μ^ ⊗ k (V^ k, A ) \ ≤ \ Pr [D ∈ N_ α ε k ( A )], \] where each j ∈ [k] is independently included in D with probability 1 - ε .

[MASK]",communication-complexity; query-complexity
1005.0644#27:bound-cloze:1,bound-cloze,1005.0644#27,1005.0644,theorem,communication-complexity; query-complexity,"Let f be a Boolean function. Suppose Suc _ T, μ ^ size (f) ≤ 1 - ε . Then for 0 < α ≤ 1 , Suc _ T^ α ε k , μ^ ⊗ k ^ size (f^ ⊗ k ) ≤ [MASK] (1 - ε)^k .",2^ α ε k
1009.5104#5:paper-subarea:1,paper-subarea,1009.5104#5,1009.5104,theorem,meta-complexity; structural,"[Sampling/Searching Equivalence Theorem] Let S \ be any sampling problem. \ Then there exists a search problem R_ S \ such that If O \ is any oracle for S , then R_ S ∈ FBPP ^ O . If B is any probabilistic Turing machine solving R_ S , then S ∈ SampP ^ B .

[MASK]",meta-complexity; structural
1009.5104#6:paper-subarea:2,paper-subarea,1009.5104#6,1009.5104,theorem,meta-complexity; structural,"FBPP = FBQP if and only if SampP = SampBQP . \ In other words, classical computers can efficiently solve every FBQP search problem, if and only if they can approximately sample the output distribution of every quantum circuit.

[MASK]",meta-complexity; structural
1009.5104#8:paper-subarea:3,paper-subarea,1009.5104#8,1009.5104,theorem,meta-complexity; structural,"[Aaronson and Arkhipov ] SampP = SampBQP implies vert sc GPE vert ^ 2 ∈ FBPP ^ NP .

[MASK]",meta-complexity; structural
1009.5104#10:paper-subarea:4,paper-subarea,1009.5104#10,1009.5104,corollary,meta-complexity; structural,"FBPP = FBQP \ implies vert sc GPE vert ^ 2 ∈ FBPP ^ NP . \ So in particular, assuming vert sc GPE vert ^ 2 \ is \#P -complete\ and PH \ is infinite, it follows that FBPP ≠ FBQP .

[MASK]",meta-complexity; structural
1009.5104#22:bound-cloze:1,bound-cloze,1009.5104#22,1009.5104,theorem,meta-complexity; structural,"Let S \ be any sampling problem, and let f be a time-constructible function. \ Then there exists a search problem R_ S = ( A_ x ) _ x \ such that If O \ is any oracle solving S , then R_ S ∈ FBPP ^ O . If B is any BPTIME ( f ( n ) ) Turing machine solving R_ S , then S ∈ SampP ^ B . There exists a SPACE ( f ( n ) +[MASK] ) \ algorithm to decide whether y ∈ A_ x , given x \ and y .",n^ O ( 1 )
1011.2787#3:paper-subarea:1,paper-subarea,1011.2787#3,1011.2787,theorem,interactive-proofs; quantum-complexity,"There is a parallel oracle-algorithm for Problem (Approximation of λ( A , P ) ) with run time bounded by a polynomial in k , 1/δ , and log (mn) . This algorithm is efficient if k,1/δ are promised to scale as a polynomial in log (mn) .

[MASK]",interactive-proofs; quantum-complexity
1011.2787#7:paper-subarea:2,paper-subarea,1011.2787#7,1011.2787,corollary,interactive-proofs; quantum-complexity,"\( QIP = PSPACE \) via direct polynomial-space simulation of multi-message quantum interactive proofs.

[MASK]",interactive-proofs; quantum-complexity
1011.2787#11:paper-subarea:3,paper-subarea,1011.2787#11,1011.2787,theorem,interactive-proofs; quantum-complexity,"For any ε>0 it holds that \( λ( A , P ) ≥ μ_ε( A , P ) > λ( A , P )-ε. \)

[MASK]",interactive-proofs; quantum-complexity
1102.2280#1:bound-cloze:1,bound-cloze,1102.2280#1,1102.2280,theorem,total-search,Finding a [MASK] -Nash equilibrium in 10 -sparse normalized bimatrix games with n strategies per player is a PPAD-complete problem.,O(n^ -6 )
1102.2280#1:paper-subarea:1,paper-subarea,1102.2280#1,1102.2280,theorem,total-search,"Finding a O(n^ -6 ) -Nash equilibrium in 10 -sparse normalized bimatrix games with n strategies per player is a PPAD-complete problem.

[MASK]",total-search
1102.2280#2:paper-subarea:2,paper-subarea,1102.2280#2,1102.2280,theorem,total-search,"For any k , there is a PTAS for the Nash equilibrium problem in k -sparse bimatrix games.

[MASK]",total-search
1102.2280#4:paper-subarea:3,paper-subarea,1102.2280#4,1102.2280,theorem,total-search,"For any δ ∈ (0, 1] , there is a randomized PTAS for normalized bimatrix games of δ -small probabilities.

[MASK]",total-search
1102.2280#8:paper-subarea:4,paper-subarea,1102.2280#8,1102.2280,theorem,total-search,"There is no oblivious PTAS for the Nash equilibrium in bimatrix games.

[MASK]",total-search
1102.2280#11:bound-cloze:2,bound-cloze,1102.2280#11,1102.2280,theorem,total-search,"For any constant c ≥ 0 , ε <1 , no oblivious ε -approximation algorithm for anonymous games with 2 strategies and 3 player types has probability of success larger than [MASK] · 2^ -Ω(1 / ε^ 1/3 ) .",n^ -c
1102.2280#13:bound-cloze:3,bound-cloze,1102.2280#13,1102.2280,theorem,total-search,"Let P :=(p_i )_ i=1 ^n ∈ (0,1/2]^n and Q :=(q_i)_ i=1 ^n ∈ (0,1/2]^n be two collections of probability values in (0,1/2] . Let also X :=(X_i)_ i=1 ^n and Y :=(Y_i)_ i=1 ^n be two collections of independent indicators with E [X_i]=p_i and E [Y_i]=q_i , for all i ∈ [n] . If for some d ∈ [n] the following condition is satisfied: (C_d): Σ _ i=1 ^n p_i^ ell = Σ _ i=1 ^n q_i^ ell , for all ell =1, ... ,d, then | | Σ _ i X_i ; Σ _ i Y_i | | ≤ 20(d+1)^ 1/4 [MASK] .",2^ -(d+1)/2
1102.2280#14:bound-cloze:4,bound-cloze,1102.2280#14,1102.2280,theorem,total-search,"sc Moment Search is a PTAS for n -player 2 -strategy anonymous games with running time U · rm poly (n) · (1/ε)^ [MASK] , where U is the number of bits required to represent a payoff value of the game. The algorithm generalizes to a constant number of player types with the number of types multiplying the exponent of the running time.",O( log ^2 (1/ε))
1110.1821#1:paper-subarea:1,paper-subarea,1110.1821#1,1110.1821,theorem,structural,"For any constant k > 2 , computing Ferm _k for the adjacency matrix of a planar graph is \#P-hard under Turing reductions.

[MASK]",structural
1110.1821#2:paper-subarea:2,paper-subarea,1110.1821#2,1110.1821,theorem,structural,"Computing Ferm _2 for the adjacency matrix of a planar graph is ⊕ P -hard.

[MASK]",structural
1110.1821#3:paper-subarea:3,paper-subarea,1110.1821#3,1110.1821,corollary,structural,"For any constant integer k , the problem of computing the immanant Imm _λ A as a function of A and λ is \#P-hard under Turing reductions if k ≥ 3 , and ⊕ P -hard if k=2 , even if λ is restricted to Young diagrams with width k or less.

[MASK]",structural
1110.1821#5:paper-subarea:4,paper-subarea,1110.1821#5,1110.1821,theorem,structural,"For any fixed z > 1 , computing j(G;z) from G is \#P -hard under Turing reductions.

[MASK]",structural
1204.1505#2:paper-subarea:1,paper-subarea,1204.1505#2,1204.1505,theorem,communication-complexity; quantum-complexity,"There exists a function f , s.t. for all ε ∈ (0, tfrac 1 2 ), Q(f,ε) = O( log ( IC (f,ε))) .

[MASK]",communication-complexity; quantum-complexity
1204.1505#4:paper-subarea:2,paper-subarea,1204.1505#4,1204.1505,corollary,communication-complexity; quantum-complexity,"For any ε, μ and any f : I → Z , if D^μ_ ε (f) = O( log bar prt ^μ_ ε (f)) , then for all δ > 0 and integers k , it holds that D^ μ^k _ε(f) ≥ Ω (k · δ^2 (D^μ_ ε+3δ (f) - log | Z |) - kδ) ) .

[MASK]",communication-complexity; quantum-complexity
1204.1505#14:bound-cloze:1,bound-cloze,1204.1505#14,1204.1505,claim,communication-complexity; quantum-complexity,"The probability of the above events are bounded as follows: The inputs rarely have large divergence: mathop Pr _ (X,Y) μ [B_D] ≤ δ/4 . For all (x, y) , the hash function rarely has a collision: mathop Pr _ r_ π' [B_C] ≤ frac δ 16 · [MASK] . For all (x, y) ∉ B_D , the probability of outputting something is not too small: mathop Pr _ r_ π' [H] ≥ (1-frac 11δ 16 )2^ -(k+Δ) . For all (x, y) the probability of outputting something is not too large: mathop Pr _ r_ π' [H] ≤ (1 + tfrac δ 16 )2^ -(k+Δ) . For all protocols π , input distributions μ and δ > 0 , the protocol π' in autoref alg:compressed satisfies: For all (x, y) ∉ B_D , let Π'_ x,y,H be the distribution of π'(x, y) conditioned on H (namely, on π'(x, y) ≠ bot ). Then | Π_ x,y - Π'_ x,y,H | ≤ 3δ / 4 .",2^ -(k+Δ)
1204.1505#16:bound-cloze:2,bound-cloze,1204.1505#16,1204.1505,lemma,communication-complexity; quantum-complexity,"There exist universal constants C and γ such that for any ε , \[bar prt _ε(widetilde VSP _ θ,n ) ≥ frac 1 C (0.8-2.8ε)exp (γ [MASK] ).\]",n^ 1/3
1204.1505#17:bound-cloze:3,bound-cloze,1204.1505#17,1204.1505,lemma,communication-complexity; quantum-complexity,"Let f= VSP _ 0,n , X and Y denote Alice and Bob's input sets for f , σ be the uniform distribution over X × Y and σ_b be the uniform distribution over f^ -1 (b) . There exist universal constants C and γ such that, for any rectangle R and any b ∈ {0, 1} , we have: σ_b(R ∩ f^ -1 (b)) ≥ 0.8σ(R)-Cexp (-γ [MASK] ).",n^ 1/3
1204.1505#19:paper-subarea:3,paper-subarea,1204.1505#19,1204.1505,theorem,communication-complexity; quantum-complexity,"For any function f with output set Z = {-1, 1} , and ε, δ, β>0 if a distribution on the inputs μ is such that μ(R) > β ⇒ μ(R ∩ f^ -1 (1))>δ μ(R ∩ f^ -1 (-1)) then 2^ R_ε(f) ≥ frac 1 β (μ(f^ -1 (-1)) - frac ε δ ).

[MASK]",communication-complexity; quantum-complexity
1204.1505#20:bound-cloze:4,bound-cloze,1204.1505#20,1204.1505,lemma,communication-complexity; quantum-complexity,"Let f denote the Gap Orthogonality Problem. For a small enough constant δ<1 and for the uniform distribution μ on inputs, and any rectangle R such that μ(R) > [MASK] , μ(R ∩ f^ -1 (1))>δ μ(R) . Furthermore, μ(f^ -1 (-1))=Θ(1) .",2^ -δ n
1205.4484#1:bound-cloze:1,bound-cloze,1205.4484#1,1205.4484,theorem,hardness-of-approximation; proof-complexity,"let MYoldlabel let newcommand #1 MYoldlabel thm:subexp For every 1<c<C , there is a poly (n)exp ([MASK] ) -time algorithm that computes a (c,C) -approximation for the 2 → q norm of any linear operator whose range is varmathbb R^n . global expandafter def csname MYMEMORY #1 endcsname For every 1<c<C , there is a poly (n)exp (n^ 2/q ) -time algorithm that computes a (c,C) -approximation for the 2 → q norm of any linear operator whose range is varmathbb R^n . let MYoldlabel",n^ 2/q
1205.4484#1:paper-subarea:1,paper-subarea,1205.4484#1,1205.4484,theorem,hardness-of-approximation; proof-complexity,"let MYoldlabel let newcommand #1 MYoldlabel thm:subexp For every 1<c<C , there is a poly (n)exp (n^ 2/q ) -time algorithm that computes a (c,C) -approximation for the 2 → q norm of any linear operator whose range is varmathbb R^n . global expandafter def csname MYMEMORY #1 endcsname For every 1<c<C , there is a poly (n)exp (n^ 2/q ) -time algorithm that computes a (c,C) -approximation for the 2 → q norm of any linear operator whose range is varmathbb R^n . let MYoldlabel

[MASK]",hardness-of-approximation; proof-complexity
1205.4484#3:bound-cloze:2,bound-cloze,1205.4484#3,1205.4484,theorem,hardness-of-approximation; proof-complexity,"let MYoldlabel let newcommand #1 MYoldlabel thm:BCY Let up sf Tensor-SDP xspace ^ (d) denote the n^ [MASK] -time algorithm by extending up sf Tensor-SDP xspace to d rounds of the Sum-of-Squares hierarchy. Then for all ε , there is d=O( log (n)/ε^2) such that \[ |A|_ 2 → 4 ^4 leqslant up sf Tensor-SDP xspace ^ (d) (A) leqslant |A|_ 2 → 4 ^4 + ε|A|_ 2 → 2 ^2 |A|_ 2 → ∞ ^2 . \] global expandafter def csname MYMEMORY #1 endcsname Let up sf Tensor-SDP xspace ^ (d) denote the n^ O(d) -time algorithm by extending up sf Tensor-SDP xspace to d rounds of the Sum-of-Squares hierarchy. Then for all ε , there is d=O( log (n)/ε^2) such that \[ |A|_ 2 → 4 ^4 leqslant up sf Tensor-SDP xspace ^ (d) (A) leqslant |A|_ 2 → 4 ^4 + ε|A|_ 2 → 2 ^2 |A|_ 2 → ∞ ^2 . \] let MYoldlabel",O(d)
1205.4484#3:paper-subarea:2,paper-subarea,1205.4484#3,1205.4484,theorem,hardness-of-approximation; proof-complexity,"let MYoldlabel let newcommand #1 MYoldlabel thm:BCY Let up sf Tensor-SDP xspace ^ (d) denote the n^ O(d) -time algorithm by extending up sf Tensor-SDP xspace to d rounds of the Sum-of-Squares hierarchy. Then for all ε , there is d=O( log (n)/ε^2) such that \[ |A|_ 2 → 4 ^4 leqslant up sf Tensor-SDP xspace ^ (d) (A) leqslant |A|_ 2 → 4 ^4 + ε|A|_ 2 → 2 ^2 |A|_ 2 → ∞ ^2 . \] global expandafter def csname MYMEMORY #1 endcsname Let up sf Tensor-SDP xspace ^ (d) denote the n^ O(d) -time algorithm by extending up sf Tensor-SDP xspace to d rounds of the Sum-of-Squares hierarchy. Then for all ε , there is d=O( log (n)/ε^2) such that \[ |A|_ 2 → 4 ^4 leqslant up sf Tensor-SDP xspace ^ (d) (A) leqslant |A|_ 2 → 4 ^4 + ε|A|_ 2 → 2 ^2 |A|_ 2 → ∞ ^2 . \] let MYoldlabel

[MASK]",hardness-of-approximation; proof-complexity
1205.4484#4:paper-subarea:3,paper-subarea,1205.4484#4,1205.4484,theorem,hardness-of-approximation; proof-complexity,"let MYoldlabel let newcommand #1 MYoldlabel thm:sse-hyper For every regular graph G , λ >0 and even q , (Norm bound implies expansion) For all δ>0 ,ε>0 , Vert P_ geqslant λ (G) Vert _ 2 → q leqslant ε/δ^ (q-2)/2q implies that Φ_G(δ) geqslant 1-λ - ε^2 . (Expansion implies norm bound) There are constants c_1, c_2 > 0 such that for all δ>0 , Φ_G(δ) > 1 - c_1λ^ 2q 2^ - c_2q implies Vert P_ geqslant λ (G) Vert _ 2 → q leqslant 2/ sqrt δ . global expandafter def csname MYMEMORY #1 endcsname For every regular graph G , λ >0 and even q , (Norm bound implies expansion) For all δ>0 ,ε>0 , Vert P_ geqslant λ (G) Vert _ 2 → q leqslant ε/δ^ (q-2)/2q implies that Φ_G(δ) geqslant 1-λ - ε^2 . (Expansion implies norm bound) There are constants c_1, c_2 > 0 such that for all δ>0 , Φ_G(δ) > 1 - c_1λ^ 2q 2^ - c_2q implies Vert P_ geqslant λ (G) Vert _ 2 → q leqslant 2/ sqrt δ . let MYoldlabel

[MASK]",hardness-of-approximation; proof-complexity
1205.4484#6:paper-subarea:4,paper-subarea,1205.4484#6,1205.4484,theorem,hardness-of-approximation; proof-complexity,"(Informal) Eight rounds of the SoS relaxation certifies that it is possible to satisfy at most 1/100 fraction of the constraints of texorpdfstring sc Unique Games Unique Games xspace instances of the ``quotient noisy cube'' and ``short code'' types considered in

[MASK]",hardness-of-approximation; proof-complexity
1205.4484#19:bound-cloze:3,bound-cloze,1205.4484#19,1205.4484,theorem,hardness-of-approximation; proof-complexity,"Suppose Tilde varmathbb E _f ( varmathbb E f)^2leqslant δ^2 . Let τ= Tilde varmathbb E _f Σ _r ( Inf ^ (leqslant ell ) _rf)^2 for ell =[MASK] . Then, Tilde varmathbb E _f lef,T_ 1-ε frangle leqslant δ^ 1+Ω(ε) + k^ O( log (1/δ)) · τ^ 1/8 . (Here, we assume that ε , δ and τ are sufficiently small.)",Ω( log (1/δ))
1205.4484#21:bound-cloze:4,bound-cloze,1205.4484#21,1205.4484,theorem,hardness-of-approximation; proof-complexity,"Suppose f^2preceq f and Tilde varmathbb E _f ( varmathbb E f)^2leqslant δ^2 . Let τ= Tilde varmathbb E _f Σ _ r ( Inf ^ (leqslant ell ) _rbar f)^2 for ell =[MASK] . Then, Tilde varmathbb E _f lef,T'_ 1-ε frangle leqslant δ^ 1+Ω(ε) + k^ O( log (1/δ)) · τ^ 1/8 . (Here, we assume that ε , δ and τ are sufficiently small.)",Ω( log (1/δ))
1207.0904#3:bound-cloze:1,bound-cloze,1207.0904#3,1207.0904,theorem,parameterized,"Let T be a 3-manifold triangulation with n tetrahedra, where the graph Γ( T ) has cutwidth ≤ k , and for which a corresponding layout of nodes is known. Then sc taut angle structure can be solved for T in [MASK] time.",O(nk · 3^ 3k/2 )
1207.0904#3:paper-subarea:1,paper-subarea,1207.0904#3,1207.0904,theorem,parameterized,"Let T be a 3-manifold triangulation with n tetrahedra, where the graph Γ( T ) has cutwidth ≤ k , and for which a corresponding layout of nodes is known. Then sc taut angle structure can be solved for T in O(nk · 3^ 3k/2 ) time.

[MASK]",parameterized
1207.0904#4:bound-cloze:2,bound-cloze,1207.0904#4,1207.0904,theorem,parameterized,"Let T be a 3-manifold triangulation with n tetrahedra, where the graph Γ( T ) has treewidth ≤ k , and for which a corresponding tree decomposition with [MASK] tree nodes is known. Then sc taut angle structure can be solved for T in O(nk · 3^ 7k ) time.",O(n)
1207.0904#4:paper-subarea:2,paper-subarea,1207.0904#4,1207.0904,theorem,parameterized,"Let T be a 3-manifold triangulation with n tetrahedra, where the graph Γ( T ) has treewidth ≤ k , and for which a corresponding tree decomposition with O(n) tree nodes is known. Then sc taut angle structure can be solved for T in O(nk · 3^ 7k ) time.

[MASK]",parameterized
1207.0904#12:bound-cloze:3,bound-cloze,1207.0904#12,1207.0904,theorem,parameterized,"Let T be a 3-manifold triangulation with n tetrahedra, where the graph Γ( T ) has cutwidth ≤ k , and for which a corresponding layout of nodes is known. Then sc taut angle structure can be solved for T in [MASK] time.",O(nk · 3^ 3k/2 )
1207.0904#12:paper-subarea:3,paper-subarea,1207.0904#12,1207.0904,theorem,parameterized,"Let T be a 3-manifold triangulation with n tetrahedra, where the graph Γ( T ) has cutwidth ≤ k , and for which a corresponding layout of nodes is known. Then sc taut angle structure can be solved for T in O(nk · 3^ 3k/2 ) time.

[MASK]",parameterized
1207.0904#13:bound-cloze:4,bound-cloze,1207.0904#13,1207.0904,theorem,parameterized,"Let T be a 3-manifold triangulation with n tetrahedra, where the graph Γ( T ) has treewidth ≤ k , and for which a corresponding tree decomposition with [MASK] tree nodes is known. Then sc taut angle structure can be solved for T in O(nk · 3^ 7k ) time.",O(n)
1207.0904#13:paper-subarea:4,paper-subarea,1207.0904#13,1207.0904,theorem,parameterized,"Let T be a 3-manifold triangulation with n tetrahedra, where the graph Γ( T ) has treewidth ≤ k , and for which a corresponding tree decomposition with O(n) tree nodes is known. Then sc taut angle structure can be solved for T in O(nk · 3^ 7k ) time.

[MASK]",parameterized
1210.1290#2:paper-subarea:1,paper-subarea,1210.1290#2,1210.1290,theorem,interactive-proofs; quantum-complexity,"For any constant s ∈ (0,1] , there exists a constant k ∈ N such that \[ QMA ⊆ QMA ^ k - EPR (1, s). \]

[MASK]",interactive-proofs; quantum-complexity
1210.1290#8:bound-cloze:1,bound-cloze,1210.1290#8,1210.1290,theorem,interactive-proofs; quantum-complexity,"For N, k ∈ N , let Q _1, ... , Q _N be quantum registers each consisting of k qubits, and let ρ be an N -partite symmetric state in ( Q _1, ... , Q _N) . For any m ∈ N satisfying m < N and the m -partite reduced state ρ^ (m) of ρ in ( Q _1, ... , Q _m) , there exist C ∈ N , a set {ξ_j}_ j ∈ {1, ... , C } of k -qubit states, and an associated probability distribution {μ_j}_ j ∈ {1, ... , C } such that \[ D gl( ρ^ (m) , Σ _ j=1 ^C μ_j ξ_j^ ⊗ m gr) ≤ frac [MASK] m N . \]",2^ 2k+1
1210.1290#8:paper-subarea:2,paper-subarea,1210.1290#8,1210.1290,theorem,interactive-proofs; quantum-complexity,"For N, k ∈ N , let Q _1, ... , Q _N be quantum registers each consisting of k qubits, and let ρ be an N -partite symmetric state in ( Q _1, ... , Q _N) . For any m ∈ N satisfying m < N and the m -partite reduced state ρ^ (m) of ρ in ( Q _1, ... , Q _m) , there exist C ∈ N , a set {ξ_j}_ j ∈ {1, ... , C } of k -qubit states, and an associated probability distribution {μ_j}_ j ∈ {1, ... , C } such that \[ D gl( ρ^ (m) , Σ _ j=1 ^C μ_j ξ_j^ ⊗ m gr) ≤ frac 2^ 2k+1 m N . \]

[MASK]",interactive-proofs; quantum-complexity
1210.1290#27:relation-cloze:1,relation-cloze,1210.1290#27,1210.1290,theorem,interactive-proofs; quantum-complexity,"For any polynomially bounded function m colon Z ^ + → N and polynomial-time computable functions c,s colon Z ^ + → [0,1] satisfying m ≥ 2 and c - s ≥ 1/p for some polynomially bounded function p colon Z ^ + → N , \[ QIP (m, c, s) [MASK] QIP l( m+1, 1, 1 - frac (c-s)^2 16 r). \]",⊆
1210.1290#27:paper-subarea:3,paper-subarea,1210.1290#27,1210.1290,theorem,interactive-proofs; quantum-complexity,"For any polynomially bounded function m colon Z ^ + → N and polynomial-time computable functions c,s colon Z ^ + → [0,1] satisfying m ≥ 2 and c - s ≥ 1/p for some polynomially bounded function p colon Z ^ + → N , \[ QIP (m, c, s) ⊆ QIP l( m+1, 1, 1 - frac (c-s)^2 16 r). \]

[MASK]",interactive-proofs; quantum-complexity
1210.1290#28:relation-cloze:2,relation-cloze,1210.1290#28,1210.1290,theorem,interactive-proofs; quantum-complexity,"For any polynomially bounded odd-valued function m colon Z ^ + → 2 N + 1 and polynomial-time computable functions c,s colon Z ^ + → [0,1] satisfying m ≥ 3 and c - s ≥ 1/p for some polynomially bounded function p colon Z ^ + → N , \[ QIP (m, c, s) [MASK] QIP l(m, 1, 1 - frac (c-s)^2 16 r). \]",⊆
1210.1290#28:paper-subarea:4,paper-subarea,1210.1290#28,1210.1290,theorem,interactive-proofs; quantum-complexity,"For any polynomially bounded odd-valued function m colon Z ^ + → 2 N + 1 and polynomial-time computable functions c,s colon Z ^ + → [0,1] satisfying m ≥ 3 and c - s ≥ 1/p for some polynomially bounded function p colon Z ^ + → N , \[ QIP (m, c, s) ⊆ QIP l(m, 1, 1 - frac (c-s)^2 16 r). \]

[MASK]",interactive-proofs; quantum-complexity
1210.1290#29:relation-cloze:3,relation-cloze,1210.1290#29,1210.1290,corollary,interactive-proofs; quantum-complexity,"For any polynomially bounded functions m,p colon Z ^ + → N and polynomial-time computable functions c,s colon Z ^ + → [0,1] satisfying m ≥ 2 and c - s ≥ 1/q for some polynomially bounded function q colon Z ^ + → N , \[ QIP (m, c, s) [MASK] QIP (m+1, 1, 2^ -p ). \]",⊆
1210.1290#30:relation-cloze:4,relation-cloze,1210.1290#30,1210.1290,corollary,interactive-proofs; quantum-complexity,"For any polynomially bounded odd-valued function m colon Z ^ + → 2 N + 1 , polynomially bounded function p colon Z ^ + → N , and polynomial-time computable functions c,s colon Z ^ + → [0,1] satisfying m ≥ 3 and c - s ≥ 1/q for some polynomially bounded function q colon Z ^ + → N , \[ QIP (m, c, s) [MASK] QIP (m, 1, 2^ -p ). \]",⊆
1211.6120#8:paper-subarea:1,paper-subarea,1211.6120#8,1211.6120,theorem,interactive-proofs; quantum-complexity,"sf QSEP-STATE _ 1,1-LOCC ( δ_ c ,δ _ s ) sf \ ∈ \ sf QIP(2) if there are polynomial-time computable functions δ_ c ,δ_ s : N → [ 0,1 ] , such that the difference δ_ s ^2 / 8 -2 sqrt δ_ c is larger than an inverse polynomial in the circuit size.

[MASK]",interactive-proofs; quantum-complexity
1211.6120#9:paper-subarea:2,paper-subarea,1211.6120#9,1211.6120,theorem,interactive-proofs; quantum-complexity,"sf QSEP-STATE _ 1,1-LOCC with constant promise gap is sf QSZK -hard.

[MASK]",interactive-proofs; quantum-complexity
1211.6120#12:bound-cloze:1,bound-cloze,1211.6120#12,1211.6120,theorem,interactive-proofs; quantum-complexity,"sf QSEP-CHANNEL _ 1,1-LOCC ( δ_ c ,δ_ s ) is sf QIP -complete if there are polynomial-time computable functions δ_ c ,δ_ s : N → [ 0,1 ] , such that the difference δ_[MASK] / 8 -2 sqrt δ_ c is larger than an inverse polynomial in the circuit size.",s^2
1211.6120#12:paper-subarea:3,paper-subarea,1211.6120#12,1211.6120,theorem,interactive-proofs; quantum-complexity,"sf QSEP-CHANNEL _ 1,1-LOCC ( δ_ c ,δ_ s ) is sf QIP -complete if there are polynomial-time computable functions δ_ c ,δ_ s : N → [ 0,1 ] , such that the difference δ_s^2 / 8 -2 sqrt δ_ c is larger than an inverse polynomial in the circuit size.

[MASK]",interactive-proofs; quantum-complexity
1211.6120#14:paper-subarea:4,paper-subarea,1211.6120#14,1211.6120,theorem,interactive-proofs; quantum-complexity,"sf MULTI-QSEP-STATE _ 1,1-LOCC ( δ_ c ,δ _ s ) sf \ ∈ \ sf QIP(2) if there are polynomial-time computable functions δ_ c ,δ_ s : N → [ 0,1 ] , such that the difference δ_ s ^2 / 8 -2 sqrt δ_ c is larger than an inverse polynomial in the circuit size.

[MASK]",interactive-proofs; quantum-complexity
1308.0776#12:bound-cloze:1,bound-cloze,1308.0776#12,1308.0776,corollary,derandomization; fine-grained,"There is an exact decremental SSSP data structure for paths up to a given length R^ d that has constant query time, and in a decremental graph G = (G_i, w_i)_ 0 ≤ i ≤ k with source node r its total update time can be bounded by O (φ_k( G ) + t_ SP + Σ _ v ∈ V deg _ G_0 (v) · ( min (R^ d , d_ G_k (v, r)) - min (R^ d , d_ G_0 (v, r)) ) ) and [MASK] , where t_ SP is the time needed for computing an SSSP tree up to depth R^ d , and d_ G_0 (v, r) is the initial distance of r to v and d_ G_k (v, r) is the distance of v to r after all k edge deletions.",O (m R^ d )
1308.0776#12:paper-subarea:1,paper-subarea,1308.0776#12,1308.0776,corollary,derandomization; fine-grained,"There is an exact decremental SSSP data structure for paths up to a given length R^ d that has constant query time, and in a decremental graph G = (G_i, w_i)_ 0 ≤ i ≤ k with source node r its total update time can be bounded by O (φ_k( G ) + t_ SP + Σ _ v ∈ V deg _ G_0 (v) · ( min (R^ d , d_ G_k (v, r)) - min (R^ d , d_ G_0 (v, r)) ) ) and O (m R^ d ) , where t_ SP is the time needed for computing an SSSP tree up to depth R^ d , and d_ G_0 (v, r) is the initial distance of r to v and d_ G_k (v, r) is the distance of v to r after all k edge deletions.

[MASK]",derandomization; fine-grained
1308.0776#15:bound-cloze:2,bound-cloze,1308.0776#15,1308.0776,theorem,derandomization; fine-grained,"Assume that for all parameters R^ c and R^ d such that R^ c ≤ R^ d there is a center cover data structure that has constant query time and a total update time of T (R^ c , R^ d ) . Then, for every ε ≤ 1 , there is a (1 + ε, 0) -approximate decremental APSP data structure with [MASK] query time and a total update time of Σ _p T (R^ c _p, R^ d _p) where R^ c _p = ε 2^p and R^ d _p = 2^ p+2 (for 0 ≤ p ≤ lfloor log n rfloor ).",O( log log n )
1308.0776#15:paper-subarea:2,paper-subarea,1308.0776#15,1308.0776,theorem,derandomization; fine-grained,"Assume that for all parameters R^ c and R^ d such that R^ c ≤ R^ d there is a center cover data structure that has constant query time and a total update time of T (R^ c , R^ d ) . Then, for every ε ≤ 1 , there is a (1 + ε, 0) -approximate decremental APSP data structure with O( log log n ) query time and a total update time of Σ _p T (R^ c _p, R^ d _p) where R^ c _p = ε 2^p and R^ d _p = 2^ p+2 (for 0 ≤ p ≤ lfloor log n rfloor ).

[MASK]",derandomization; fine-grained
1308.0776#18:bound-cloze:3,bound-cloze,1308.0776#18,1308.0776,lemma,derandomization; fine-grained,"For every 0 < ε ≤ 1 and every decremental graph G = (G_i)_ 0 ≤ i ≤ k , there is data structure that maintains a dynamic weighted graph H = (H_i, w_i)_ 0 ≤ i ≤ k in [MASK] total time such that H is a (1, 2, lceil 2 / ε rceil ) -locally persevering emulator with high probability. Moreover, the number of edges ever contained in the emulator is | E_k ( H ) | = O (n^ 3/2 log n ) , and the total number of updates in H is φ_k ( H ) = O (n^ 3/2 log n / ε) .",O (m n^ 1/2 log n / ε)
1308.0776#20:bound-cloze:4,bound-cloze,1308.0776#20,1308.0776,lemma,derandomization; fine-grained,The number of edges ever contained in the dynamic graph H is | E_k ( H ) | = [MASK] in expectation.,O (n^ 3/2 log n )
1308.0776#36:paper-subarea:3,paper-subarea,1308.0776#36,1308.0776,corollary,derandomization; fine-grained,"Given the (1, 2, lceil 2 / ε rceil ) -locally persevering emulator H of Cref thm:emulator , there is a (1 + ε, 2) -approximate decremental SSSP data structure for every distance range parameter R^ d that is correct with high probability, and has constant query time and an expected total update time of O ( n^ 3/2 log n / ε + n^ 3/2 R^ d log n ) , where the time for maintaining H is not included.

[MASK]",derandomization; fine-grained
1308.0776#37:paper-subarea:4,paper-subarea,1308.0776#37,1308.0776,theorem,derandomization; fine-grained,"For every 0 < ε ≤ 1 , there is a (1 + ε, 2) -approximate decremental APSP data structure with constant query time and an expected total update time of O ( (n^ 5/2 log ^3 n ) / ε ) that is correct with high probability.

[MASK]",derandomization; fine-grained
1308.5788#3:paper-subarea:1,paper-subarea,1308.5788#3,1308.5788,theorem,interactive-proofs; proof-complexity; quantum-complexity,"The following hold: The trace distance version of (α,β,l) -sc Pure Product State is in BQP for all l and all α<βfrac sqrt 11 32 . (It is implicit here and throughout the rest of the paper that the gap between α and β frac sqrt 11 32 is larger than an inverse polynomial in the input length.) The one-way LOCC version of (ε,2-ε) -sc Bipartite Pure Product State is BQP -hard, even when ε decays exponentially in the input length. Thus, both problems are BQP -complete for all l ≥ 2 and all (α,β) with 0<α<βfrac sqrt 11 32 and β<2 .

[MASK]",interactive-proofs; proof-complexity; quantum-complexity
1308.5788#8:paper-subarea:2,paper-subarea,1308.5788#8,1308.5788,theorem,interactive-proofs; proof-complexity; quantum-complexity,"The following hold: The one-way LOCC version of (α,β,l) -sc Separable Isometry Output is in QMA for all l and all α < β^4/16 . The one-way LOCC version of (ε,2-ε) -sc Bipartite Separable Isometry Output is QMA -hard, even when ε decays exponentially in the input length. Thus, the problem is QMA -complete for all l ≥ 2 , all 0<α<β^4/16 , and all β<2 .

[MASK]",interactive-proofs; proof-complexity; quantum-complexity
1308.5788#9:paper-subarea:3,paper-subarea,1308.5788#9,1308.5788,theorem,interactive-proofs; proof-complexity; quantum-complexity,"Let A_1, ... ,A_l be registers whose total combined dimension is D . Let ρ be ε -far from separable in one-way LOCC distance, so that min _ σ ∈ S (A_1: ... :A_l) lVert mspace 1mu ρ-σmspace 1mu rVert _ 1normal - LOCC ≥ ε. Then for any δ<ε it holds that ρ is δ -far from k -extendible in trace distance, so that min _ σ' ∈ E _k(A_1: ... :A_l) lVert mspace 1mu ρ-σ'mspace 1mu rVert _1 ≥ δ, provided k ≥ mathopen mathclose bgroup originalleft lceil l + frac 4l^2 log D (ε - δ)^2 aftergroup egroup originalright rceil .

[MASK]",interactive-proofs; proof-complexity; quantum-complexity
1308.5788#13:paper-subarea:4,paper-subarea,1308.5788#13,1308.5788,theorem,interactive-proofs; proof-complexity; quantum-complexity,"The following hold: (α,β,l) -sc Pure Product Isometry Output is in QMA (2) for all l and all α < β . (ε,2-ε) -sc Bipartite Pure Product Isometry Output is QMA (2) -hard, even when ε decays exponentially in the input length. Thus, the problem is QMA (2) -complete for all l ≥ 2 and all 0<α<β<2 .

[MASK]",interactive-proofs; proof-complexity; quantum-complexity
1406.3065#7:bound-cloze:1,bound-cloze,1406.3065#7,1406.3065,theorem,algebraic-complexity; circuit-complexity,"Over semirings Min and B , the polynomials of APSP _ n can all be simultaneously computed by a circuit of size [MASK] .",O(n^3)
1406.3065#7:paper-subarea:1,paper-subarea,1406.3065#7,1406.3065,theorem,algebraic-complexity; circuit-complexity,"Over semirings Min and B , the polynomials of APSP _ n can all be simultaneously computed by a circuit of size O(n^3) .

[MASK]",algebraic-complexity; circuit-complexity
1406.3065#17:paper-subarea:2,paper-subarea,1406.3065#17,1406.3065,corollary,algebraic-complexity; circuit-complexity,"If f= TR _ n , then Min (f)= Max (f)= A [f]=Θ(n^3) .

[MASK]",algebraic-complexity; circuit-complexity
1406.3065#18:paper-subarea:3,paper-subarea,1406.3065#18,1406.3065,corollary,algebraic-complexity; circuit-complexity,"For f= CLIQUE _ n,k , Min (f) , Max (f) and B _ lin (f) are at least binom n k -1 .

[MASK]",algebraic-complexity; circuit-complexity
1406.3065#19:paper-subarea:4,paper-subarea,1406.3065#19,1406.3065,corollary,algebraic-complexity; circuit-complexity,"Both Min ( APSP _ n ) and Min ( MP _ n ) are Θ(n^3) .

[MASK]",algebraic-complexity; circuit-complexity
1406.3065#28:bound-cloze:2,bound-cloze,1406.3065#28,1406.3065,theorem,algebraic-complexity; circuit-complexity,"If f ∈ { PER _ n , HC _ n , ST _ n } , then Min (f) , Max (f) and B _ lin (f) are 2^ [MASK] .",Ω(n)
1406.3065#29:bound-cloze:3,bound-cloze,1406.3065#29,1406.3065,theorem,algebraic-complexity; circuit-complexity,"If f= STCON _ n+2 , then Max (f) and Min [f] are at least 2^ [MASK] .",Ω(n)
1406.3065#30:bound-cloze:4,bound-cloze,1406.3065#30,1406.3065,lemma,algebraic-complexity; circuit-complexity,"For every non-empty graph G on n nodes, we have A [f_G] ≥ [MASK] .",2^ m(G)-2
1406.7658#3:bound-cloze:1,bound-cloze,1406.7658#3,1406.7658,proposition,meta-complexity,Let L ≤ _ tt ^p R_ K^t_U for some time-bound t . Then there exists a constant k such that the language L can be decided in t_L(n) = [MASK] t(n^k) time.,2^ n^k
1406.7658#4:bound-cloze:2,bound-cloze,1406.7658#4,1406.7658,observation,meta-complexity,"There is a polynomial-time algorithm which, given oracle access to R_K and input 1^n , outputs a K -random string of length n . However, for any time-bound t such that t(n+1) ≫ [MASK] t(n), there is no polynomial-time algorithm which, given oracle access to R_ K^t and input 1^n , outputs a rm K ^t -random string of length n .",2^n
1406.7658#5:bound-cloze:3,bound-cloze,1406.7658#5,1406.7658,theorem,meta-complexity,"Suppose A ∈ sf DTIME (t_1) and M:A ≤ ^p_ T R_ K^t , for some time-bounds t, t_1 with t(n+1) ≥ [MASK] t(n) + 2^ 2^n t_1(2^n) . For example, if A ∈ rm EXP , then t can be doubly-exponential. If A is elementary-time computable, then t can be an exponential tower. Then A ∈ rm P/poly ; in fact, if M runs in time n^c , and R' = R_ K^t ^ ≤ lceil (c +1) log nrceil , then ∀ x ∈ { 0, 1 }^n M^ R' (x) = A(x) .",2^n
1406.7658#5:paper-subarea:1,paper-subarea,1406.7658#5,1406.7658,theorem,meta-complexity,"Suppose A ∈ sf DTIME (t_1) and M:A ≤ ^p_ T R_ K^t , for some time-bounds t, t_1 with t(n+1) ≥ 2^n t(n) + 2^ 2^n t_1(2^n) . For example, if A ∈ rm EXP , then t can be doubly-exponential. If A is elementary-time computable, then t can be an exponential tower. Then A ∈ rm P/poly ; in fact, if M runs in time n^c , and R' = R_ K^t ^ ≤ lceil (c +1) log nrceil , then ∀ x ∈ { 0, 1 }^n M^ R' (x) = A(x) .

[MASK]",meta-complexity
1406.7658#8:bound-cloze:4,bound-cloze,1406.7658#8,1406.7658,observation,meta-complexity,"If t(n+1) ≫ [MASK] t(n) , then the non-adaptive reduction M above behaves differently on the oracles R_K and R_ K^t .",2^n
1406.7658#9:paper-subarea:2,paper-subarea,1406.7658#9,1406.7658,theorem,meta-complexity,"For any computable unbounded function α(n) = ω(1) , TTRT ⊆ rm PSPACE / α(n).

[MASK]",meta-complexity
1409.3182#2:paper-subarea:1,paper-subarea,1409.3182#2,1409.3182,theorem,quantum-complexity,"sc GSCON for polynomially large m (i.e. for polynomially many local unitaries U ) and l=2 (i.e. 2 -qubit unitaries) is up QCMA -complete.

[MASK]",quantum-complexity
1409.3182#3:paper-subarea:2,paper-subarea,1409.3182#3,1409.3182,theorem,quantum-complexity,"sc GSCON for exponentially large m (i.e. for exponentially many local unitaries U ) and l=1 (i.e. 1 -qubit unitaries) is up PSPACE -complete.

[MASK]",quantum-complexity
1409.3182#4:paper-subarea:3,paper-subarea,1409.3182#4,1409.3182,theorem,quantum-complexity,"sc SUCCINCT GSCON for exponentially large m (i.e. for exponentially many local unitaries U ) and l=1 (i.e. 1 -qubit unitaries) is up NEXP -complete.

[MASK]",quantum-complexity
1409.3182#12:bound-cloze:1,bound-cloze,1409.3182#12,1409.3182,lemma,quantum-complexity,"For any 0<ε ≤ 1 , there exists an ε -net with respect to the spectral norm over U ( C ^2 ) of size O(ε^ -8 ) . Moreover, given the index i of any element U_i in the net, U_i can be computed in time [MASK] .",O( log ^2(1/ε))
1409.3182#14:bound-cloze:2,bound-cloze,1409.3182#14,1409.3182,lemma,quantum-complexity,"For any 0<ε<1 , there exists a set N ⊆ L ( C ^d ) of size [MASK] such that: N is an ε -pseudo-net with respect to spectral norm over unitaries U ( C ^d ) . Given index i ∈ set 1, ... , lvert mspace 1mu N mspace 1mu rvert , the i 'th operator widetilde U _i in the net can be computed in time O(d^2 log ^2(d^ 5/2 /ε)) . Here, by i 'th operator, we mean with respect to a fixed canonical ordering set by the construction of N .",O(d^ 7 /ε^2)
1409.3182#17:bound-cloze:3,bound-cloze,1409.3182#17,1409.3182,theorem,quantum-complexity,"There exists a polynomial p such that sc GSCON is up QCMA -complete for m ∈ [MASK] , Δ ∈ Θ (1/m^5) , l=2 , and k ≥ 5 , where n denotes the number of qubits H acts on.",O(p(n))
1409.3182#17:paper-subarea:4,paper-subarea,1409.3182#17,1409.3182,theorem,quantum-complexity,"There exists a polynomial p such that sc GSCON is up QCMA -complete for m ∈ O(p(n)) , Δ ∈ Θ (1/m^5) , l=2 , and k ≥ 5 , where n denotes the number of qubits H acts on.

[MASK]",quantum-complexity
1409.3182#18:bound-cloze:4,bound-cloze,1409.3182#18,1409.3182,lemma,quantum-complexity,"There exists a polynomial p such that sc GSCON is up QCMA -hard for m ∈ [MASK] , Δ ∈ O (1/m^5) , l=2 , and k ≥ 5 , where n denotes the number of qubits H acts on.",O(p(n))
1411.7747#1:paper-subarea:1,paper-subarea,1411.7747#1,1411.7747,theorem,hardness-of-approximation,"Assuming sc Covering - sc UGC (c) , for any constant-size alphabet [q] , any constant k ∈ N and any non-odd predicate P ⊆ [q]^k , for all constants t ∈ N , the sc Covering - P - sc CSP (2cq,t) problem is NP -hard.

[MASK]",hardness-of-approximation
1411.7747#2:paper-subarea:2,paper-subarea,1411.7747#2,1411.7747,theorem,hardness-of-approximation,"Let k ≥ 2 . Let P ⊆ 2k - LIN be any 2k -bit predicate such there exist distributions P_0 , P_1 supported on {0,1}^k with the following properties: the marginals of P_0 and P_1 on all k coordinates are uniform, every a ∈ supp (P_0) has even parity and every b ∈ supp (P_1) has odd parity and furthermore, both adiamond b, b diamond a ∈ P , where adiamond b denotes the 2k -bit string formed by the concatenation of strings a and b . Then for all ε>0, r ≫ 1 , there is a reduction from 3SAT to sc Covering - P - sc CSP \ mapping a 3SAT instance Ψ on n variables to a sc Covering - P - sc CSP \ instance Φ of size n^ O(r) 2^ 2^ O(r) in time n^ O(r) 2^ 2^ O(r) such that If the 3SAT formula Ψ is satisfiable then there are 2 assignments each satisfying 1-ε of the constraints of Φ , that together cover the instance Φ . if the 3SAT formula Ψ is not satisfiable, then the resulting instance Φ is not Ω_k(r) - O_k( log (1/ε)) coverable, even when considered as an instance of the (potentially larger) predicate 2k - LIN . In particular, unless NP ⊆ DTIME (2^ poly log n ) , sc Covering - P - sc CSP (2,Ω( log log n)) does not have a polynomial-time algorithm. If we assume P ≠ NP then sc Covering - P - sc CSP (2,C) does not have a polynomial-time algorithm for any constant C > 2 .

[MASK]",hardness-of-approximation
1411.7747#3:bound-cloze:1,bound-cloze,1411.7747#3,1411.7747,corollary,hardness-of-approximation,"Let k ≥ 2 be even, x,y ∈ {0,1}^k be distinct strings having even and odd parity, respectively, and overline x,overline y denote the complements of x and y , respectively. For any predicate P satisfying 2k - LIN ⊇ P ⊇ { xdiamond y,\ x diamond overline y,\ overline x diamond y,\ overline x diamond overline y, \ ydiamond x,\ y diamond overline x,\ overline y diamond x,\ overline y diamond overline x }, unless NP ⊆ DTIME (2^ poly log n ) , the problem sc Covering - P - sc CSP (2,[MASK]) is not solvable in polynomial time.",Ω( log log n)
1411.7747#3:relation-cloze:1,relation-cloze,1411.7747#3,1411.7747,corollary,hardness-of-approximation,"Let k ≥ 2 be even, x,y ∈ {0,1}^k be distinct strings having even and odd parity, respectively, and overline x,overline y denote the complements of x and y , respectively. For any predicate P satisfying 2k - LIN ⊇ P ⊇ { xdiamond y,\ x diamond overline y,\ overline x diamond y,\ overline x diamond overline y, \ ydiamond x,\ y diamond overline x,\ overline y diamond x,\ overline y diamond overline x }, unless NP [MASK] DTIME (2^ poly log n ) , the problem sc Covering - P - sc CSP (2,Ω( log log n)) is not solvable in polynomial time.",⊆
1411.7747#3:paper-subarea:3,paper-subarea,1411.7747#3,1411.7747,corollary,hardness-of-approximation,"Let k ≥ 2 be even, x,y ∈ {0,1}^k be distinct strings having even and odd parity, respectively, and overline x,overline y denote the complements of x and y , respectively. For any predicate P satisfying 2k - LIN ⊇ P ⊇ { xdiamond y,\ x diamond overline y,\ overline x diamond y,\ overline x diamond overline y, \ ydiamond x,\ y diamond overline x,\ overline y diamond x,\ overline y diamond overline x }, unless NP ⊆ DTIME (2^ poly log n ) , the problem sc Covering - P - sc CSP (2,Ω( log log n)) is not solvable in polynomial time.

[MASK]",hardness-of-approximation
1411.7747#4:bound-cloze:2,bound-cloze,1411.7747#4,1411.7747,theorem,hardness-of-approximation,"Assuming that NP ⊄ DTIME ([MASK] ) , for all ε ∈ (0,1) , there does not exist a polynomial-time algorithm that can distinguish between 4 - LIN - sc CSP \ instances of the following two types: YES Case : There are 2 assignments such that each of them covers 1- ε fraction of the constraints, and they together cover the entire instance. NO Case : The largest independent set in the constraint graph of the instance is of fractional size at most 1/ poly log n .",2^ poly log n
1411.7747#4:relation-cloze:2,relation-cloze,1411.7747#4,1411.7747,theorem,hardness-of-approximation,"Assuming that NP [MASK] DTIME (2^ poly log n ) , for all ε ∈ (0,1) , there does not exist a polynomial-time algorithm that can distinguish between 4 - LIN - sc CSP \ instances of the following two types: YES Case : There are 2 assignments such that each of them covers 1- ε fraction of the constraints, and they together cover the entire instance. NO Case : The largest independent set in the constraint graph of the instance is of fractional size at most 1/ poly log n .",⊄
1411.7747#4:paper-subarea:4,paper-subarea,1411.7747#4,1411.7747,theorem,hardness-of-approximation,"Assuming that NP ⊄ DTIME (2^ poly log n ) , for all ε ∈ (0,1) , there does not exist a polynomial-time algorithm that can distinguish between 4 - LIN - sc CSP \ instances of the following two types: YES Case : There are 2 assignments such that each of them covers 1- ε fraction of the constraints, and they together cover the entire instance. NO Case : The largest independent set in the constraint graph of the instance is of fractional size at most 1/ poly log n .

[MASK]",hardness-of-approximation
1411.7747#9:bound-cloze:3,bound-cloze,1411.7747#9,1411.7747,theorem,hardness-of-approximation,"For every r ∈ N , there is a deterministic [MASK] -time reduction from a 3 - SAT\ instance of size n to an instance G=(U,V,E,[L],[R], {π_e}_ e ∈ E ) of sc Label-Cover \ with the following properties: |U|,|V| ≤ n^ O(r) ; L,R ≤ 2^ O(r) ; G is bi-regular with degrees bounded by 2^ O(r) . There exists a constant c_0 ∈ (0,1/3) such that for any v ∈ V and α ⊆ [R] , for a random neighbor u , E _u [ |π_ uv (α)|^ -1 ] ≤ |α|^ -2c_0 , where π_ uv (α) := { i ∈ [L] mid ∃ j ∈ α s.t. π_ uv (j) = i} . This implies that ∀ v, α, qquad Pr_u [ |π_ uv (α)| <|α|^ c_0 ] ≤ frac 1 |α|^ c_0 . There is a constant d_0 ∈ (0,1) such that, YES Case : If the 3 - SAT\ instance is satisfiable, then G is 1-coverable. NO Case : If the 3 - SAT\ instance is unsatisfiable, then G is at most 2^ -d_0r -satisfiable.",n^ O(r)
1411.7747#13:bound-cloze:4,bound-cloze,1411.7747#13,1411.7747,theorem,hardness-of-approximation,"Let (Ω_1^k × Ω_2^k, μ) be a correlated probability space such that the marginal of μ on any pair of coordinates one each from Ω_1 and Ω_2 is a product distribution. Let μ_1 ,μ_2 be the marginals of μ on Ω_1^k and Ω_2^k , respectively. Let X, Y be two random k × L dimensional matrices chosen as follows. Independently for every i ∈ [L] , the pair of columns (x^i,y^i) ∈ Ω_1^k × Ω_2^k is chosen from μ . Let x_i,y_i denote the i -th rows of X and Y , respectively. If F: Ω_1^L → [-1,+1] and G: Ω_2^L → [-1,+1] are functions such that τ:= sqrt Σ _ i ∈ [L] Inf _i[F] · Inf _i[G] and Γ := max { sqrt Σ _ i ∈ [L] Inf _i[F] \ , sqrt Σ _ i ∈ [L] Inf _i[G] } \ , then abs E _ (X,Y) ∈ μ^ ⊗ L [ Π _ i ∈ [k] F(x_i) · G(y_i) ] - E _ X ∈ μ_1^ ⊗ L [ Π _ i ∈ [k] F(x_i) ] · E _ Y ∈ μ_2^ ⊗ L [ Π _ i ∈ [k] G(y_i) ] ≤ 2^ [MASK] Γ τ\ .",O(k)
1412.4413#1:paper-subarea:1,paper-subarea,1412.4413#1,1412.4413,theorem,hardness-of-approximation,"For any constant ε > 0 it is normalfontsf #NP -hard to approximate the optimum of the non-commutative Grothendieck problem to within a factor greater than 1/2+ε .

[MASK]",hardness-of-approximation
1412.4413#2:paper-subarea:2,paper-subarea,1412.4413#2,1412.4413,theorem,hardness-of-approximation,"For any constant ε>0 it is normalfontsf #NP -hard to approximate the Little non-commutative Grothendieck problem to within a factor greater than 1/ sqrt 2 + ε .

[MASK]",hardness-of-approximation
1412.4413#3:paper-subarea:3,paper-subarea,1412.4413#3,1412.4413,theorem,hardness-of-approximation,"For any constant ε>0 it is normalfontsf #NP -hard to approximate the real Little commutative Grothendieck problem to within a factor greater than sqrt 2/π + ε . Similarly, the complex case is normalfontsf #NP -hard to approximate to within a factor greater than sqrt π/4 + ε .

[MASK]",hardness-of-approximation
1412.4413#4:paper-subarea:4,paper-subarea,1412.4413#4,1412.4413,theorem,hardness-of-approximation,"For any positive real numbers ζ, γ there exist positive integers n = n(ζ, γ) , k = k(ζ,γ) , and t = t(ζ) , and a family of Smooth Label Cover instances (G, [n], [k], Σ) as above such that (Hardness)\ \ It is normalfontsf #NP -hard to distinguish between the following two cases: (YES Case)\ \ There is an assignment that satisfies all edges. (NO Case)\ \ Every assignment satisfies less than a ζ -fraction of the edges. (Structural properties)\ \ (Smoothness)\ \ For every vertex v ∈ V and distinct i,j ∈ [n] , we have rm Pr _ e v [π_ ev (i) = π_ ev (j) ] ≤ γ . For every vertex v ∈ V , edge e ∈ E incident on v , and i ∈ [k] , we have |π_ ev ^ -1 (i)| ≤ t ; that is, at most t elements in [n] are mapped to the same element in [k] . (Weak Expansion)\ \ For any δ > 0 and vertex subset V' ⊆ V such that |V'| = δ · |V| , the number of edges between the vertices in V' is at least (δ^2/2) |E| .

[MASK]",hardness-of-approximation
1412.4413#11:bound-cloze:1,bound-cloze,1412.4413#11,1412.4413,proposition,hardness-of-approximation,"There exists an absolute constant c'>0 such that for any γ ≤ c'ε^8β^4/[MASK] , the set E' has cardinality |E'| ≥ (ε^4/4)|E| .",t^4
1412.4413#17:bound-cloze:2,bound-cloze,1412.4413#17,1412.4413,theorem,hardness-of-approximation,"Let X_1, ... ,X_n be independent R ^d -valued random variables such that E [X_j] = 0 for each j ∈ [n] . Let S = X_1 + ... + X_n and assume that the covariance matrix of S equals mathds 1 _d . Let g N(0, mathds 1 _d) be a standard Gaussian vector in R ^d with the same covariance matrix as S . Then, for any measurable convex set A ⊆ R ^d , we have | rm Pr [S ∈ A] - rm Pr [g ∈ A] | ≤ c(d) Σ _ j=1 ^n E [length X_j _ ell _2 ^3 ], where c(d) = [MASK] .",O(d^ 1/4 )
1412.4413#18:bound-cloze:3,bound-cloze,1412.4413#18,1412.4413,lemma,hardness-of-approximation,"Let g N(0,mathds 1 _d) be a standard Gaussian vector in R ^d . Then, for any t > 0 , we have rm Pr [ |length g _ ell _2 - sqrt d | > t ] ≤ 2e^ -[MASK]/2 .",t^2
1412.4413#19:bound-cloze:4,bound-cloze,1412.4413#19,1412.4413,lemma,hardness-of-approximation,"Let X_1, ... ,X_n be independent real-valued random variables such that for each i ∈ [n] , X_i ∈ [a_i,b_i] for some a_i<b_i . Let S = X_1 + ... + X_n . Then, for any t>0 , rm Pr [|S - E [S]| > t ] ≤ 2e^ -2[MASK]/ Σ _ i=1 ^n(b_i - a_i)^2 .",t^2
1504.03398#1:bound-cloze:1,bound-cloze,1504.03398#1,1504.03398,theorem,circuit-complexity; structural,"Let 2 ≤ d ≤ frac c sqrt log n log log n , where c>0 is an absolute constant, and Sipser _d be the explicit n -variable read-once monotone depth- d formula described in Section . Then any circuit C of depth at most d-1 and size at most S = 2^ n^ frac 1 6(d-1) over {0,1}^n agrees with Sipser _d on at most ( frac 1 2 + n^ -[MASK] ) · 2^n inputs.",Ω(1/d)
1504.03398#1:paper-subarea:1,paper-subarea,1504.03398#1,1504.03398,theorem,circuit-complexity; structural,"Let 2 ≤ d ≤ frac c sqrt log n log log n , where c>0 is an absolute constant, and Sipser _d be the explicit n -variable read-once monotone depth- d formula described in Section . Then any circuit C of depth at most d-1 and size at most S = 2^ n^ frac 1 6(d-1) over {0,1}^n agrees with Sipser _d on at most ( frac 1 2 + n^ -Ω(1/d) ) · 2^n inputs.

[MASK]",circuit-complexity; structural
1504.03398#2:paper-subarea:2,paper-subarea,1504.03398#2,1504.03398,theorem,circuit-complexity; structural,"With probability 1 , a random oracle A satisfies Σ_ d ^ P , A ⊊ Σ_ d+1 ^ P , A for all d ∈ m N .

[MASK]",circuit-complexity; structural
1504.03398#3:bound-cloze:2,bound-cloze,1504.03398#3,1504.03398,theorem,circuit-complexity; structural,"There are functions d(n)=ω_n(1) and S(n) = exp (( log n)^ ω_n(1) ) such that there is a monotone f: {0,1}^n → {0,1} with total influence Inf (f) = [MASK] , but any circuit C that has depth d(n) and agrees with f on at least ( frac 1 2 + o_n(1)) · 2^n inputs in {0,1}^n must have size greater than S(n) .",O( log n)
1504.03398#3:paper-subarea:3,paper-subarea,1504.03398#3,1504.03398,theorem,circuit-complexity; structural,"There are functions d(n)=ω_n(1) and S(n) = exp (( log n)^ ω_n(1) ) such that there is a monotone f: {0,1}^n → {0,1} with total influence Inf (f) = O( log n) , but any circuit C that has depth d(n) and agrees with f on at least ( frac 1 2 + o_n(1)) · 2^n inputs in {0,1}^n must have size greater than S(n) .

[MASK]",circuit-complexity; structural
1504.03398#4:bound-cloze:3,bound-cloze,1504.03398#4,1504.03398,theorem,circuit-complexity; structural,"[Depth hierarchy of small-depth circuits ; see also ] For every d ∈ m N , there exists a Boolean function F_d : {0,1}^n → {0,1} such that F_d is computed by a linear-size depth- d circuit, but any depth- (d-1) circuit computing F_d has size exp (n^ [MASK] ) .",Ω(1/d)
1504.03398#4:paper-subarea:4,paper-subarea,1504.03398#4,1504.03398,theorem,circuit-complexity; structural,"[Depth hierarchy of small-depth circuits ; see also ] For every d ∈ m N , there exists a Boolean function F_d : {0,1}^n → {0,1} such that F_d is computed by a linear-size depth- d circuit, but any depth- (d-1) circuit computing F_d has size exp (n^ Ω(1/d) ) .

[MASK]",circuit-complexity; structural
1504.03398#5:bound-cloze:4,bound-cloze,1504.03398#5,1504.03398,theorem,circuit-complexity; structural,"For w ∈ m N and n := w2^w , let sf Tribes : {0,1}^n → {0,1} be the function computed by a 2^w -term read-once monotone DNF formula where every term has width exactly w . Let sf Tribes ^dagger denote its Boolean dual, the function computed by a 2^w -clause read-once monotone CNF formula where every clause has width exactly w , and define the 2n -variable function F: {0,1}^ 2n → {0,1} as \[ F(x) = sf Tribes (x_1, ... ,x_n) vee sf Tribes ^dagger (x_ n+1 , ... ,x_ 2n ). \] Then any depth- 2 circuit C on 2n variables that has size 2^ [MASK] agrees with F on at most a 0.99 -fraction of the 2^ 2n inputs. (Note that F is computed by a linear-size depth-3 circuit.)",O(n/ log n)
1509.09180#5:bound-cloze:1,bound-cloze,1509.09180#5,1509.09180,definition,interactive-proofs; quantum-complexity,"The input to the promise problem sf Q-CIRCUIT consists of a quantum circuit made of a sequence of gates, U= U_T, ... , U_1 acting on n input qubits. (We take these circuits to be given in the universal gateset { sf X , sf Z , sf H , sf CNOT , sf T }.) Let p(U)= lVert vert 0 rangle le 0 vert ⊗ I _ n-1 U vert 0^n rangle rVert ^2 be the probability of observing ``0'' as a result of a computational basis measurement of the [MASK] output qubit, obtained by evaluating U on input vert 0^n rangle . Then define Q-CIRCUIT ={ Q-CIRCUIT _ YES , Q-CIRCUIT _ NO } with Q-CIRCUIT _ YES &: p(U) ≥ 2/3 , Q-CIRCUIT _ NO &: p(U) ≤ 1/3 .",n^ th
1509.09180#14:bound-cloze:2,bound-cloze,1509.09180#14,1509.09180,lemma,interactive-proofs; quantum-complexity,"Consider the texorpdfstring hyperref [prot:interactive-proof-EPR] Interactive Proof System Interactive Proof System for a circuit C on n qubits and with t sf T -gate gadgets, with attack {E_k} (with each E_k = Σ _ Q α_ k,Q Q ). Let B_ t,n be the set of benign attacks. Then the probability that the verifier rejects for a computation run is at least: (1-p) Σ _k Σ _ Q ∈ B_ t,n lvert α_ k,Q rvert ^2 , where p= lVert ( vert 0 rangle le 0 vert ⊗ I _ n-1 ) C vert 0^n rangle rVert ^2 is the probability that we observe ``0'' as a results of a computational basis measurement of the [MASK] output qubit, obtained by evaluating C on input vert 0^n rangle .",n^ th
1509.09271#1:bound-cloze:1,bound-cloze,1509.09271#1,1509.09271,theorem,quantum-complexity; query-complexity,"The maximum success probability of any k -query quantum algorithm for interpolating a polynomial of degree d over F _q is |R_k|/[MASK] , where R_k := Z( F _q^k × F _q^k) is the range of the function Zcolon F _q^k × F _q^k → F _q^ d+1 defined by smash Z(x,y)_j := Σ _ i=1 ^k y_i x_i^j for j ∈ {0,1, ... ,d} .",q^ d+1
1509.09271#1:paper-subarea:1,paper-subarea,1509.09271#1,1509.09271,theorem,quantum-complexity; query-complexity,"The maximum success probability of any k -query quantum algorithm for interpolating a polynomial of degree d over F _q is |R_k|/q^ d+1 , where R_k := Z( F _q^k × F _q^k) is the range of the function Zcolon F _q^k × F _q^k → F _q^ d+1 defined by smash Z(x,y)_j := Σ _ i=1 ^k y_i x_i^j for j ∈ {0,1, ... ,d} .

[MASK]",quantum-complexity; query-complexity
1509.09271#2:bound-cloze:2,bound-cloze,1509.09271#2,1509.09271,theorem,quantum-complexity; query-complexity,"For any fixed positive integer d , the success probability of hyperref [thm:sucprob] Theorem is |R_k|/[MASK] = frac 1 k! (1 - O(1/q)) if d is odd and k=frac d 2 +frac 1 2 , and |R_k|/q^ d+1 = 1 - O(1/q) if d is even and k=frac d 2 + 1 .",q^ d+1
1509.09271#2:paper-subarea:2,paper-subarea,1509.09271#2,1509.09271,theorem,quantum-complexity; query-complexity,"For any fixed positive integer d , the success probability of hyperref [thm:sucprob] Theorem is |R_k|/q^ d+1 = frac 1 k! (1 - O(1/q)) if d is odd and k=frac d 2 +frac 1 2 , and |R_k|/q^ d+1 = 1 - O(1/q) if d is even and k=frac d 2 + 1 .

[MASK]",quantum-complexity; query-complexity
1509.09271#3:paper-subarea:3,paper-subarea,1509.09271#3,1509.09271,theorem,quantum-complexity; query-complexity,"For any fixed positive integer d , there is a gate-efficient quantum algorithm for interpolating a polynomial of degree d over F _q using k=frac d 2 +frac 1 2 queries, succeeding with probability frac 1 k! (1-O(1/q)) , if d is odd; and k=frac d 2 +1 queries, succeeding with probability 1-o(1) , if d is even.

[MASK]",quantum-complexity; query-complexity
1509.09271#4:bound-cloze:3,bound-cloze,1509.09271#4,1509.09271,lemma,quantum-complexity; query-complexity,"If k = d/2 + 1/2 , then for all z ∈ F _[MASK] , either |Z^ -1 (z)^ good |=0 or |Z^ -1 (z)^ good |=k! .",q^ d+1
1509.09271#6:bound-cloze:4,bound-cloze,1509.09271#6,1509.09271,lemma,quantum-complexity; query-complexity,"Let ket ψ_c be the state of any quantum polynomial interpolation algorithm after k queries, where the black box contains c ∈ F _[MASK] . Then dim span {ket ψ_c : c ∈ F _q^ d+1 } ≤ |R_k| .",q^ d+1
1510.02082#5:bound-cloze:1,bound-cloze,1510.02082#5,1510.02082,theorem,quantum-complexity,"bf Explicit NLETS There exists constants ε = 10^ -9 , a,b>0 and an explicit infinite family of Hamiltonians {H_n}_n , each of the form H_n = frac 1 m Σ _ i=1 ^m frac I + P_i 2 , for P_i equal to pm 1 times a tensor product of Pauli matrices on 16 qubits and identity elsewhere. These Hamiltonians have the property that bit There exists a state | φ_n rangle such that H_n | φ_n rangle =0 . For any ε -impostor ρ_n for H_n and any quantum circuit U_n of depth at most d=b · rm log (n) , we have |ρ_n - U_n |0^ ⊗ n rangle le 0^ ⊗ n |U_n^dag |_1 > [MASK] . eit",n^ -a
1510.02082#5:paper-subarea:1,paper-subarea,1510.02082#5,1510.02082,theorem,quantum-complexity,"bf Explicit NLETS There exists constants ε = 10^ -9 , a,b>0 and an explicit infinite family of Hamiltonians {H_n}_n , each of the form H_n = frac 1 m Σ _ i=1 ^m frac I + P_i 2 , for P_i equal to pm 1 times a tensor product of Pauli matrices on 16 qubits and identity elsewhere. These Hamiltonians have the property that bit There exists a state | φ_n rangle such that H_n | φ_n rangle =0 . For any ε -impostor ρ_n for H_n and any quantum circuit U_n of depth at most d=b · rm log (n) , we have |ρ_n - U_n |0^ ⊗ n rangle le 0^ ⊗ n |U_n^dag |_1 > n^ -a . eit

[MASK]",quantum-complexity
1510.02082#8:bound-cloze:2,bound-cloze,1510.02082#8,1510.02082,theorem,quantum-complexity,"Let N ≥ n>0 be some integers, and | ψ rangle = U | 0^N rangle for U a circuit of depth d . Let p be the probability distribution that results from measuring the first n qubits in the computational basis; i.e. p(x) = Σ _ y ∈ {0,1}^ N-n | le x,ymiddle |ψ rangle |^2. Then for any ell ≥ α sqrt n [MASK] ≥ 1 with α ≤ 1 , we have: h_ ell (p) ≥ Ω(α^2)",2^ 1.5d
1510.02082#8:paper-subarea:2,paper-subarea,1510.02082#8,1510.02082,theorem,quantum-complexity,"Let N ≥ n>0 be some integers, and | ψ rangle = U | 0^N rangle for U a circuit of depth d . Let p be the probability distribution that results from measuring the first n qubits in the computational basis; i.e. p(x) = Σ _ y ∈ {0,1}^ N-n | le x,ymiddle |ψ rangle |^2. Then for any ell ≥ α sqrt n 2^ 1.5d ≥ 1 with α ≤ 1 , we have: h_ ell (p) ≥ Ω(α^2)

[MASK]",quantum-complexity
1510.02082#9:bound-cloze:3,bound-cloze,1510.02082#9,1510.02082,definition,quantum-complexity,"bf Classical locally testable code A code C ⊆ F _[MASK] is said to be locally testable with parameters q,ρ , if there exists a set of q -local check terms {C_1, ... ,C_m} , such that rm Prob _i [C_i(w) = 1 ] ≥ ρ · frac dist (w, C) n .",2^n
1510.02082#10:bound-cloze:4,bound-cloze,1510.02082#10,1510.02082,definition,quantum-complexity,"bf Pauli operators X = 0 & 1 1 & 0 qand Z = 1 & 0 0 & -1 For e ∈ F _[MASK] , define X^e = X^ e_1 ot X^ e_2 ot ... ot X^ e_n , i.e. the tensor product of X operators in each position where e_i=1 ; similarly define Z^e = otimes_i Z^ e_i .",2^n
1510.02082#27:paper-subarea:3,paper-subarea,1510.02082#27,1510.02082,corollary,quantum-complexity,"Consider the maximal connected residual graph G_ ε above. For all d ≥ 14 and ε' defined in eq eps-prime-def , the following holds: ∀ w ∈ F _2^ V' , quad 100 ε' ≤ frac |w| |V'| ≤ frac 12 quad ⇒ quad |partial _ G_ ε w| ≥ 3 |w|.

[MASK]",quantum-complexity
1510.02082#36:paper-subarea:4,paper-subarea,1510.02082#36,1510.02082,theorem,quantum-complexity,"bf sf NLETS (sketch) There exists a family of O(1) -local Hamiltonians that is sf QNC ^1 -robust.

[MASK]",quantum-complexity
1510.08417#4:bound-cloze:1,bound-cloze,1510.08417#4,1510.08417,theorem,algebraic-complexity; circuit-complexity,"Over any totally ordered semi-ring, the Hamiltonian Cycle polynomial is not a monotone affine p-projection of the permanent; in fact, any monotone affine projection from the permanent to the Hamiltonian Cycle polynomial has blow-up at least 2^ [MASK] .",Ω(n)
1510.08417#4:paper-subarea:1,paper-subarea,1510.08417#4,1510.08417,theorem,algebraic-complexity; circuit-complexity,"Over any totally ordered semi-ring, the Hamiltonian Cycle polynomial is not a monotone affine p-projection of the permanent; in fact, any monotone affine projection from the permanent to the Hamiltonian Cycle polynomial has blow-up at least 2^ Ω(n) .

[MASK]",algebraic-complexity; circuit-complexity
1510.08417#5:bound-cloze:2,bound-cloze,1510.08417#5,1510.08417,lemma,algebraic-complexity; circuit-complexity,"If an n -variable polynomial is an affine projection of the m × m permanent, then it is a simple projection of the N × N permanent for N = m + (n+1)[MASK] . The same holds with ``affine projection'' replaced by ``monotone affine projection'' in both places.",m^2
1510.08417#6:bound-cloze:3,bound-cloze,1510.08417#6,1510.08417,theorem,algebraic-complexity; circuit-complexity,"Over any totally ordered semi-ring, the perfect matching polynomial (or ``unsigned Pfaffian'') is not a monotone affine p-projection of the permanent; in fact, any monotone affine projection from the permanent to the perfect matching polynomial has blow-up at least 2^ [MASK] .",Ω(n)
1510.08417#6:paper-subarea:2,paper-subarea,1510.08417#6,1510.08417,theorem,algebraic-complexity; circuit-complexity,"Over any totally ordered semi-ring, the perfect matching polynomial (or ``unsigned Pfaffian'') is not a monotone affine p-projection of the permanent; in fact, any monotone affine projection from the permanent to the perfect matching polynomial has blow-up at least 2^ Ω(n) .

[MASK]",algebraic-complexity; circuit-complexity
1510.08417#7:bound-cloze:4,bound-cloze,1510.08417#7,1510.08417,theorem,algebraic-complexity; circuit-complexity,"Over any totally ordered semi-ring, for any q , the q -th cut polynomial is not a monotone affine p-projection of the permanent; in fact, any monotone affine projection from the permanent to the q -th cut polynomial has blow-up at least 2^ [MASK] .",Ω(n)
1510.08417#7:paper-subarea:3,paper-subarea,1510.08417#7,1510.08417,theorem,algebraic-complexity; circuit-complexity,"Over any totally ordered semi-ring, for any q , the q -th cut polynomial is not a monotone affine p-projection of the permanent; in fact, any monotone affine projection from the permanent to the q -th cut polynomial has blow-up at least 2^ Ω(n) .

[MASK]",algebraic-complexity; circuit-complexity
1510.08417#9:paper-subarea:4,paper-subarea,1510.08417#9,1510.08417,corollary,algebraic-complexity; circuit-complexity,"Over any totally ordered semi-ring, any monotone formula computing the Hamiltonian Cycle polynomial, the perfect matching polynomial, or the q -th cut polynomial has size at least 2^ Ω(n) . Consequently, any monotone circuit computing these polynomials has size at least 2^ Ω( sqrt n ) .

[MASK]",algebraic-complexity; circuit-complexity
1511.01937#1:paper-subarea:1,paper-subarea,1511.01937#1,1511.01937,theorem,quantum-complexity; query-complexity,"theorem RvsQ There exists a total function f such that R(f) = widetilde Ω (Q(f)^ 2.5 ) .

[MASK]",quantum-complexity; query-complexity
1511.01937#2:paper-subarea:2,paper-subarea,1511.01937#2,1511.01937,theorem,quantum-complexity; query-complexity,"theorem Qvsadeg There exists a total function f such that Q(f) ≥ widetilde deg (f)^ 4-o(1) .

[MASK]",quantum-complexity; query-complexity
1511.01937#3:paper-subarea:3,paper-subarea,1511.01937#3,1511.01937,theorem,quantum-complexity; query-complexity,"theorem QvsC There exists a total function f such that Q(f) = widetilde Ω (C(f)^ 2 ) .

[MASK]",quantum-complexity; query-complexity
1511.01937#4:paper-subarea:4,paper-subarea,1511.01937#4,1511.01937,theorem,quantum-complexity; query-complexity,"theorem Qvsdeg There exists a total function f such that Q(f) = widetilde Ω (deg (f)^ 2 ) .

[MASK]",quantum-complexity; query-complexity
1511.01937#8:bound-cloze:1,bound-cloze,1511.01937#8,1511.01937,definition,quantum-complexity; query-complexity,Let sc Block k -sum be a total Boolean function on n bits defined as follows. \ We split the input into blocks of size 10k log n each and say a block is balanced if it has an equal number of 0 s and 1 s. \ Let the balanced blocks represent numbers in an alphabet M of size [MASK] . The value of the function is 1 if and only if there are k balanced blocks whose corresponding numbers sum to 0 pmod M and all other blocks have at least as many 1 s as 0 s.,Ω(n^k)
1511.01937#9:bound-cloze:2,bound-cloze,1511.01937#9,1511.01937,definition,quantum-complexity; query-complexity,"Let sc BKK _ [MASK],k :{0,1}^ n^2 → {0,1} be the function sc Block k -sum on n bits composed with a Boolean version of ksc -sum on n bits, and define sc BKK _ n^2 to be sc BKK _ n^2,k with k= log n .",n^2
1511.01937#10:bound-cloze:3,bound-cloze,1511.01937#10,1511.01937,theorem,quantum-complexity; query-complexity,"For the total Boolean function sc BKK _ n^2,k :{0,1}^ n^2 → {0,1} , we have C(sc BKK _ n^2,k )=[MASK] quad and quad Q(sc BKK _ n^2,k )=Ω l(frac n^ 2-2/(k+1) k^3 log ^2 n r).",O(k^2 n log n)
1511.01937#13:bound-cloze:4,bound-cloze,1511.01937#13,1511.01937,theorem,quantum-complexity; query-complexity,"There exists a total function sc RecBKK :{0,1}^N → {0,1} such that given query access to a certificate of size [MASK] , a quantum algorithm can check the validity of the certificate using at most N^ 1/4+o(1) queries. \ Furthermore, Q(sc RecBKK ) = N^ 1-o(1) .",N^ 1/2+o(1)
1602.03332#1:bound-cloze:1,bound-cloze,1602.03332#1,1602.03332,theorem,meta-complexity,"Let t ∈ E be a time bound. Then there exists time bound t' ∈ E such that for any strings x,y , we have C^t(x,y) ≥ C^ t' (x) + C^ t' (y|x) - [MASK] .",O( log (|x|+|y|))
1602.03332#1:paper-subarea:1,paper-subarea,1602.03332#1,1602.03332,theorem,meta-complexity,"Let t ∈ E be a time bound. Then there exists time bound t' ∈ E such that for any strings x,y , we have C^t(x,y) ≥ C^ t' (x) + C^ t' (y|x) - O( log (|x|+|y|)) .

[MASK]",meta-complexity
1602.03332#3:paper-subarea:2,paper-subarea,1602.03332#3,1602.03332,theorem,meta-complexity,"NP has p_2 -measure zero iff NP has p -measure zero.

[MASK]",meta-complexity
1602.03332#4:bound-cloze:2,bound-cloze,1602.03332#4,1602.03332,lemma,meta-complexity,"Suppose { d_ j }_ j ≥ 1 is a set of p -martingales (resp. p_2 -martingales), where d_j is computable in time (n+j)^k (resp. [MASK] ) (for some k ∈ N ), and Σ _i d_i(ε)< ∞ . Then there exists a martingale d computable in time n^c (resp. 2^ log ^c n ), for some c ∈ N , such that for all i and all strings w , d(w) ≥ 2^ -i d_i(w) and d(ε)< ∞ .",2^ log ^k (n+j)
1602.03332#5:paper-subarea:3,paper-subarea,1602.03332#5,1602.03332,theorem,meta-complexity,"Let c ∈ N . The set {A ∈ 2^ ω |\ ∃ ^ ∞ n \ C^n(Aupharpoonright n) < log ^c n} has p_2 -measure zero.

[MASK]",meta-complexity
1602.03332#8:bound-cloze:3,bound-cloze,1602.03332#8,1602.03332,lemma,meta-complexity,"Let A ∈ DTIME (n^c) (resp. DTIME (2^ n^c ) ). For every t ∈ PL (resp. t ∈ 2^ PL ) and n ∈ N , C^ t' (Aupharpoonright n) ≤ ^+ C^t(1^n) with t'(n)=[MASK] (resp. t'(n)=O(t(n)+2^ log ^c n ) .",O(t(n)+ log ^c n)
1602.03332#10:bound-cloze:4,bound-cloze,1602.03332#10,1602.03332,theorem,meta-complexity,"Let A,B ∈ EXP , A ≤ _T^p B in time [MASK] , and A is α log ^ ck n -deep _ PL for some k , α>0 , then B is β log ^ k n -deep _ PL for some β>0 .",O(n^c)
1602.03332#10:paper-subarea:4,paper-subarea,1602.03332#10,1602.03332,theorem,meta-complexity,"Let A,B ∈ EXP , A ≤ _T^p B in time O(n^c) , and A is α log ^ ck n -deep _ PL for some k , α>0 , then B is β log ^ k n -deep _ PL for some β>0 .

[MASK]",meta-complexity
1603.03757#1:bound-cloze:1,bound-cloze,1603.03757#1,1603.03757,definition,algebraic-complexity; communication-complexity; quantum-complexity,"Let k be a positive integer and let f be a function [[MASK]]^k → {0,1} . The k -player nondeterministic quantum communication complexity of f is the minimal complexity of a k -player quantum communication protocol that nondeterministically computes f , and is denoted by NQ (f) .",2^n
1603.03757#4:bound-cloze:2,bound-cloze,1603.03757#4,1603.03757,theorem,algebraic-complexity; communication-complexity; quantum-complexity,"Let f: [[MASK]]^k → {0,1} be a function and let t be the tensor in ( C ^ 2^n )^ ⊗ k with entries given by f , that is, t = Σ _ i ∈ [2^n]^k f(i) ket i_1 ket i_2 ... ket i_k . Then NQ (f) = log _2 R_s (t) and underline NQ (f) = log _2 underline R _s (t) .",2^n
1603.03757#4:paper-subarea:1,paper-subarea,1603.03757#4,1603.03757,theorem,algebraic-complexity; communication-complexity; quantum-complexity,"Let f: [2^n]^k → {0,1} be a function and let t be the tensor in ( C ^ 2^n )^ ⊗ k with entries given by f , that is, t = Σ _ i ∈ [2^n]^k f(i) ket i_1 ket i_2 ... ket i_k . Then NQ (f) = log _2 R_s (t) and underline NQ (f) = log _2 underline R _s (t) .

[MASK]",algebraic-complexity; communication-complexity; quantum-complexity
1603.03757#7:bound-cloze:3,bound-cloze,1603.03757#7,1603.03757,theorem,algebraic-complexity; communication-complexity; quantum-complexity,"Let f: [[MASK]]^k → {0,1} . Then we have NQ (f) ≤ NQ _0(f) ≤ (k-1) NQ (f) .",2^n
1603.03757#7:paper-subarea:2,paper-subarea,1603.03757#7,1603.03757,theorem,algebraic-complexity; communication-complexity; quantum-complexity,"Let f: [2^n]^k → {0,1} . Then we have NQ (f) ≤ NQ _0(f) ≤ (k-1) NQ (f) .

[MASK]",algebraic-complexity; communication-complexity; quantum-complexity
1603.03757#12:bound-cloze:4,bound-cloze,1603.03757#12,1603.03757,theorem,algebraic-complexity; communication-complexity; quantum-complexity,"Let GHZ _[MASK] be the k -party tensor consisting of EPR-pairs between any parties. Then \[ ω( GHZ _2^ K_k , GHZ _2^k) = frac 1 k-1 . \] In other words, for any ε > 0 , there is an n_0 such that for all n>n_0 , \[ ( GHZ _2^ K_k )^ ⊗ n(frac 1 k-1 +ε ) xrightarrow SLOCC ( GHZ _2^ k )^ ⊗ n . \]",2^ K_k
1603.03757#12:paper-subarea:3,paper-subarea,1603.03757#12,1603.03757,theorem,algebraic-complexity; communication-complexity; quantum-complexity,"Let GHZ _2^ K_k be the k -party tensor consisting of EPR-pairs between any parties. Then \[ ω( GHZ _2^ K_k , GHZ _2^k) = frac 1 k-1 . \] In other words, for any ε > 0 , there is an n_0 such that for all n>n_0 , \[ ( GHZ _2^ K_k )^ ⊗ n(frac 1 k-1 +ε ) xrightarrow SLOCC ( GHZ _2^ k )^ ⊗ n . \]

[MASK]",algebraic-complexity; communication-complexity; quantum-complexity
1603.03757#16:paper-subarea:4,paper-subarea,1603.03757#16,1603.03757,theorem,algebraic-complexity; communication-complexity; quantum-complexity,"The classical nondeterministic communication complexity N ( EQ _n^ C_k ) of the cyclic equality problem equals kn .

[MASK]",algebraic-complexity; communication-complexity; quantum-complexity
1604.02804#1:paper-subarea:1,paper-subarea,1604.02804#1,1604.02804,theorem,interactive-proofs; quantum-complexity,"Assuming the existence of an unconditionally binding and quantum computationally concealing bit commitment scheme, every problem in up QMA has a quantum computational zero-knowledge proof system.

[MASK]",interactive-proofs; quantum-complexity
1604.02804#2:paper-subarea:2,paper-subarea,1604.02804#2,1604.02804,theorem,interactive-proofs; quantum-complexity,"The 5 -local Clifford-Hamiltonian problem is up QMA -complete with respect to Karp reductions. Moreover, for any choice of promise problem A = (A_ yes ,A_ no ) ∈ up QMA and a polynomially bounded function p , there exists a Karp reduction f from A to 5 -LCH having the form f(x) = lle H_1, ... ,H_m,1^ p( lvert x rvert ) ,1^q rrangle for every x ∈ A_ yes ∪ A_ no .

[MASK]",interactive-proofs; quantum-complexity
1604.02804#10:bound-cloze:1,bound-cloze,1604.02804#10,1604.02804,definition,interactive-proofs; quantum-complexity,"A quantum computationally secure commitment scheme for an alphabet Γ is a collection of polynomial-time computable functions {f_n : n ∈ N } taking the form f_n:Γ × {0,1}^ p(n) → {0,1}^ q(n) , for polynomially bounded functions p and q , such that the following conditions hold: parindent Unconditionally binding property. For every choice of n ∈ N , a,b ∈ Γ , and r,s ∈ {0,1}^ p(n) , one has that f_n(a,r) = f_n(b,s) implies a=b . Quantum computationally concealing property. For every a ∈ Γ and n ∈ N , define ρ_ a,n = frac 1 [MASK] Σ _ r ∈ {0,1}^ p(n) lvert f_n(a,r) rangle le f_n(a,r) rvert . For every choice of a,b ∈ Γ the ensembles {ρ_ a,n : n ∈ N } and {ρ_ b,n : n ∈ N } are quantum computationally indistinguishable.",2^ p(n)
1605.01142#1:paper-subarea:1,paper-subarea,1605.01142#1,1605.01142,theorem,communication-complexity; query-complexity,"theorem qvsr There exists a total function Fcolon X × Y → {0,1} with R (F) = widetilde Ω ( Q (F)^ 2.5 ) .

[MASK]",communication-complexity; query-complexity
1605.01142#2:paper-subarea:2,paper-subarea,1605.01142#2,1605.01142,theorem,communication-complexity; query-complexity,"theorem qevsr There exists a total function Fcolon X × Y → {0,1} with R (F) = widetilde Ω ( Q _E(F)^ 1.5 ) .

[MASK]",communication-complexity; query-complexity
1605.01142#3:paper-subarea:3,paper-subarea,1605.01142#3,1605.01142,theorem,communication-complexity; query-complexity,"theorem unvsr There exists a total function Fcolon X × Y → {0,1} with R (F) ≥ UN (F)^ 2-o(1) .

[MASK]",communication-complexity; query-complexity
1605.01142#4:paper-subarea:4,paper-subarea,1605.01142#4,1605.01142,theorem,communication-complexity; query-complexity,"For any function F , and any family of functions G ={G_0, ... , G_ 2^c-1 } let F_ G be the (F, G ) -lookup function. Provided G satisfies certain mild technical conditions, R (F_ G ) = widetilde Ω ( R (F)) and IC (F_ G ) = widetilde Ω ( IC (F)) .

[MASK]",communication-complexity; query-complexity
1605.01142#42:bound-cloze:1,bound-cloze,1605.01142#42,1605.01142,theorem,communication-complexity; query-complexity,"Let m ≤ n and let b ≥ t log n for a sufficiently large constant t . Then R (sc Str ∘ sc IP _b) = widetilde [MASK] qquad rm and qquad R (sc Ptr _ n,m ∘ sc IP _b) = Ω(nm).",Ω (n^ 2.5 )
1605.01142#43:bound-cloze:2,bound-cloze,1605.01142#43,1605.01142,theorem,communication-complexity; query-complexity,"Let sc Str and sc Ptr _ n,m denote the partial functions defined in hyperref [eq:str] ( ) and hyperref [eq:ptr] ( ) . Then deg ^+_ 1/(64 sqrt n ) (sc Str ) = [MASK] qquad rm and qquad deg ^+_ 1/16 ( ¬ sc Ptr _ n,m ) = Ω(nm).",Ω(n^ 2.5 )
1605.01142#46:bound-cloze:3,bound-cloze,1605.01142#46,1605.01142,lemma,communication-complexity; query-complexity,"Let αcoloneqq sqrt n /2 . There exists a pair of distributions (D_1,D_0) where D_i is supported on sc Simon _[MASK] (i) such that for every conjunction C with |C| literals, Pr _ z arrow D_0 [C(z)=1] ≥ (1- |C|/α) · Pr _ z arrow D_1 [C(z)=1].",n^ -1
1605.01142#49:bound-cloze:4,bound-cloze,1605.01142#49,1605.01142,theorem,communication-complexity; query-complexity,"For any ε>0 define bcoloneqq [MASK] (with a large enough implicit constant). For every partial fcolon {0,1}^n → {0,1,*} we have \[ R _ε(f ∘ sc IP _b) ≥ Ω( deg ^+_ε(f) · b). \]",Θ( log (n/ε))
1606.05050#1:bound-cloze:1,bound-cloze,1606.05050#1,1606.05050,definition,algebraic-complexity; circuit-complexity; proof-complexity,"Let f_1( overline x @ifnextchar ^ ), ... ,f_m( overline x @ifnextchar ^ ) ∈ F [x_1, ... ,x_n] be a system of polynomials. An bf IPS refutation for showing that the polynomials {f_j}_j have no common solution in {0,1} ^n is an algebraic circuit C( overline x @ifnextchar ^ , overline y @ifnextchar ^ , overline z @ifnextchar ^ ) ∈ F [ overline x @ifnextchar ^ ,y_1, ... ,y_m,z_1, ... ,z_n] , such that C( overline x @ifnextchar ^ , overline 0 , overline 0 ) = 0 . C( overline x @ifnextchar ^ ,f_1( overline x @ifnextchar ^ ), ... ,f_m( overline x @ifnextchar ^ ),x_1^2-x_1, ... ,x_[MASK]-x_n)=1 . The bf size of the IPS refutation is the size of the circuit C . If C is of individual degree ≤ 1 in each y_j and z_i , then this is a bf linear IPS refutation (called Hilbert IPS by Grochow-Pitassi ), which we will abbreviate as texorpdfstring IPS _ LIN IPS-LIN xspace . If C is of individual degree ≤ 1 only in the y_j then we say this is a texorpdfstring IPS _ LIN ' xspace IPS-LIN' refutation. If C comes from a restricted class of algebraic circuits C , then this is a called a C -IPS refutation, and further called a C -texorpdfstring IPS _ LIN IPS-LIN xspace refutation if C is linear in overline y @ifnextchar ^ , overline z @ifnextchar ^ , and a C -texorpdfstring IPS _ LIN ' xspace IPS-LIN' refutation if C is linear in overline y @ifnextchar ^ .",n^2
1606.05050#13:bound-cloze:2,bound-cloze,1606.05050#13,1606.05050,theorem,algebraic-complexity; circuit-complexity; proof-complexity,"Let F be a field of characteristic ≥ poly (n) and β ∉ {0, ... ,n} . Then Σ _ i=1 ^n x_iy_i-β,{x_i^2-x_i}_i,{y_i^2-y_i}_i is unsatisfiable and any Σ wedge Σ xspace -texorpdfstring IPS _ LIN IPS-LIN xspace refutation requires size ≥ exp ([MASK]) .",Ω(n)
1606.05050#13:paper-subarea:1,paper-subarea,1606.05050#13,1606.05050,theorem,algebraic-complexity; circuit-complexity; proof-complexity,"Let F be a field of characteristic ≥ poly (n) and β ∉ {0, ... ,n} . Then Σ _ i=1 ^n x_iy_i-β,{x_i^2-x_i}_i,{y_i^2-y_i}_i is unsatisfiable and any Σ wedge Σ xspace -texorpdfstring IPS _ LIN IPS-LIN xspace refutation requires size ≥ exp (Ω(n)) .

[MASK]",algebraic-complexity; circuit-complexity; proof-complexity
1606.05050#14:bound-cloze:3,bound-cloze,1606.05050#14,1606.05050,theorem,algebraic-complexity; circuit-complexity; proof-complexity,"Let F be a field of characteristic ≥ poly (n) and β ∉ {0, ... ,binom 2n 2 } . Then Σ _ i<j z_ i,j x_ix_j-β,{x_i^2-x_i}_ i=1 ^n,{z_ i,j ^2-z_ i,j }_ i<j is unsatisfiable, and any roABP-texorpdfstring IPS _ LIN IPS-LIN xspace refutation (in any variable order) requires exp ([MASK]) -size. Further, any multilinear-formula-IPS refutation requires n^ Ω( log n) -size, and any product-depth- d multilinear-formula-IPS refutation requires n^ Ω((nicefrac n log n )^ 1/d /d^2) -size.",Ω(n)
1606.05050#14:paper-subarea:2,paper-subarea,1606.05050#14,1606.05050,theorem,algebraic-complexity; circuit-complexity; proof-complexity,"Let F be a field of characteristic ≥ poly (n) and β ∉ {0, ... ,binom 2n 2 } . Then Σ _ i<j z_ i,j x_ix_j-β,{x_i^2-x_i}_ i=1 ^n,{z_ i,j ^2-z_ i,j }_ i<j is unsatisfiable, and any roABP-texorpdfstring IPS _ LIN IPS-LIN xspace refutation (in any variable order) requires exp (Ω(n)) -size. Further, any multilinear-formula-IPS refutation requires n^ Ω( log n) -size, and any product-depth- d multilinear-formula-IPS refutation requires n^ Ω((nicefrac n log n )^ 1/d /d^2) -size.

[MASK]",algebraic-complexity; circuit-complexity; proof-complexity
1606.05050#15:bound-cloze:4,bound-cloze,1606.05050#15,1606.05050,theorem,algebraic-complexity; circuit-complexity; proof-complexity,"Let C be a restricted class of n -variate algebraic circuits. Full derandomization of PIT algorithms for C yields a (weakly) explicit polynomial whose nonzero multiples require exp ([MASK]) -size as C -circuits. In particular, when C is the class of sparse polynomials, depth-3 powering formulas, Σ wedge Σ Π ^ O (1) xspace formulas (in characteristic zero), or ``every-order'' roABPs, then all nonzero multiples of the n × n determinant are exp (Ω(n)) -hard in these models.",Ω(n)
1606.05050#15:paper-subarea:3,paper-subarea,1606.05050#15,1606.05050,theorem,algebraic-complexity; circuit-complexity; proof-complexity,"Let C be a restricted class of n -variate algebraic circuits. Full derandomization of PIT algorithms for C yields a (weakly) explicit polynomial whose nonzero multiples require exp (Ω(n)) -size as C -circuits. In particular, when C is the class of sparse polynomials, depth-3 powering formulas, Σ wedge Σ Π ^ O (1) xspace formulas (in characteristic zero), or ``every-order'' roABPs, then all nonzero multiples of the n × n determinant are exp (Ω(n)) -hard in these models.

[MASK]",algebraic-complexity; circuit-complexity; proof-complexity
1606.05050#16:paper-subarea:4,paper-subarea,1606.05050#16,1606.05050,theorem,algebraic-complexity; circuit-complexity; proof-complexity,"We obtain the following lower bounds for multiples. All nonzero multiples of x_1 ... x_n require exp (Ω(n)) -size as a depth-3 powering formula (over any field), or as a Σ wedge Σ Π ^ O (1) xspace formula (in characteristic zero). All nonzero multiples of (x_1+1) ... (x_n+1) require exp (Ω(n)) -many monomials. All nonzero multiples of Π _i (x_i+y_i) require exp (Ω(n)) -width as an roABP in any variable order where overline x @ifnextchar ^ precedes overline y @ifnextchar ^ . All nonzero multiples of Π _ i<j (x_i+x_j) require exp (Ω(n)) -width as an roABP in any variable order, as well as exp (Ω(n)) -width as a read-twice oblivious ABP. here

[MASK]",algebraic-complexity; circuit-complexity; proof-complexity
1610.08349#14:paper-subarea:1,paper-subarea,1610.08349#14,1610.08349,theorem,hardness-of-approximation,"For any set of canonical paths P , \[λ(H_G) ≥ frac 1 ζ( P ) \]

[MASK]",hardness-of-approximation
1611.08946#2:paper-subarea:1,paper-subarea,1611.08946#2,1611.08946,theorem,communication-complexity; quantum-complexity,"In any (quantum) protocol computing sf Greater-Than on n bits with error 1/3 , if Bob communicates b bits to Alice, then Alice must communicate frac n 2^ O (b) bits to Bob.

[MASK]",communication-complexity; quantum-complexity
1611.08946#7:bound-cloze:1,bound-cloze,1611.08946#7,1611.08946,theorem,communication-complexity; quantum-complexity,"Any protocol which accomplishes the communication task from Definition with constant error ε ∈ (0, frac 1 2 ) requires a quantum communication cost lower bounded by min set Ωbr k^ 1/5 ,[MASK] .",Ω ( log n)
1611.08946#7:paper-subarea:2,paper-subarea,1611.08946#7,1611.08946,theorem,communication-complexity; quantum-complexity,"Any protocol which accomplishes the communication task from Definition with constant error ε ∈ (0, frac 1 2 ) requires a quantum communication cost lower bounded by min set Ωbr k^ 1/5 ,Ω ( log n) .

[MASK]",communication-complexity; quantum-complexity
1611.08946#8:paper-subarea:3,paper-subarea,1611.08946#8,1611.08946,theorem,communication-complexity; quantum-complexity,"There exists a classical protocol that accomplishes the communication task from Definition with constant error ε > 0 and with IC upper bounded by O( log (k log n)2^ frac 2 log n k ) .

[MASK]",communication-complexity; quantum-complexity
1701.05328#4:paper-subarea:1,paper-subarea,1701.05328#4,1701.05328,theorem,algebraic-complexity; circuit-complexity; derandomization; meta-complexity,"Let M ⊆ F [x_1, ... ,x_n] be a set of monomials M ={ x @ifnextchar ^ ^ a @ifnextchar ^ }_ a @ifnextchar ^ , and let the set span ( M )vcentcolon ={ Σ _ x @ifnextchar ^ ^ a @ifnextchar ^ ∈ M c_ a @ifnextchar ^ x @ifnextchar ^ ^ a @ifnextchar ^ : c_ a @ifnextchar ^ ∈ F } be all linear combinations of these monomials. Let C ⊆ span ( M ) and D ⊆ F [{c_ a @ifnextchar ^ }_ x @ifnextchar ^ ^ a @ifnextchar ^ ∈ M ] be classes of polynomials, where the latter is in | M | many variables. Then there is an algebraic D -natural proof against C iff C is not a C -succinct hitting set for D .

[MASK]",algebraic-complexity; circuit-complexity; derandomization; meta-complexity
1701.05328#5:paper-subarea:2,paper-subarea,1701.05328#5,1701.05328,corollary,algebraic-complexity; circuit-complexity; derandomization; meta-complexity,"Let C ⊆ F [x_1, ... ,x_n]^d xspace be the class of poly (n,d) -size circuits of total degree at most d . Then there is an algebraic poly ( N_ n,d xspace ) -natural proof against C iff C is not a poly (n,d) -succinct hitting set for poly ( N_ n,d xspace ) -size circuits in N_ n,d xspace variables.

[MASK]",algebraic-complexity; circuit-complexity; derandomization; meta-complexity
1701.05328#8:paper-subarea:3,paper-subarea,1701.05328#8,1701.05328,theorem,algebraic-complexity; circuit-complexity; derandomization; meta-complexity,"There is an explicit polylog (N) -size circuit which is a VP _ polylog (N) -succinct generator for VP _N iff there is a VP _ polylog (N) -succinct hitting set for VP _N . Further, the existence of any VP _ polylog (N) -succinct hitting set for VP _N implies an explicit poly (N)^ polylog (N) -size hitting set for VP _N .

[MASK]",algebraic-complexity; circuit-complexity; derandomization; meta-complexity
1701.05328#10:bound-cloze:1,bound-cloze,1701.05328#10,1701.05328,theorem,algebraic-complexity; circuit-complexity; derandomization; meta-complexity,"In the space of multilinear polynomials F [x_1, ... ,x_n]^ 1 _ ideg xspace , the set of poly ( log s,n) -size multilinear ΣΠΣ formulas is a succinct hitting set for N=[MASK] -variate size- s computations of the form Σ^ O(1) ΠΣ formulas (autoref subsec:spsk ) ΣΠΣ formulas of transcendence degree ≤ O(1) (autoref subsec:trdeg ) Sparse polynomials (autoref subsec:sparse ) Σ m wedge ΣΠ^ O(1) -formulas (autoref subsec:smesp ) Commutative roABPs (autoref subsec:comm-roabp ) Depth- O(1) Occur- O(1) formulas (autoref sec:occurk ) Arbitrary circuits composed with sparse polynomials of transcendence degree O(1) (autoref subsec:gen-sparse-low-trans ).",2^n
1701.05328#10:paper-subarea:4,paper-subarea,1701.05328#10,1701.05328,theorem,algebraic-complexity; circuit-complexity; derandomization; meta-complexity,"In the space of multilinear polynomials F [x_1, ... ,x_n]^ 1 _ ideg xspace , the set of poly ( log s,n) -size multilinear ΣΠΣ formulas is a succinct hitting set for N=2^n -variate size- s computations of the form Σ^ O(1) ΠΣ formulas (autoref subsec:spsk ) ΣΠΣ formulas of transcendence degree ≤ O(1) (autoref subsec:trdeg ) Sparse polynomials (autoref subsec:sparse ) Σ m wedge ΣΠ^ O(1) -formulas (autoref subsec:smesp ) Commutative roABPs (autoref subsec:comm-roabp ) Depth- O(1) Occur- O(1) formulas (autoref sec:occurk ) Arbitrary circuits composed with sparse polynomials of transcendence degree O(1) (autoref subsec:gen-sparse-low-trans ).

[MASK]",algebraic-complexity; circuit-complexity; derandomization; meta-complexity
1701.05328#11:bound-cloze:2,bound-cloze,1701.05328#11,1701.05328,theorem,algebraic-complexity; circuit-complexity; derandomization; meta-complexity,"In the space of multilinear polynomials F [x_1, ... ,x_n]^ 1 _ ideg xspace , the set of width- w^2 length- n roABPs is a succinct hitting set for width- w and length- N=[MASK] roABPs with a monomial compatible ordering of the variables.",2^n
1701.05328#17:bound-cloze:3,bound-cloze,1701.05328#17,1701.05328,proposition,algebraic-complexity; circuit-complexity; derandomization; meta-complexity,"Assume the setup of autoref con:succinct-rk-cond . Taking N=[MASK] , identify [N] with 2^ [n] . Then for every i ∈ [N] , \[ ( G ^ RC _ n,r ( x @ifnextchar ^ , y @ifnextchar ^ ,t,t^ 2^0 ,t^ 2^1 ... ,t^ 2^ n-1 ) )_i = Σ _ j=1 ^r y_j t^ ij \]",2^n
1701.05328#19:bound-cloze:4,bound-cloze,1701.05328#19,1701.05328,fact,algebraic-complexity; circuit-complexity; derandomization; meta-complexity,"Let F( X @ifnextchar ^ ) ∈ F [ X @ifnextchar ^ ] be a polynomial computed by a Σ^kΠΣ xspace degree d formula. Let V : F ^r → F ^N the linear transformation given by the N × r Vandermonde matrix (V_t)_ ij = t^ i · j for 1 ≤ i ≤ N , 1 ≤ j ≤ r . Then, for r = R(k,d)+1 where R(k,d)= [MASK] (over finite fields) or R(k,d) = k^2 (over infinite fields), it holds that F ≠ 0 if and only if the r -variate polynomial F ∘ ( V_t · (y_1, ... , y_r)^T ) is non-zero.",O(k^2 log d)
1704.03928#1:bound-cloze:1,bound-cloze,1704.03928#1,1704.03928,theorem,fine-grained,"For any constant integer k ≥ 2 and any odd integer p ≥ 1 or p = ∞ , there is an efficient reduction from k -SAT with n variables and m clauses to CVP _p (or SVP _ ∞ ) on a lattice of rank n (with ambient dimension n + [MASK] ). In particular, there is no 2^ (1-ε) n -time algorithm for CVP _p for any odd integer p ≥ 1 or p = ∞ (or SVP _ ∞ ) and any constant ε > 0 unless SETH is false.",O(m)
1704.03928#1:paper-subarea:1,paper-subarea,1704.03928#1,1704.03928,theorem,fine-grained,"For any constant integer k ≥ 2 and any odd integer p ≥ 1 or p = ∞ , there is an efficient reduction from k -SAT with n variables and m clauses to CVP _p (or SVP _ ∞ ) on a lattice of rank n (with ambient dimension n + O(m) ). In particular, there is no 2^ (1-ε) n -time algorithm for CVP _p for any odd integer p ≥ 1 or p = ∞ (or SVP _ ∞ ) and any constant ε > 0 unless SETH is false.

[MASK]",fine-grained
1704.03928#2:bound-cloze:2,bound-cloze,1704.03928#2,1704.03928,theorem,fine-grained,"For any constant integer k ≥ 2 , there is an efficient reduction from k -SAT with n variables and m clauses to CVP _p on a lattice of rank n (with ambient dimension n + [MASK] ) for any p ≥ 1 such that p is an odd integer or p = ∞ ; p ∉ S_k , where S_k is some finite set (containing all even integers p ≤ k-1 ); or p = p_0 + δ(n) for any p_0 ≥ 1 and any δ(n) ≠ 0 that converges to zero as n → ∞ . In particular, if SETH holds then for any constant ε > 0 , there is no 2^ (1-ε)n -time algorithm for CVP _p for any p ≥ 1 such that p is an odd integer or p = ∞ ; p ∉ S_k for some sufficiently large k (depending on ε ); or p = p_0 + δ(n) .",O(m)
1704.03928#2:paper-subarea:2,paper-subarea,1704.03928#2,1704.03928,theorem,fine-grained,"For any constant integer k ≥ 2 , there is an efficient reduction from k -SAT with n variables and m clauses to CVP _p on a lattice of rank n (with ambient dimension n + O(m) ) for any p ≥ 1 such that p is an odd integer or p = ∞ ; p ∉ S_k , where S_k is some finite set (containing all even integers p ≤ k-1 ); or p = p_0 + δ(n) for any p_0 ≥ 1 and any δ(n) ≠ 0 that converges to zero as n → ∞ . In particular, if SETH holds then for any constant ε > 0 , there is no 2^ (1-ε)n -time algorithm for CVP _p for any p ≥ 1 such that p is an odd integer or p = ∞ ; p ∉ S_k for some sufficiently large k (depending on ε ); or p = p_0 + δ(n) .

[MASK]",fine-grained
1704.03928#3:bound-cloze:3,bound-cloze,1704.03928#3,1704.03928,theorem,fine-grained,There is an efficient reduction from approximating Max- 2 -SAT with n variables and m clauses to within a constant factor to approximating CVP _p to within a constant factor on a lattice of rank n (with ambient dimension n + [MASK] ) for any finite p ≥ 1 .,O(m)
1704.03928#3:paper-subarea:3,paper-subarea,1704.03928#3,1704.03928,theorem,fine-grained,"There is an efficient reduction from approximating Max- 2 -SAT with n variables and m clauses to within a constant factor to approximating CVP _p to within a constant factor on a lattice of rank n (with ambient dimension n + O(m) ) for any finite p ≥ 1 .

[MASK]",fine-grained
1704.03928#4:bound-cloze:4,bound-cloze,1704.03928#4,1704.03928,theorem,fine-grained,"For any 1 ≤ p < ∞ , there is no 2^ [MASK] -time algorithm for CVPP unless there is a (non-uniform) 2^ o(n) -time algorithm for Max- 2 -SAT. In particular, no such algorithm exists unless (non-uniform) ETH fails.",o( sqrt n )
1704.03928#4:paper-subarea:4,paper-subarea,1704.03928#4,1704.03928,theorem,fine-grained,"For any 1 ≤ p < ∞ , there is no 2^ o( sqrt n ) -time algorithm for CVPP unless there is a (non-uniform) 2^ o(n) -time algorithm for Max- 2 -SAT. In particular, no such algorithm exists unless (non-uniform) ETH fails.

[MASK]",fine-grained
1706.06407#1:bound-cloze:1,bound-cloze,1706.06407#1,1706.06407,open-question,fine-grained; hardness-of-approximation; interactive-proofs; query-complexity,Is there an [MASK] -time algorithm for computing an f(ε) -approximation to sc Bichromatic Max Inner Product over binary vectors?,O(N^ 1+ε )
1706.06407#3:bound-cloze:2,bound-cloze,1706.06407#3,1706.06407,corollary,fine-grained; hardness-of-approximation; interactive-proofs; query-complexity,"Assuming SETH, for all ε>0 , no algorithm can preprocess a set of N vectors p_1, ... ,p_N ∈ D ⊆ {0,1}^m in polynomial time, and subsequently given a query vector q ∈ {0,1}^m can distinguish in [MASK] time between the cases: ifFULL there exist p_i ∈ D such that le p_i, q rangle ≥ s ; and for every p_i ∈ D , le p_i, q rangle ≤ s/2^ ( log N )^ 1-o(1) , even when m=N^ o(1) and the similarity threshold s ∈ [m] is fixed for all queries.",O(N^ 1-ε )
1706.06407#3:paper-subarea:1,paper-subarea,1706.06407#3,1706.06407,corollary,fine-grained; hardness-of-approximation; interactive-proofs; query-complexity,"Assuming SETH, for all ε>0 , no algorithm can preprocess a set of N vectors p_1, ... ,p_N ∈ D ⊆ {0,1}^m in polynomial time, and subsequently given a query vector q ∈ {0,1}^m can distinguish in O(N^ 1-ε ) time between the cases: ifFULL there exist p_i ∈ D such that le p_i, q rangle ≥ s ; and for every p_i ∈ D , le p_i, q rangle ≤ s/2^ ( log N )^ 1-o(1) , even when m=N^ o(1) and the similarity threshold s ∈ [m] is fixed for all queries.

[MASK]",fine-grained; hardness-of-approximation; interactive-proofs; query-complexity
1706.06407#4:bound-cloze:3,bound-cloze,1706.06407#4,1706.06407,open-question,fine-grained; hardness-of-approximation; interactive-proofs; query-complexity,"Is there a 1.1 -approximation for the sc Bichromatic LCS Closest Pair Problem on binary inputs running in [MASK] time, for some ε>0 ?",O(n^ 2-ε )
1706.06407#5:bound-cloze:4,bound-cloze,1706.06407#5,1706.06407,open-question,fine-grained; hardness-of-approximation; interactive-proofs; query-complexity,"Is there a 1.1 -approximation for sc LCS running in [MASK] time, for some ε>0 ? (Open for all alphabet sizes.)",O(n^ 2-ε )
1706.06407#11:paper-subarea:2,paper-subarea,1706.06407#11,1706.06407,corollary,fine-grained; hardness-of-approximation; interactive-proofs; query-complexity,"There exists a computationally efficient MA -protocol for Set Disjointness s.t.: Merlin sends Alice o(n) bits; Alice and Bob jointly toss o(n) coins; Bob sends Alice o(n) bits. Alice returns up Accept or up Reject . If the sets are disjoint, there is a unique message from Merlin such that Alice always accepts; otherwise (if the sets have a non-empty intersection or Merlin sends the wrong message), Alice rejects with probability ≥ 1-1/2^ n^ 1-o(1) .

[MASK]",fine-grained; hardness-of-approximation; interactive-proofs; query-complexity
1706.06407#12:paper-subarea:3,paper-subarea,1706.06407#12,1706.06407,corollary,fine-grained; hardness-of-approximation; interactive-proofs; query-complexity,"Assuming SETH, the following holds for every constant ε>0 . Given two sets of vectors A,B ∈ {-1,1}^d , where |A| = |B| = N , and d = N^ o(1) , any O(N^ 2-ε ) time algorithm for computing max _ substack a ∈ A b ∈ B |a · b| must have approximation factor at least 2^ ( log N )^ 1-o(1) .

[MASK]",fine-grained; hardness-of-approximation; interactive-proofs; query-complexity
1710.09079#1:paper-subarea:1,paper-subarea,1710.09079#1,1710.09079,theorem,quantum-complexity; query-complexity,"The approximate degree of SURJ is tilde Θ (n^ 3/4 ) .

[MASK]",quantum-complexity; query-complexity
1710.09079#2:bound-cloze:1,bound-cloze,1710.09079#2,1710.09079,theorem,quantum-complexity; query-complexity,"For any k ≥ 2 , the approximate degree and quantum query complexity of k -distinctness is tilde [MASK] .",Ω (n^ 3/4-1/(2k) )
1710.09079#2:paper-subarea:2,paper-subarea,1710.09079#2,1710.09079,theorem,quantum-complexity; query-complexity,"For any k ≥ 2 , the approximate degree and quantum query complexity of k -distinctness is tilde Ω (n^ 3/4-1/(2k) ) .

[MASK]",quantum-complexity; query-complexity
1710.09079#3:bound-cloze:2,bound-cloze,1710.09079#3,1710.09079,theorem,quantum-complexity; query-complexity,The approximate degree and quantum query complexity of Image Size Testing is tilde [MASK] .,Ω ( sqrt n )
1710.09079#3:paper-subarea:3,paper-subarea,1710.09079#3,1710.09079,theorem,quantum-complexity; query-complexity,"The approximate degree and quantum query complexity of Image Size Testing is tilde Ω ( sqrt n ) .

[MASK]",quantum-complexity; query-complexity
1710.09079#4:bound-cloze:3,bound-cloze,1710.09079#4,1710.09079,theorem,quantum-complexity; query-complexity,The approximate degree and quantum query complexity of k -junta testing is tilde [MASK] .,Ω ( sqrt k )
1710.09079#4:paper-subarea:4,paper-subarea,1710.09079#4,1710.09079,theorem,quantum-complexity; query-complexity,"The approximate degree and quantum query complexity of k -junta testing is tilde Ω ( sqrt k ) .

[MASK]",quantum-complexity; query-complexity
1710.09079#5:bound-cloze:4,bound-cloze,1710.09079#5,1710.09079,theorem,quantum-complexity; query-complexity,There is a constant c > 0 such that the approximate degree and quantum query complexity of approximating the statistical distribution of a distribution over a range of size n from the uniform distribution over the same range to additive error c is is tilde [MASK] .,Ω ( sqrt n )
1711.08039#1:paper-subarea:1,paper-subarea,1711.08039#1,1711.08039,theorem,algebraic-complexity,"theorem MainTheorem There is a poly (n, b, frac 1ε) time deterministic algorithm (cref alg:scaling ) that, given a tensor X ∈ V with integer coordinates of bit size bounded by b , either identifies that X is in the null cone or outputs a ``scaling'' Y ∈ G · X such that ds (Y)<ε .

[MASK]",algebraic-complexity
1711.08039#8:bound-cloze:1,bound-cloze,1711.08039#8,1711.08039,theorem,algebraic-complexity,"There is a poly (b)exp ([MASK]) time deterministic algorithm ( cref alg:scaling with ε=exp (-O(n log n))) that, given a tensor X ∈ Ten (n_0,n_1, ... ,n_d) with integer coordinates of bit size at most b , decides whether X is in the null cone.",O(n log n)
1711.08039#8:paper-subarea:2,paper-subarea,1711.08039#8,1711.08039,theorem,algebraic-complexity,"There is a poly (b)exp (O(n log n)) time deterministic algorithm ( cref alg:scaling with ε=exp (-O(n log n))) that, given a tensor X ∈ Ten (n_0,n_1, ... ,n_d) with integer coordinates of bit size at most b , decides whether X is in the null cone.

[MASK]",algebraic-complexity
1711.08039#11:bound-cloze:2,bound-cloze,1711.08039#11,1711.08039,proposition,algebraic-complexity,"Let X ∈ Ten _ n_0, ... , n_ d ( Z ) be a tensor with integral entries that is not in the null cone. Then, \[ cap (X) = inf _ g ∈ G lVert g · X rVert ^2_2 ≥ frac 1 (n_1 ... n_d)^2 ≥ frac 1 [MASK] , \] where we recall that n = n_0 n_1 ... n_d .",n^2
1711.08039#16:paper-subarea:3,paper-subarea,1711.08039#16,1711.08039,theorem,algebraic-complexity,"proposition HilbertMumford A tensor X ∈ Ten (n_0, ... , n_d) is in the null cone of the natural action of the group G = SL (n_1) × ... × SL (n_ d ) iff there exist unitary n_i × n_i matrices U_i , i ∈ [d] , such that the support supp (Y) of the tensor Y = (U_1, ... , U_ d ) · X is deficient.

[MASK]",algebraic-complexity
1711.08039#22:bound-cloze:3,bound-cloze,1711.08039#22,1711.08039,theorem,algebraic-complexity,"lemma inslb Suppose a tensor X ∈ Ten (n_0, ... ,n_d) is in the null cone. Then sqrt dds (X) ≥ instability (X) = exp (-[MASK]) , where we recall that n=n_0 ... n_d .",O(n log n)
1711.08039#22:paper-subarea:4,paper-subarea,1711.08039#22,1711.08039,theorem,algebraic-complexity,"lemma inslb Suppose a tensor X ∈ Ten (n_0, ... ,n_d) is in the null cone. Then sqrt dds (X) ≥ instability (X) = exp (-O(n log n)) , where we recall that n=n_0 ... n_d .

[MASK]",algebraic-complexity
1711.08039#26:bound-cloze:4,bound-cloze,1711.08039#26,1711.08039,definition,algebraic-complexity,"A tensor X ∈ Ten _[MASK] is said to have slice rank-one if it decomposes as the tensor product of a vector and a lower-order tensor, i.e., if there exists a k ∈ [d] , a vector V ∈ C ^m , and a tensor Y ∈ Ten _m^ d-1 such that \[ X_ j_1, ... ,j_d = V_ j_k · Y_ j_1, ... ,j_ k-1 ,j_ k+1 , ... ,j_d . \] The slice rank of a tensor X , denoted slice-rank (X) , is defined as the minimum number r of slice rank-one tensors X_1, ... ,X_r such that X= Σ _ i=1 ^r X_i .",m^d
1712.00942#1:bound-cloze:1,bound-cloze,1712.00942#1,1712.00942,theorem,fine-grained,"For ``almost all'' p > p_0 ≈ 2.1397 (including all odd integers p ≥ 3 ), there is no [MASK] -time algorithm for SVP _p unless (randomized) SETH is false, where C_p > 1 is as in Figure . Furthermore, C_p → 1 as p → ∞ .",2^ n/C_p
1712.00942#1:paper-subarea:1,paper-subarea,1712.00942#1,1712.00942,theorem,fine-grained,"For ``almost all'' p > p_0 ≈ 2.1397 (including all odd integers p ≥ 3 ), there is no 2^ n/C_p -time algorithm for SVP _p unless (randomized) SETH is false, where C_p > 1 is as in Figure . Furthermore, C_p → 1 as p → ∞ .

[MASK]",fine-grained
1712.00942#2:bound-cloze:2,bound-cloze,1712.00942#2,1712.00942,theorem,fine-grained,"For any p > 2 , there is no 2^ [MASK] -time algorithm for SVP _p unless (randomized) Gap-ETH is false. Furthermore, for each such p there is a constant γ_p > 1 such that the same result holds even for γ_p -approximate SVP _p .",o(n)
1712.00942#2:paper-subarea:2,paper-subarea,1712.00942#2,1712.00942,theorem,fine-grained,"For any p > 2 , there is no 2^ o(n) -time algorithm for SVP _p unless (randomized) Gap-ETH is false. Furthermore, for each such p there is a constant γ_p > 1 such that the same result holds even for γ_p -approximate SVP _p .

[MASK]",fine-grained
1712.00942#3:bound-cloze:3,bound-cloze,1712.00942#3,1712.00942,theorem,fine-grained,"There is no 2^ [MASK] -time algorithm for SVP _2 unless either (1) (non-uniform) Gap-ETH is false; or (2) the lattice kissing number is 2^ o(n) . Furthermore, there exists a constant γ > 1 such that the same result holds even for γ -approximate SVP _2 .",o(n)
1712.00942#3:paper-subarea:3,paper-subarea,1712.00942#3,1712.00942,theorem,fine-grained,"There is no 2^ o(n) -time algorithm for SVP _2 unless either (1) (non-uniform) Gap-ETH is false; or (2) the lattice kissing number is 2^ o(n) . Furthermore, there exists a constant γ > 1 such that the same result holds even for γ -approximate SVP _2 .

[MASK]",fine-grained
1712.00942#4:bound-cloze:4,bound-cloze,1712.00942#4,1712.00942,corollary,fine-grained,"There is no 2^ [MASK] -time algorithm for SVP _p for any 1 ≤ p ≤ 2 unless either (1) (non-uniform) Gap-ETH is false; or (2) the lattice kissing number is 2^ o(n) (in the ell _2 norm). Furthermore, for each 1 ≤ p ≤ 2 , there exists a constant γ_p > 1 such that the same result holds even for γ_p -approximate SVP _p .",o(n)
1712.00942#4:paper-subarea:4,paper-subarea,1712.00942#4,1712.00942,corollary,fine-grained,"There is no 2^ o(n) -time algorithm for SVP _p for any 1 ≤ p ≤ 2 unless either (1) (non-uniform) Gap-ETH is false; or (2) the lattice kissing number is 2^ o(n) (in the ell _2 norm). Furthermore, for each 1 ≤ p ≤ 2 , there exists a constant γ_p > 1 such that the same result holds even for γ_p -approximate SVP _p .

[MASK]",fine-grained
1801.03821#2:paper-subarea:1,paper-subarea,1801.03821#2,1801.03821,theorem,quantum-complexity,"Suppose given as input an explicit description of a classical multiplayer game. Then it is sc QMA -hard, under randomized reductions, to determine whether provers sharing quantum entanglement (of arbitrary dimension) have optimal success probability at least 1 or at most frac 1 2 in the game.

[MASK]",quantum-complexity
1801.03821#3:paper-subarea:2,paper-subarea,1801.03821#3,1801.03821,theorem,quantum-complexity,"Let n be an integer and q = p^t a prime power such that q = Θ(frac log ^2 n log log n ) . Then there exists a two-prover test sc q-lowdeg in which the verifier sends questions of length poly ( log n, log q) and receives answers of length O( poly log log (n) · log q) such that the following hold: (Completeness:) There exists a strategy for the provers based on sharing an n -qudit maximally entangled state, with qudits of local dimension q , and making measurements in the eigenbasis of tensor products of generalized τ_X or τ_Z observables over F _q ; (Soundness:) For any ε ≥ 0 , any strategy that is accepted with probability at least 1-ε in the test must use an entangled state that is (up to local isometries) within distance δ = poly ( poly (p) · poly (ε) ) from an n -qudit maximally entangled state. Here and throughout we use the notation f(X)= poly (h(X))) as an abbreviation for ``there exists a universal constant c>0 such that f(X) = O(h(X)^c) as X → 0 (if X=ε ) or as X → ∞ (if X=n ); in the theorem p,t and q are all allowed to be implicitly functions of n , but not ε .

[MASK]",quantum-complexity
1801.03821#5:bound-cloze:1,bound-cloze,1801.03821#5,1801.03821,claim,quantum-complexity,"Let s be any integer, and let {A^a}, {B^b} be projective measurements with outcomes a,b ∈ Z _s . Let A = Σ _a ω_[MASK] A^a and B= Σ _b ω_s^b B^b where ω_s = exp (2π i / s) . Then for any state |ψrangle , frac 1 2 (1-Re (leψ| A ⊗ B^dag |ψrangle ) ) ≤ Σ _ a ≠ b | A^a ⊗ B^b |ψrangle |^2 ≤ frac s^2 2π^2 (1-Re (leψ| A ⊗ B^dag |ψrangle ) ) .",s^a
1801.03821#9:bound-cloze:2,bound-cloze,1801.03821#9,1801.03821,theorem,quantum-complexity,"Let s be an integer and ε > 0 . There exists a two-player self-test sc COM (M,N) with completeness 1 and robustness δ(ε) = [MASK] , for the (partial) strategy S that uses commuting generalized observables M and N (with outcomes in Z _s ) for two special questions labelled 1 and 2 , respectively. The test has 3 questions per player and answers either in Z _s (for questions 1 and 2 ) or Z _s^2 (for question 3 ). Moreover, for any two commuting observables A and B , there exists a strategy in which the first player uses the observables M and N for questions 1 and 2 , using a shared state |ψrangle that is a maximally entangled state of appropriate dimension.",O(s sqrt ε )
1801.03821#9:paper-subarea:3,paper-subarea,1801.03821#9,1801.03821,theorem,quantum-complexity,"Let s be an integer and ε > 0 . There exists a two-player self-test sc COM (M,N) with completeness 1 and robustness δ(ε) = O(s sqrt ε ) , for the (partial) strategy S that uses commuting generalized observables M and N (with outcomes in Z _s ) for two special questions labelled 1 and 2 , respectively. The test has 3 questions per player and answers either in Z _s (for questions 1 and 2 ) or Z _s^2 (for question 3 ). Moreover, for any two commuting observables A and B , there exists a strategy in which the first player uses the observables M and N for questions 1 and 2 , using a shared state |ψrangle that is a maximally entangled state of appropriate dimension.

[MASK]",quantum-complexity
1801.03821#10:bound-cloze:3,bound-cloze,1801.03821#10,1801.03821,theorem,quantum-complexity,"Let s be an integer and ε>0 . There exists a two-player self-test sc MS (X,Z) , with completeness 1 and robustness δ(ε) = [MASK] , for the (partial) strategy S that uses observables σ_ X and σ_ Z on two special questions labeled X and Z respectively. The test has O(1) questions per player (including two questions labeled X and Z ) and answers in Z _s^2 . Furthermore, there is a strategy that succeeds with probability 1 using only σ_X , σ_Y and σ_Z observables on two s -dimensional qudits per player initialized in |ψrangle = |sc EPR _srangle ⊗ |sc EPR _srangle .",O(s^3 sqrt ε )
1801.03821#10:paper-subarea:4,paper-subarea,1801.03821#10,1801.03821,theorem,quantum-complexity,"Let s be an integer and ε>0 . There exists a two-player self-test sc MS (X,Z) , with completeness 1 and robustness δ(ε) = O(s^3 sqrt ε ) , for the (partial) strategy S that uses observables σ_ X and σ_ Z on two special questions labeled X and Z respectively. The test has O(1) questions per player (including two questions labeled X and Z ) and answers in Z _s^2 . Furthermore, there is a strategy that succeeds with probability 1 using only σ_X , σ_Y and σ_Z observables on two s -dimensional qudits per player initialized in |ψrangle = |sc EPR _srangle ⊗ |sc EPR _srangle .

[MASK]",quantum-complexity
1801.03821#12:bound-cloze:4,bound-cloze,1801.03821#12,1801.03821,corollary,quantum-complexity,"Let m,d,q and ε be as in Theorem . Let |ψrangle ∈ H _A ⊗ H _B be a bipartite state, and {M_[MASK]} and { color MidnightBlue bm M _s^r} be POVMs on H _A and H _B respectively, such that the associated strategy for the provers succeeds in the test sc c-lowdeg (m,d,q) from Theorem with probability at least 1-ε . Then there exist POVMs {S^g} and { color MidnightBlue bm S ^g} , where g ranges over the polynomials on F _q ^m of total degree at most d , defined on H _A and H _B respectively, and a δ = poly (ε) such that the following relations hold, on average over s π_ rm ld : Σ _ g M_s^ g_ |s ⊗ color MidnightBlue bm S ^g ≈ _δ mathop rm Id nolimits ,qquad Σ _ g S^g ⊗ color MidnightBlue bm M _s^ g_ |s ≈ _δ mathop rm Id nolimits , and S^g ⊗ mathop rm Id nolimits ≈ _δ mathop rm Id nolimits ⊗ color MidnightBlue bm S ^g .",s^r
1805.11139#3:relation-cloze:1,relation-cloze,1805.11139#3,1805.11139,corollary,quantum-complexity; structural,"If up QCPH =up QPH , then up QMA (2) [MASK] up P ^ up PP ^ up PP .",⊆
1805.11139#3:paper-subarea:1,paper-subarea,1805.11139#3,1805.11139,corollary,quantum-complexity; structural,"If up QCPH =up QPH , then up QMA (2) ⊆ up P ^ up PP ^ up PP .

[MASK]",quantum-complexity; structural
1805.11139#4:paper-subarea:2,paper-subarea,1805.11139#4,1805.11139,theorem,quantum-complexity; structural,"It holds that Q Σ_2 ⊆ up EXP and Q Π_2 ⊆ up EXP , even when the completeness-soundness gap is inverse doubly-exponentially small.

[MASK]",quantum-complexity; structural
1805.11139#5:paper-subarea:3,paper-subarea,1805.11139#5,1805.11139,theorem,quantum-complexity; structural,"It holds true that up QMA (2) ⊆ Q Σ_3 ⊆ up NEXP and co rm - up QMA (2) ⊆ Q Π_3 ⊆ co rm - up NEXP , even when the completeness-soundness gap is inverse doubly-exponentially small. All containments hold with equality in the inverse exponentially small completeness-soundness gap setting as up QMA (2) = up NEXP in this case up .

[MASK]",quantum-complexity; structural
1805.11139#6:paper-subarea:4,paper-subarea,1805.11139#6,1805.11139,corollary,quantum-complexity; structural,"If up QMA (2) ≠ Q Σ_3 , i.e. if the second universally quantified proof of Q Σ_3 adds proving power, then up QMA (2) ≠ up NEXP . Similarly, if co rm - up QMA (2) ≠ Q Π_3 , then co rm - up QMA (2) ≠ co rm - up NEXP .

[MASK]",quantum-complexity; structural
1805.11139#8:relation-cloze:2,relation-cloze,1805.11139#8,1805.11139,theorem,quantum-complexity; structural,"If up Precise - up QCMA [MASK] up BQP _ /up mpoly , then QC Π_2 = QC Σ_2 .",⊆
1805.11139#10:relation-cloze:3,relation-cloze,1805.11139#10,1805.11139,corollary,quantum-complexity; structural,"If Q Σ_2= Q Π_2 implies up QPH = Q Σ_2 , then up QMA (2) [MASK] up PSPACE .",⊆
1805.11139#24:bound-cloze:1,bound-cloze,1805.11139#24,1805.11139,lemma,quantum-complexity; structural,"For any polynomial p , if c - s ≥ 1/[MASK] , then up Precise - up BQP (c,s) ⊆ up PP when c and s are computable in polynomial time in the size of the input, n .",2^ p(n)
1805.11139#24:relation-cloze:4,relation-cloze,1805.11139#24,1805.11139,lemma,quantum-complexity; structural,"For any polynomial p , if c - s ≥ 1/2^ p(n) , then up Precise - up BQP (c,s) [MASK] up PP when c and s are computable in polynomial time in the size of the input, n .",⊆
1805.11139#25:bound-cloze:2,bound-cloze,1805.11139#25,1805.11139,corollary,quantum-complexity; structural,"Let P denote the set of all polynomials p: N mapsto N . Then, \[ cup_ p ∈ P up Precise - up BQP (frac 1 2 +frac 1 [MASK] ,frac 1 2 )=up PP . \]",2^ p(n)
1805.11139#35:bound-cloze:3,bound-cloze,1805.11139#35,1805.11139,theorem,quantum-complexity; structural,"For any polynomial r and input size n , if c - s ≥ 1/ 2^ [MASK] , then Q Σ_2(c,s) ⊆ up EXP quad and quad Q Π_2(c,s) ⊆ up EXP when c and s are computable in exponential time in n . (Note for classes with small completeness-soundness gaps such as these, a gate set must be fixed The Solovay-Kitaev algorithm (see e.g. ) allows one to convert between gate sets in time scaling polylogarithmically in 1/ε per gate, where ε is the desired approximation precision per gate. Thus, the setting of doubly exponentially small precision takes superpolynomial overhead to convert between gate sets, which is problematic for promise classes involving polynomial -time uniform circuit families (such as Q Σ_2 and Q Π_2 ). For this reason, in the small gap regime, one can ``circumvent'' the problem by fixing a gate set when defining the class. . However, this result is independent of a fixed gate set.)",2^ r(n)
1805.11139#36:bound-cloze:4,bound-cloze,1805.11139#36,1805.11139,theorem,quantum-complexity; structural,"For any polynomial r and input size n , if c-s ≥ 1/r(n) , then up QMA (2) ⊆ Q Σ_3 ⊆ up NEXP quad and quad co rm - up QMA (2) ⊆ Q Π_3 ⊆ co rm - up NEXP , where all classes have completeness and soundness c and s , respectively. Moreover, if we allow smaller gaps ( in principle, gaps which are at most inverse singly exponential in n suffice ), such as c - s ≥ 1/ 2^ [MASK] , then up QMA (2)(c,s) = Q Σ_3(c,s) = up NEXP quad and quad co rm - up QMA (2) = Q Π_3(c,s) = co rm - up NEXP . Here, we assume c and s are computable in exponential time in n . (Note for classes with doubly exponentially small completeness-soundness gaps, a gate set must be fixed. However, this result is independent of the choice of a fixed gate set.)",2^ r(n)
1806.06097#5:bound-cloze:1,bound-cloze,1806.06097#5,1806.06097,theorem,algebraic-complexity; circuit-complexity,"Let F be any field of characteristic zero. There exists a family {P_n} of polynomials in normalfontsf #VNP , such that P_n is a polynomial of degree- n in N = n^ O(1) variables with 0,1 coefficients, and for any Σ Π^ (k) ΣΠ circuit C , if k ≤ n and if C computes P_n over F , then Size (C) ≥ N^ [MASK] .",Ω( sqrt n )
1806.06097#5:paper-subarea:1,paper-subarea,1806.06097#5,1806.06097,theorem,algebraic-complexity; circuit-complexity,"Let F be any field of characteristic zero. There exists a family {P_n} of polynomials in normalfontsf #VNP , such that P_n is a polynomial of degree- n in N = n^ O(1) variables with 0,1 coefficients, and for any Σ Π^ (k) ΣΠ circuit C , if k ≤ n and if C computes P_n over F , then Size (C) ≥ N^ Ω( sqrt n ) .

[MASK]",algebraic-complexity; circuit-complexity
1806.06097#6:bound-cloze:2,bound-cloze,1806.06097#6,1806.06097,theorem,algebraic-complexity; circuit-complexity,"Let F be any field of characteristic zero. Then, for every N , there exists a set cal H ⊆ F ^N such that \[ | cal H | ≤ exp ([MASK]) \] and for every nonzero N -variate polynomial P over F which is computable by a Σ Π^ (k) ΣΠ^ [d] circuit with d, k ≤ log N and size Poly (N) , there exists an h ∈ cal H such that P(h) ≠ 0 . Moreover, the set cal H can be explicitly constructed in time \[ exp (O( log ^ O(1) N)) . \]",O( log ^ O(1) N)
1806.06097#6:paper-subarea:2,paper-subarea,1806.06097#6,1806.06097,theorem,algebraic-complexity; circuit-complexity,"Let F be any field of characteristic zero. Then, for every N , there exists a set cal H ⊆ F ^N such that \[ | cal H | ≤ exp (O( log ^ O(1) N)) \] and for every nonzero N -variate polynomial P over F which is computable by a Σ Π^ (k) ΣΠ^ [d] circuit with d, k ≤ log N and size Poly (N) , there exists an h ∈ cal H such that P(h) ≠ 0 . Moreover, the set cal H can be explicitly constructed in time \[ exp (O( log ^ O(1) N)) . \]

[MASK]",algebraic-complexity; circuit-complexity
1806.06097#8:bound-cloze:3,bound-cloze,1806.06097#8,1806.06097,lemma,algebraic-complexity; circuit-complexity,"Let F be a field and let cal Q = {Q_1, Q_2, ... , Q_t} be a set of polynomials of degree- d in N variables over the field F having algebraic rank k . Then there exists a cal Q -annihilating polynomial of degree at most (k+1) · [MASK] .",d^k
1806.06097#14:bound-cloze:4,bound-cloze,1806.06097#14,1806.06097,lemma,algebraic-complexity; circuit-complexity,"Let n and ell be parameters such that ell = ( n /2)(1-ε) for some ε = o(1) . For any a, b such that a, b = [MASK] , \[ binom n-a ell - b = binom n ell · 2^ -a · (1 + ε)^ a-2b · exp (O(b · ε^2)) . \]",O( sqrt n )
1807.06323#2:bound-cloze:1,bound-cloze,1807.06323#2,1807.06323,theorem,algebraic-complexity; circuit-complexity; derandomization,"theorem maintheorem Let ε > 0 and n ≥ 2 be constants. Suppose that, for all large enough s , there is an explicit hitting set of size s^ n-ε for all degree- s , size- s algebraic formulas (or algebraic branching programs or circuits) over n variables. Then, for all large s , there is an explicit hitting set of size s^ exp (exp ([MASK])) for the class of degree- s , size- s algebraic formulas (or algebraic branching programs or circuits, respectively) over s variables.",O( log ^ * s)
1807.06323#2:paper-subarea:1,paper-subarea,1807.06323#2,1807.06323,theorem,algebraic-complexity; circuit-complexity; derandomization,"theorem maintheorem Let ε > 0 and n ≥ 2 be constants. Suppose that, for all large enough s , there is an explicit hitting set of size s^ n-ε for all degree- s , size- s algebraic formulas (or algebraic branching programs or circuits) over n variables. Then, for all large s , there is an explicit hitting set of size s^ exp (exp (O( log ^ * s))) for the class of degree- s , size- s algebraic formulas (or algebraic branching programs or circuits, respectively) over s variables.

[MASK]",algebraic-complexity; circuit-complexity; derandomization
1807.06323#3:bound-cloze:2,bound-cloze,1807.06323#3,1807.06323,corollary,algebraic-complexity; circuit-complexity; derandomization,"Let ε > 0 and k ≥ 2 be constants. Suppose that, for all large enough s , there is an explicit hitting set of size ( s^ k-ε ) for all degree- s , size- s algebraic formulas (or algebraic branching programs or circuits) over k variables. Then, for every function d: N → N , there is a polynomial family {f_ n } , where f_n is an n -variate of degree d(n) , and for every large enough n , f_n cannot be computed by algebraic formulas or algebraic branching programs or circuits of size smaller than binom n+d d ^ frac 1 exp (exp ([MASK])) . Moreover, there is an algorithm which when given as input an n -variate monomial of degree d , outputs its coefficient in f_n in deterministic time binom n+d d .",O( log ^ * nd)
1807.06323#3:paper-subarea:2,paper-subarea,1807.06323#3,1807.06323,corollary,algebraic-complexity; circuit-complexity; derandomization,"Let ε > 0 and k ≥ 2 be constants. Suppose that, for all large enough s , there is an explicit hitting set of size ( s^ k-ε ) for all degree- s , size- s algebraic formulas (or algebraic branching programs or circuits) over k variables. Then, for every function d: N → N , there is a polynomial family {f_ n } , where f_n is an n -variate of degree d(n) , and for every large enough n , f_n cannot be computed by algebraic formulas or algebraic branching programs or circuits of size smaller than binom n+d d ^ frac 1 exp (exp (O( log ^ * nd))) . Moreover, there is an algorithm which when given as input an n -variate monomial of degree d , outputs its coefficient in f_n in deterministic time binom n+d d .

[MASK]",algebraic-complexity; circuit-complexity; derandomization
1807.06323#4:paper-subarea:3,paper-subarea,1807.06323#4,1807.06323,theorem,algebraic-complexity; circuit-complexity; derandomization,"Let H(n, d, s) be an explicit hitting set for circuits of size s , degree d in n variables. Then, for every k ≤ n and d' such that d'k ≤ d and (d'+1)^ k > | H(n, d, s) | , there is a nonzero polynomial in k variables and individual degree d' that vanishes on the hitting set H(n, d, s) , and hence cannot be computed by a circuit of size s .

[MASK]",algebraic-complexity; circuit-complexity; derandomization
1807.06323#5:bound-cloze:3,bound-cloze,1807.06323#5,1807.06323,theorem,algebraic-complexity; circuit-complexity; derandomization,A superpolynomial lower bound for algebraic circuits for an explicit family of polynomials implies a deterministic blackbox PIT algorithm for all algebraic circuits in n variables and degree d of size poly (n) that runs in time d^ O ( [MASK] ) for every ε > 0 .,n^ ε
1807.06323#5:paper-subarea:4,paper-subarea,1807.06323#5,1807.06323,theorem,algebraic-complexity; circuit-complexity; derandomization,"A superpolynomial lower bound for algebraic circuits for an explicit family of polynomials implies a deterministic blackbox PIT algorithm for all algebraic circuits in n variables and degree d of size poly (n) that runs in time d^ O ( n^ ε ) for every ε > 0 .

[MASK]",algebraic-complexity; circuit-complexity; derandomization
1807.06323#9:bound-cloze:4,bound-cloze,1807.06323#9,1807.06323,definition,algebraic-complexity; circuit-complexity; derandomization,"An algebraic model A is called a natural model if the class of polynomials computed by it satisfies the following properties. sep 0pt Any polynomial of degree d with at most s monomials has A -size at most s · d . In the specific setting when the polynomial is a univariate, its A -size is [MASK] . Partial substitution of variables by constants does not increase the A -size of any polynomial. If each of Q_1, ... , Q_k is computable in A -size s , then Σ Q_i is computable in A -size at most sk . Suppose P(x_1, ... , x_n) is computable in A -size s_1 and say Q_1, ... , Q_n are polynomials each of which can be computed in A -size s_2 . Then, P(Q_1, ... , Q_n) can be computed in A -size at most s_1 · s_2 . here",O(d)
1811.10525#5:bound-cloze:1,bound-cloze,1811.10525#5,1811.10525,theorem,communication-complexity; quantum-complexity,"Any t-round entanglement assisted protocol for sf Sink ∘ sf Xor achieving error 1/5 satisfies QIC (Π, μ^ ⊗ m choose 2 ) ∈ Ω (frac m [MASK] ) , with μ being the uniform distribution on 1+1 bits .",t^2
1811.10525#5:paper-subarea:1,paper-subarea,1811.10525#5,1811.10525,theorem,communication-complexity; quantum-complexity,"Any t-round entanglement assisted protocol for sf Sink ∘ sf Xor achieving error 1/5 satisfies QIC (Π, μ^ ⊗ m choose 2 ) ∈ Ω (frac m t^2 ) , with μ being the uniform distribution on 1+1 bits .

[MASK]",communication-complexity; quantum-complexity
1811.10525#6:paper-subarea:2,paper-subarea,1811.10525#6,1811.10525,corollary,communication-complexity; quantum-complexity,"It holds that Q ^*_ 1/3 (sf Sink ∘ sf Xor ) ∈ Ω (m^ 1/3 ) .

[MASK]",communication-complexity; quantum-complexity
1811.10525#7:bound-cloze:2,bound-cloze,1811.10525#7,1811.10525,theorem,communication-complexity; quantum-complexity,It holds that log rk _ 1/3 (M_ sf Sink ∘ sf Xor ) ≤ 4 log m + [MASK] log rk ^ + _ 1/3 (M_ sf Sink ∘ sf Xor ) = O( log ^2 m) .,o( log m)
1811.10525#7:paper-subarea:3,paper-subarea,1811.10525#7,1811.10525,theorem,communication-complexity; quantum-complexity,"It holds that log rk _ 1/3 (M_ sf Sink ∘ sf Xor ) ≤ 4 log m + o( log m) log rk ^ + _ 1/3 (M_ sf Sink ∘ sf Xor ) = O( log ^2 m) .

[MASK]",communication-complexity; quantum-complexity
1811.10525#40:bound-cloze:3,bound-cloze,1811.10525#40,1811.10525,theorem,communication-complexity; quantum-complexity,"Suppose m ≥ 10 . Let Π be a protocol for sf Sink ∘ sf Xor which makes a worst case error of at most frac 1 4 . There exists a protocol Π' for sc EQ _ that makes a worst case error of at most frac 1 4 + frac m-1 [MASK] ≤ frac 1 3 . Furthermore, it holds that IC (Π', ν) ≤ frac 2 m IC (Π, μ), where ν is the uniform distribution over inputs to sc EQ _ and μ is uniform over the inputs to sf Sink ∘ sf Xor .",2^ m-2
1811.10525#40:paper-subarea:4,paper-subarea,1811.10525#40,1811.10525,theorem,communication-complexity; quantum-complexity,"Suppose m ≥ 10 . Let Π be a protocol for sf Sink ∘ sf Xor which makes a worst case error of at most frac 1 4 . There exists a protocol Π' for sc EQ _ that makes a worst case error of at most frac 1 4 + frac m-1 2^ m-2 ≤ frac 1 3 . Furthermore, it holds that IC (Π', ν) ≤ frac 2 m IC (Π, μ), where ν is the uniform distribution over inputs to sc EQ _ and μ is uniform over the inputs to sf Sink ∘ sf Xor .

[MASK]",communication-complexity; quantum-complexity
1812.06952#3:bound-cloze:1,bound-cloze,1812.06952#3,1812.06952,definition,algebraic-complexity,"For two tensors t ∈ F ^ n_1 × n_2 × n_3 and s ∈ F ^ m_1 × m_2 × m_3 we define the relative exponent from t to s as ω (t, s) &coloneqq lim _ n → ∞ tfrac 1n min { m ∈ N _ ≥ 1 : [MASK] ≥ s^ ⊗ n } &= sup _n tfrac 1n min { m ∈ N _ ≥ 1 : t^ ⊗ m ≥ s^ ⊗ n }.",t^ ⊗ m
1812.06952#11:bound-cloze:2,bound-cloze,1812.06952#11,1812.06952,proposition,algebraic-complexity,For t ∈ F ^ n × n × n it holds that underaccent wtilde R (t) ≤ [MASK] .,n^ 2ω/3
1812.06952#16:paper-subarea:1,paper-subarea,1812.06952#16,1812.06952,theorem,algebraic-complexity,"For any tensor t it holds that ω (le 2rangle , t) ω (t, le 2,2,2rangle ) ≥ 2 i (t).

[MASK]",algebraic-complexity
1812.06952#17:paper-subarea:2,paper-subarea,1812.06952#17,1812.06952,theorem,algebraic-complexity,"For any tensor t and α, β ∈ N it holds that frac ω (le2rangle , t) ω (t, le 2rangle ^α le 2,2,2rangle ^β) - α β ≥ 2 i (t) + frac α β l( i (t) - 1 r) ≥ 2 i (t).

[MASK]",algebraic-complexity
1812.06952#18:paper-subarea:3,paper-subarea,1812.06952#18,1812.06952,corollary,algebraic-complexity,"For any tensor t and α ∈ N and a,b,c ∈ N _ ≥ 1 it holds that frac ω (le2rangle , t) ω (t, le 2rangle ^α le a,b,crangle ) - α tfrac 13 log _2(abc) & ≥ 2 i ( cyc (t)) + frac α tfrac 13 log _2(abc) ( i ( cyc (t)) - 1) & ≥ 2 i ( cyc (t)).

[MASK]",algebraic-complexity
1812.06952#19:paper-subarea:4,paper-subarea,1812.06952#19,1812.06952,theorem,algebraic-complexity,"For any tensor t it holds that ω (le2rangle , t) ω_ M (t, le2,2,2rangle ) ≥ 2 i _ M (t).

[MASK]",algebraic-complexity
1812.09120#5:bound-cloze:1,bound-cloze,1812.09120#5,1812.09120,conjecture,fine-grained,"For any δ > 0 , there exists m = m (δ) such that SAT on m -CNF formulas with n variables cannot be solved in time O ([MASK] ) .",2^ (1-δ)n
1812.09120#6:bound-cloze:2,bound-cloze,1812.09120#6,1812.09120,theorem,fine-grained,"Assuming SETH, for all constants δ, c > 0 there exists a constant ε = ε(δ, c) such that the running time of any (1+ε) -approximate algorithm for bichromatic closest pair with mismatches or differences is [MASK] . For mismatches the length of the strings is d = c log n , for differences d = c log n log log n .",Ω(n^ 2-δ )
1812.09120#6:paper-subarea:1,paper-subarea,1812.09120#6,1812.09120,theorem,fine-grained,"Assuming SETH, for all constants δ, c > 0 there exists a constant ε = ε(δ, c) such that the running time of any (1+ε) -approximate algorithm for bichromatic closest pair with mismatches or differences is Ω(n^ 2-δ ) . For mismatches the length of the strings is d = c log n , for differences d = c log n log log n .

[MASK]",fine-grained
1812.09120#7:bound-cloze:3,bound-cloze,1812.09120#7,1812.09120,corollary,fine-grained,"Assuming SETH, for all constants δ, c > 0 there exists a constant ε = ε(δ, c) such that no algorithm can preprocess a dictionary of n strings of length d = c log n (resp., d = c log n log log n ), and subsequently answer (1+ε) -approximate dictionary look-up queries with k = [MASK] mismatches (resp., differences) in O (n^ 1-δ ) time.",Θ( log n)
1812.09120#7:paper-subarea:2,paper-subarea,1812.09120#7,1812.09120,corollary,fine-grained,"Assuming SETH, for all constants δ, c > 0 there exists a constant ε = ε(δ, c) such that no algorithm can preprocess a dictionary of n strings of length d = c log n (resp., d = c log n log log n ), and subsequently answer (1+ε) -approximate dictionary look-up queries with k = Θ( log n) mismatches (resp., differences) in O (n^ 1-δ ) time.

[MASK]",fine-grained
1812.09120#9:paper-subarea:3,paper-subarea,1812.09120#9,1812.09120,theorem,fine-grained,"Let τ(X), τ(Y) be two strings obtained from binary strings X, Y by applying the stoppers transform. The edit distance between τ(X) and τ(Y) is equal to the Hamming distance between X and Y .

[MASK]",fine-grained
1812.09120#11:bound-cloze:4,bound-cloze,1812.09120#11,1812.09120,theorem,fine-grained,"Assuming SETH, for every δ > 0 there exists a constant c = c(δ) such that the problem of bichromatic closest pair with mismatches for two sets of strings in {0,1}^ c log n of size n each cannot be solved in time O ( [MASK] ) .",n^ 2-δ
1812.09120#11:paper-subarea:4,paper-subarea,1812.09120#11,1812.09120,theorem,fine-grained,"Assuming SETH, for every δ > 0 there exists a constant c = c(δ) such that the problem of bichromatic closest pair with mismatches for two sets of strings in {0,1}^ c log n of size n each cannot be solved in time O ( n^ 2-δ ) .

[MASK]",fine-grained
1902.07699#1:bound-cloze:1,bound-cloze,1902.07699#1,1902.07699,theorem,communication-complexity; quantum-complexity,"Consider a quantum communication protocol R whose goal is to compute a joint function f(x,y) ∈ {0, 1} . Suppose that R uses an arbitrary bipartite entangled state |ψ rangle ^ AB (of unbounded dimension), as well as Q qubits of communication total, in either direction (for sufficiently large Q ≥ 15 ). Then, for every eps > 0 , there exists a quantum communication protocol R' which simulates R with error ε , while using only a maximally entangled state as an entangled resource (rather than |ψ rangle ^ AB or any other state), and using [MASK] qubits of communication. Thus, if R computes f with error eps ' it follows that R' computes f with error ε+eps ' .",O(Q/ε+ log (1/ε)/ε)
1902.07699#1:paper-subarea:1,paper-subarea,1902.07699#1,1902.07699,theorem,communication-complexity; quantum-complexity,"Consider a quantum communication protocol R whose goal is to compute a joint function f(x,y) ∈ {0, 1} . Suppose that R uses an arbitrary bipartite entangled state |ψ rangle ^ AB (of unbounded dimension), as well as Q qubits of communication total, in either direction (for sufficiently large Q ≥ 15 ). Then, for every eps > 0 , there exists a quantum communication protocol R' which simulates R with error ε , while using only a maximally entangled state as an entangled resource (rather than |ψ rangle ^ AB or any other state), and using O(Q/ε+ log (1/ε)/ε) qubits of communication. Thus, if R computes f with error eps ' it follows that R' computes f with error ε+eps ' .

[MASK]",communication-complexity; quantum-complexity
1902.07699#4:bound-cloze:2,bound-cloze,1902.07699#4,1902.07699,theorem,communication-complexity; quantum-complexity,"Given any two bipartite shared states |ψ rangle ^ AB = Σ _ i sqrt ψ_i |i rangle ^A ot |i rangle ^B and |φ rangle ^ AB = Σ _ i sqrt φ_i |i rangle ^A ot |i rangle ^B , shared between two parties A and B , together with a unitary U_ P which can be performed on the state |ψ rangle ^ AB via a quantum communication protocol P , that uses Q qubits of communication between A and B , we have that, for every ε : \[ | le φ |^ AB U_ P |ψ rangle ^ AB | ≤ 1 - frac 1 4 ε^2 + 24 · 2^ -frac 1 2 ([MASK] _ ∞ ( |ψ rangle , |φ rangle ) - 3Q) \]",d^ eps
1902.07699#4:paper-subarea:2,paper-subarea,1902.07699#4,1902.07699,theorem,communication-complexity; quantum-complexity,"Given any two bipartite shared states |ψ rangle ^ AB = Σ _ i sqrt ψ_i |i rangle ^A ot |i rangle ^B and |φ rangle ^ AB = Σ _ i sqrt φ_i |i rangle ^A ot |i rangle ^B , shared between two parties A and B , together with a unitary U_ P which can be performed on the state |ψ rangle ^ AB via a quantum communication protocol P , that uses Q qubits of communication between A and B , we have that, for every ε : \[ | le φ |^ AB U_ P |ψ rangle ^ AB | ≤ 1 - frac 1 4 ε^2 + 24 · 2^ -frac 1 2 (d^ eps _ ∞ ( |ψ rangle , |φ rangle ) - 3Q) \]

[MASK]",communication-complexity; quantum-complexity
1902.07699#7:bound-cloze:3,bound-cloze,1902.07699#7,1902.07699,theorem,communication-complexity; quantum-complexity,"Consider a quantum communication protocol R whose goal is to compute a joint function g(x,y) ∈ {0, 1} . Suppose that R uses an arbitrary bipartite entangled state |ψ rangle ^ AB (of unbounded dimension), as well as Q qubits of communication total, in either direction (for sufficiently large Q ≥ 15 ). Then, for every eps > 0 , there exists a quantum communication protocol R' which simulates R with error ε , while using only a maximally entangled state as an entangled resource (rather than |ψ rangle ^ AB or any other state), and using [MASK] qubits of communication. Thus, if R computes f with error eps ' it follows that R' computes f with error ε+eps ' .",O(Q/ε+ log (1/ε)/ε)
1902.07699#7:paper-subarea:3,paper-subarea,1902.07699#7,1902.07699,theorem,communication-complexity; quantum-complexity,"Consider a quantum communication protocol R whose goal is to compute a joint function g(x,y) ∈ {0, 1} . Suppose that R uses an arbitrary bipartite entangled state |ψ rangle ^ AB (of unbounded dimension), as well as Q qubits of communication total, in either direction (for sufficiently large Q ≥ 15 ). Then, for every eps > 0 , there exists a quantum communication protocol R' which simulates R with error ε , while using only a maximally entangled state as an entangled resource (rather than |ψ rangle ^ AB or any other state), and using O(Q/ε+ log (1/ε)/ε) qubits of communication. Thus, if R computes f with error eps ' it follows that R' computes f with error ε+eps ' .

[MASK]",communication-complexity; quantum-complexity
1902.07699#12:bound-cloze:4,bound-cloze,1902.07699#12,1902.07699,definition,communication-complexity; quantum-complexity,"ε -Smoothed ell _ ∞ -Earth Mover's Distance \[[MASK] _ ∞ ( |ψ rangle , |φ rangle ) equiv max _ q ∈ [0,1] min _ r ∈ [q-eps , q+eps ] |F_ p_ ψ ^ -1 (q)- F_ p_ φ ^ -1 (r)| \]",d^ eps
1902.07699#20:paper-subarea:4,paper-subarea,1902.07699#20,1902.07699,corollary,communication-complexity; quantum-complexity,"Given two states |τ rangle and |κ rangle such that there is a Left Index-1 Flow from |κ rangle to |τ rangle with degree at most 2^Q , then, for two parties sharing entangled state |κ rangle , there exists a quantum communication protocol P , which uses Q qubits of communication, and converts the shared state |κ rangle to the shared state |τ rangle .

[MASK]",communication-complexity; quantum-complexity
1904.08914#2:paper-subarea:1,paper-subarea,1904.08914#2,1904.08914,theorem,counting-complexity; quantum-complexity; query-complexity; structural,"theorem qmabound Consider a QMA protocol that solves ApxCount _ N,w . If the protocol receives a quantum witness of length m , and makes T queries to the membership oracle for S , then either m = Ω(w) or T = Ω l( sqrt N/w r) .

[MASK]",counting-complexity; quantum-complexity; query-complexity; structural
1904.08914#8:bound-cloze:1,bound-cloze,1904.08914#8,1904.08914,corollary,counting-complexity; quantum-complexity; query-complexity; structural,"Let p \ be a real polynomial of degree d , and suppose that max _ x,y ∈ [ a,b ] vert p ( x ) -p ( y ) vert ≥ H. Let ε ≤ frac 1 100[MASK] \ and a^ prime :=a+ε ( b-a ) . \ Then max _ x,y ∈ [ a^ prime ,b ] vert p ( x ) -p ( y ) vert ≥ frac H 2 .",d^ 2
1904.08914#8:paper-subarea:2,paper-subarea,1904.08914#8,1904.08914,corollary,counting-complexity; quantum-complexity; query-complexity; structural,"Let p \ be a real polynomial of degree d , and suppose that max _ x,y ∈ [ a,b ] vert p ( x ) -p ( y ) vert ≥ H. Let ε ≤ frac 1 100d^ 2 \ and a^ prime :=a+ε ( b-a ) . \ Then max _ x,y ∈ [ a^ prime ,b ] vert p ( x ) -p ( y ) vert ≥ frac H 2 .

[MASK]",counting-complexity; quantum-complexity; query-complexity; structural
1904.08914#17:bound-cloze:2,bound-cloze,1904.08914#17,1904.08914,lemma,counting-complexity; quantum-complexity; query-complexity; structural,"Suppose there is a QMA protocol for some problem that makes T queries and receives an m -qubit witness. \ Then there is a quantum query algorithm Q for the same problem that makes O(mT) queries, and satisfies the following: If x ∈ L , then Pr [Q(x) accepts ] ≥ [MASK] . If x ∉ L , then Pr [Q(x) accepts ] ≤ 2^ -10m .",2^ -m
1904.08914#18:bound-cloze:3,bound-cloze,1904.08914#18,1904.08914,theorem,counting-complexity; quantum-complexity; query-complexity; structural,"Let 0<w<32w<N and M ≥ 1 . \ Let R_ 1 =[4w,N] × lbrack 0,w/2] and R_ 2 =[0,w/2] × lbrack 4w,N] be disjoint rectangles in the plane, and let L=R_ 1 ∪ R_ 2 . \ Let p(x,y) be a real polynomial of degree d with the following properties: p(4w, 4w) ≥ 1.5 · M . 0 ≤ p(x, y) ≤ 1 for all (x, y) ∈ L . Then d = [MASK] .",Ω( sqrt N/w · log M)
1904.08914#18:paper-subarea:3,paper-subarea,1904.08914#18,1904.08914,theorem,counting-complexity; quantum-complexity; query-complexity; structural,"Let 0<w<32w<N and M ≥ 1 . \ Let R_ 1 =[4w,N] × lbrack 0,w/2] and R_ 2 =[0,w/2] × lbrack 4w,N] be disjoint rectangles in the plane, and let L=R_ 1 ∪ R_ 2 . \ Let p(x,y) be a real polynomial of degree d with the following properties: p(4w, 4w) ≥ 1.5 · M . 0 ≤ p(x, y) ≤ 1 for all (x, y) ∈ L . Then d = Ω( sqrt N/w · log M) .

[MASK]",counting-complexity; quantum-complexity; query-complexity; structural
1904.08914#19:bound-cloze:4,bound-cloze,1904.08914#19,1904.08914,lemma,counting-complexity; quantum-complexity; query-complexity; structural,"Consider any quantum query algorithm Q^ O _ S_ 0 , O _ S_ 1 for AND _2 ∘ ApxCount _ N,w that makes T queries to the membership oracles O _ S_ 0 and O _ S_ 1 for the two instances of ApxCount _ N,w and satisfies the following. For some m=o(w) , α=[MASK] , and M ∈ [1, α^ -1 ] : If x ∈ L , then Pr [Q(x) accepts ] ≥ α . If x ∉ L , then Pr [Q(x) accepts ] ≤ α/(2 M) . Then T = Ω ( sqrt N/w · log M )",2^ -m
1904.08914#20:paper-subarea:4,paper-subarea,1904.08914#20,1904.08914,corollary,counting-complexity; quantum-complexity; query-complexity; structural,"There exists an oracle A and a pair of languages L_0, L_1 such that: L_0, L_1 ∈ SBP ^A L_0 ∩ L_1 ∉ SBQP ^A . SBP ^A ⊄ QMA ^A .

[MASK]",counting-complexity; quantum-complexity; query-complexity; structural
1907.08355#1:bound-cloze:1,bound-cloze,1907.08355#1,1907.08355,conjecture,average-case; fine-grained,sf 3SUM xspace cannot be solved in time [MASK] for any constant δ> 0 .,O(N^ 2-δ )
1907.08355#2:bound-cloze:2,bound-cloze,1907.08355#2,1907.08355,conjecture,average-case; fine-grained,If there exists an algorithm which solves sf 3SUM-Indexing xspace with preprocessing space S and T = widetilde O(1) probes then S=widetilde [MASK] .,Ω(N^2)
1907.08355#3:bound-cloze:3,bound-cloze,1907.08355#3,1907.08355,conjecture,average-case; fine-grained,"If there exists an algorithm which solves sf 3SUM-Indexing xspace with preprocessing space S and T probes, then ST=widetilde [MASK] .",Ω(N^2)
1907.08355#4:bound-cloze:4,bound-cloze,1907.08355#4,1907.08355,conjecture,average-case; fine-grained,If there exists an algorithm which solves sf 3SUM-Indexing xspace with T=widetilde [MASK] probes for some δ>0 then S=widetilde Ω(N^2) .,O(N^ 1-δ )
1907.08355#5:paper-subarea:1,paper-subarea,1907.08355#5,1907.08355,theorem,average-case; fine-grained,"For every 0 ≤ δ ≤ 1 , there is an adaptive data structure for sf 3SUM-Indexing xspace with space S=widetilde O (N^ 2-δ ) and query time T=widetilde O (N^ 3δ ) .

[MASK]",average-case; fine-grained
1907.08355#6:paper-subarea:2,paper-subarea,1907.08355#6,1907.08355,theorem,average-case; fine-grained,"For every non-adaptive algorithm that uses space S and query time T and solves sf 3SUM-Indexing xspace , it holds that S=widetilde Ω (N^ 1+1/T ) .

[MASK]",average-case; fine-grained
1907.08355#10:paper-subarea:3,paper-subarea,1907.08355#10,1907.08355,theorem,average-case; fine-grained,"For any function Fcolon X → X , and for any choice of values S and T such that S^3 T ≥ | X |^3 , there is a deterministic data structure with space widetilde O (S) which allows inverting F at every point making widetilde O (T) queries to the memory cells and evaluations of F . While the result in Theorem 1.1 in is stated for a randomized preprocessing procedure, we remark that a less efficient deterministic procedure which brute forces the probability space can be used instead.

[MASK]",average-case; fine-grained
1907.08355#12:paper-subarea:4,paper-subarea,1907.08355#12,1907.08355,theorem,average-case; fine-grained,"For every integer k ≥ 3 and real 0 ≤ δ ≤ k-2 , there is an adaptive data structure for sf kSUM-Indexing xspace (G,N) with space S=widetilde O (N^ k-1-δ ) and query time T=widetilde O (N^ 3δ ) .

[MASK]",average-case; fine-grained
1907.12119#1:paper-subarea:1,paper-subarea,1907.12119#1,1907.12119,theorem,fine-grained,"theorem TheoremAlgorithm The normal sc FastMinimumDegree xspace algorithm outputs an exact minimum degree ordering in O(nm) time.

[MASK]",fine-grained
1907.12119#2:bound-cloze:1,bound-cloze,1907.12119#2,1907.12119,theorem,fine-grained,"theorem TheoremAlgorithmOutputSensative The normal sc FastMinimumDegree xspace algorithm can be implemented to run in [MASK] time and use O(m^+) space, where m^+ is the number of unique fill edges and original edges that the algorithm encounters and Δ is the maximum degree of the original graph.","O(min set m sqrt m^+ , Δ m^+ log n)"
1907.12119#2:paper-subarea:2,paper-subarea,1907.12119#2,1907.12119,theorem,fine-grained,"theorem TheoremAlgorithmOutputSensative The normal sc FastMinimumDegree xspace algorithm can be implemented to run in O(min set m sqrt m^+ , Δ m^+ log n) time and use O(m^+) space, where m^+ is the number of unique fill edges and original edges that the algorithm encounters and Δ is the maximum degree of the original graph.

[MASK]",fine-grained
1907.12119#3:bound-cloze:2,bound-cloze,1907.12119#3,1907.12119,theorem,fine-grained,"theorem TheoremHardness Assuming the strong exponential time hypothesis, there does not exist an [MASK] algorithm for computing a minimum degree elimination ordering, where Δ is the maximum degree of the original graph, for any ε> 0 and k ≥ 0 .",O(m^ 2-ε Δ^k)
1907.12119#3:paper-subarea:3,paper-subarea,1907.12119#3,1907.12119,theorem,fine-grained,"theorem TheoremHardness Assuming the strong exponential time hypothesis, there does not exist an O(m^ 2-ε Δ^k) algorithm for computing a minimum degree elimination ordering, where Δ is the maximum degree of the original graph, for any ε> 0 and k ≥ 0 .

[MASK]",fine-grained
1907.12119#4:paper-subarea:4,paper-subarea,1907.12119#4,1907.12119,theorem,fine-grained,"corollary CorollaryHardness Assuming the strong exponential time hypothesis, there does not exist an O(nm^ 1-ε ) time algorithm for computing a minimum degree elimination ordering, for any ε > 0 .

[MASK]",fine-grained
1907.12119#7:bound-cloze:3,bound-cloze,1907.12119#7,1907.12119,theorem,fine-grained,"Assuming SETH, for any ε> 0 , there does not exist an [MASK] time algorithm that takes n binary vectors with Θ( log ^2 n) bits and decides if there is an orthogonal pair.",O(n^ 2-ε )
1907.12119#10:bound-cloze:4,bound-cloze,1907.12119#10,1907.12119,theorem,fine-grained,"lemma LemmaMinDegreeQuery The normal tt fill\_graph adjacency structure can be augmented to support the selection of the minimum degree vertex, increasing the total running time by at most [MASK] .",O(m^+)
1909.10303#2:bound-cloze:1,bound-cloze,1909.10303#2,1909.10303,theorem,quantum-complexity; structural,"For any d , d - SSP ∈ ( BQNC_ 2d+1 ^ BPP )^ O ∩ ( BPP^ BQNC_ 2d+1 )^ O , but d - SSP ∉ ( BQNC_ d ^ BPP )^ O ∪ ( BPP^ BQNC_ d ^ O ) , where O is the shuffling oracle of f . Following the definition of BQNC_[MASK] and BPP^ BQNC_d , the gate set is the collection of one- and two-qubit gates. However, our oracle separation actually works for any gate set even with unbounded fan-out gates. The main point is that the depth of the queries is less than the depth of the shuffling oracle.",d^ BPP
1909.10303#2:paper-subarea:1,paper-subarea,1909.10303#2,1909.10303,theorem,quantum-complexity; structural,"For any d , d - SSP ∈ ( BQNC_ 2d+1 ^ BPP )^ O ∩ ( BPP^ BQNC_ 2d+1 )^ O , but d - SSP ∉ ( BQNC_ d ^ BPP )^ O ∪ ( BPP^ BQNC_ d ^ O ) , where O is the shuffling oracle of f . Following the definition of BQNC_d^ BPP and BPP^ BQNC_d , the gate set is the collection of one- and two-qubit gates. However, our oracle separation actually works for any gate set even with unbounded fan-out gates. The main point is that the depth of the queries is less than the depth of the shuffling oracle.

[MASK]",quantum-complexity; structural
1909.10303#3:paper-subarea:2,paper-subarea,1909.10303#3,1909.10303,corollary,quantum-complexity; structural,"[Informal] For d = log ^ ω(1) n , d - SSP ∈ BQP ^ O , but d - SSP ∉ ( BPP^ BQNC )^ O ∪ ( BQNC^ BPP )^ O , where O is the shuffling oracle of f .

[MASK]",quantum-complexity; structural
1909.10303#9:bound-cloze:2,bound-cloze,1909.10303#9,1909.10303,definition,quantum-complexity; structural,"The set of languages L={L_n: n>0} for which there exists a circuit family {C_n: n>0} ∈ QNC_d for d=[MASK] such that for n>0 , for any x where |x| =n , if x ∈ L_n , then Pr [C_n(x)=1] ≥ 2/3 ; otherwise, Pr [C_n(x)=1] ≤ 1/3 .",O( log ^k n)
1909.10303#14:bound-cloze:3,bound-cloze,1909.10303#14,1909.10303,definition,quantum-complexity; structural,"A (d,f) -shuffling of f is defined by F :=(f_0, ... ,f_d) , where f_0, ... ,f_ d-1 ∈ P( Z _[MASK] , Z _2^ (d+2)n ) are chosen randomly, and then we choose f_d be the function satisfying the following properties: Let S_d:={f_ d-1 ∘ ... ∘ f_0(x'): x'=0, ... ,2^n-1} . For x ∈ S_d , let f_ d-1 ∘ ... ∘ f_0(x')=x , and we choose the function f_d:S_d → [0,2^n-1] satisfying that f_d ∘ f_ d-1 ∘ ... ∘ f_0(x') = f(x') . For x ∉ S_d , we let f_d(x)=bot . We let SHUF (d,f) be the set of all (d,f) -shuffling functions of f . For simplicity, we denote f_d on the subdomain S_d as f^*_d .",2^ (d+2)n
1909.10303#15:bound-cloze:4,bound-cloze,1909.10303#15,1909.10303,definition,quantum-complexity; structural,"Draw f_0, ... ,f_ d-1 uniformly at random from P ( Z _[MASK] , Z _2^ (d+2)n ) and then choose f_d^* such that f^*_d ∘ ... ∘ f_0(x) = f(x) for x ∈ Z _2^n .",2^ (d+2)n
1909.10303#24:paper-subarea:3,paper-subarea,1909.10303#24,1909.10303,theorem,quantum-complexity; structural,"The d - SSP and the search d - SSP can be solved by a QNC _ 2d+1 circuit with classical post-processing.

[MASK]",quantum-complexity; structural
1909.10303#34:paper-subarea:4,paper-subarea,1909.10303#34,1909.10303,theorem,quantum-complexity; structural,"Let n,d ∈ N . Let ( A ,ρ) be any d -depth quantum circuit and initial state. Let f be a random Simon's function from Z _2^n to Z _2^ n with hidden shift s . Give A the access to the shuffling oracle O ^ f,d _ unif . Let F be the (d,f) -shuffling sampled from O ^ f,d _ unif , then &Pr [ A ^ F (ρ) = s] ≤ d · sqrt frac poly (n) 2^n +frac 1 2^n .

[MASK]",quantum-complexity; structural
1910.01251#6:paper-subarea:1,paper-subarea,1910.01251#6,1910.01251,theorem,algebraic-complexity; proof-complexity,"Consider the natural action of G = ST _n(C ) × ST _n(C ) × ST _n(C ) on V = C ^n ⊗ C ^n ⊗ C ^n . Then any set of generators for the invariant ring cannot have a polynomial sized (in n ) succinct encoding, unless rm NP ⊆ P/poly .

[MASK]",algebraic-complexity; proof-complexity
1910.01251#8:paper-subarea:2,paper-subarea,1910.01251#8,1910.01251,theorem,algebraic-complexity; proof-complexity,"Let k ≥ 2 be even. Consider the action of G = SL _ 2kn (C ) on V = style otimes ^ 2k C ^ 2kn . Then any set of generators for the invariant ring cannot have a polynomial sized (in n ) succinct encoding, unless rm VP = VNP .

[MASK]",algebraic-complexity; proof-complexity
1910.01251#15:bound-cloze:1,bound-cloze,1910.01251#15,1910.01251,proposition,algebraic-complexity; proof-complexity,"Given a circuit cC (bf x ) of size s , then for every r ∈ N there is a homogeneous circuit Ψ(bf x ) of size [MASK] computing H_0[cC (bf x )], H_1[cC (bf x )], ... , H_r[cC (bf x )] . Moreover, the constants used in the computation of the components H_i[cC (bf x )] are a subset of the coefficients used in the computation of cC (bf x ) .",O(r^2 s)
1910.01251#16:paper-subarea:3,paper-subarea,1910.01251#16,1910.01251,theorem,algebraic-complexity; proof-complexity,"Let P(bf x ) ∈ Q [bf x ] be a polynomial in the variables bf x = (x_1, ... , x_n) , with each variable x_i having degree bounded by d_i , and whose coefficients are rationals with bit complexity bounded by B . If P(bf x ) is given as an arithmetic circuit of size s , then there exists a randomized algorithm running in time rm poly (n, s, log (B), 1/ε) and using O ( Σ _ i=1 ^n log (d_i) + log (B) ) random bits which tests whether P(bf x ) is identically zero. If P(bf x ) is the identically zero polynomial then the algorithm always succeeds. Otherwise, it errs with probability at most ε .

[MASK]",algebraic-complexity; proof-complexity
1910.01251#17:paper-subarea:4,paper-subarea,1910.01251#17,1910.01251,theorem,algebraic-complexity; proof-complexity,"Consider the natural action of G = ST _n(C ) × ST _n(C ) × ST _n(C ) on V = C ^n ⊗ C ^n ⊗ C ^n , where an element (bf a , bf b , bf c ) ∈ G acts on a tensor u ∈ V as follows: (bf a ,bf b ,bf c ) · u := v , such that v_ ijk = a_i b_j c_k u_ ijk . Any set of generators for the invariant ring of this action cannot have a polynomial sized (in n ) succinct encoding, unless rm NP ⊆ P/poly .

[MASK]",algebraic-complexity; proof-complexity
1911.01973#2:paper-subarea:1,paper-subarea,1911.01973#2,1911.01973,theorem,fine-grained; quantum-complexity; query-complexity,"Assuming QSETH, there is no quantum algorithm running in time n^ 1-o(1) for OV , CP , and BCP when d= polylog (n) .

[MASK]",fine-grained; quantum-complexity; query-complexity
1911.01973#3:bound-cloze:1,bound-cloze,1911.01973#3,1911.01973,theorem,fine-grained; quantum-complexity; query-complexity,The quantum time complexity of CP in O(1) dimensions We actually give a slightly stronger result: the same time complexities still hold when d=O (frac log log n log log log n ) . is widetilde [MASK] The widetilde Θ notation is Θ with logarithmic factors hidden in both upper and lower bounds. .,Θ (n^ 2/3 )
1911.01973#3:paper-subarea:2,paper-subarea,1911.01973#3,1911.01973,theorem,fine-grained; quantum-complexity; query-complexity,"The quantum time complexity of CP in O(1) dimensions We actually give a slightly stronger result: the same time complexities still hold when d=O (frac log log n log log log n ) . is widetilde Θ (n^ 2/3 ) The widetilde Θ notation is Θ with logarithmic factors hidden in both upper and lower bounds. .

[MASK]",fine-grained; quantum-complexity; query-complexity
1911.01973#4:bound-cloze:2,bound-cloze,1911.01973#4,1911.01973,theorem,fine-grained; quantum-complexity; query-complexity,"For any δ>0 , there exists a quantum algorithm for BCP with widetilde O (n^ 1-frac 1 2d +δ ) running time. There exists a quantum algorithm which solves (1+ξ) -approximate BCP in time widetilde [MASK] .",O (ξ^ -d n^ 2/3 )
1911.01973#4:paper-subarea:3,paper-subarea,1911.01973#4,1911.01973,theorem,fine-grained; quantum-complexity; query-complexity,"For any δ>0 , there exists a quantum algorithm for BCP with widetilde O (n^ 1-frac 1 2d +δ ) running time. There exists a quantum algorithm which solves (1+ξ) -approximate BCP in time widetilde O (ξ^ -d n^ 2/3 ) .

[MASK]",fine-grained; quantum-complexity; query-complexity
1911.01973#5:paper-subarea:4,paper-subarea,1911.01973#5,1911.01973,theorem,fine-grained; quantum-complexity; query-complexity,"The quantum time complexity of OV in O(1) dimensions is Θ(n^ 1/2 ) .

[MASK]",fine-grained; quantum-complexity; query-complexity
1911.01973#8:bound-cloze:3,bound-cloze,1911.01973#8,1911.01973,theorem,fine-grained; quantum-complexity; query-complexity,There is a quantum algorithm for unstructured search with running time [MASK] .,O( sqrt n )
1911.01973#9:bound-cloze:4,bound-cloze,1911.01973#9,1911.01973,theorem,fine-grained; quantum-complexity; query-complexity,"There is a quantum algorithm that finds from a set of n elements with values in R , the index of the minimum element of the set, with success probability frac 1 2 and run time widetilde [MASK] .",O ( sqrt n )
1911.08297#1:bound-cloze:1,bound-cloze,1911.08297#1,1911.08297,theorem,circuit-complexity; meta-complexity,"The following statements are equivalent: See Preliminaries (Section ) for definitions. bf Hardness of approximate MCSP against almost-linear size circuits. There exist c ≥ 1 , 0 < γ < 1 , and ε > 0 such that sf MCSP xspace [(n^c,0), (2^ n^γ , n^ -c )] ∉ sf Circuit xspace [N^ 1 + ε ] . bf Hardness of worst-case MCSP against almost-linear size circuits. There exists c ≥ 1 and ε > 0 such that sf MCSP xspace [n^c,2^n/n^c] ∉ sf Circuit xspace [N^ 1 + ε ] . bf Hardness of sub-exponential size learning using non-adaptive queries. There exist ell ≥ 1 and 0 < γ < 1 such that sf Circuit xspace [n^ell ] cannot be learned up to error O (1/n^ ell ) under the uniform distribution by circuits of size 2^ [MASK] using non-adaptive membership queries. bf Non-existence of natural properties against polynomial size circuits. For some d ≥ 1 there is no sf Circuit xspace [ poly (N)] -natural property useful against sf Circuit xspace [n^d] . bf Existence of non-uniform PRFs secure against sub-exponential size circuits. For every constant a ≥ 0 , there exists d ≥ 1 , a sequence F = {F_n}_ n ≥ 1 of families F_n of n -bit boolean functions f_n ∈ sf Circuit xspace [n^d] , and a sequence of probability distributions D = {D_n}_ n ≥ 1 supported over F _n such that, for infinitely many values of n , (F_n, D_n) is pseudo-random function family that (1/N^ ω(1) ) -fools ( oracle ) circuits of size 2^ a · n .",O(n^γ)
1911.08297#1:paper-subarea:1,paper-subarea,1911.08297#1,1911.08297,theorem,circuit-complexity; meta-complexity,"The following statements are equivalent: See Preliminaries (Section ) for definitions. bf Hardness of approximate MCSP against almost-linear size circuits. There exist c ≥ 1 , 0 < γ < 1 , and ε > 0 such that sf MCSP xspace [(n^c,0), (2^ n^γ , n^ -c )] ∉ sf Circuit xspace [N^ 1 + ε ] . bf Hardness of worst-case MCSP against almost-linear size circuits. There exists c ≥ 1 and ε > 0 such that sf MCSP xspace [n^c,2^n/n^c] ∉ sf Circuit xspace [N^ 1 + ε ] . bf Hardness of sub-exponential size learning using non-adaptive queries. There exist ell ≥ 1 and 0 < γ < 1 such that sf Circuit xspace [n^ell ] cannot be learned up to error O (1/n^ ell ) under the uniform distribution by circuits of size 2^ O(n^γ) using non-adaptive membership queries. bf Non-existence of natural properties against polynomial size circuits. For some d ≥ 1 there is no sf Circuit xspace [ poly (N)] -natural property useful against sf Circuit xspace [n^d] . bf Existence of non-uniform PRFs secure against sub-exponential size circuits. For every constant a ≥ 0 , there exists d ≥ 1 , a sequence F = {F_n}_ n ≥ 1 of families F_n of n -bit boolean functions f_n ∈ sf Circuit xspace [n^d] , and a sequence of probability distributions D = {D_n}_ n ≥ 1 supported over F _n such that, for infinitely many values of n , (F_n, D_n) is pseudo-random function family that (1/N^ ω(1) ) -fools ( oracle ) circuits of size 2^ a · n .

[MASK]",circuit-complexity; meta-complexity
1911.08297#2:bound-cloze:2,bound-cloze,1911.08297#2,1911.08297,theorem,circuit-complexity; meta-complexity,"The following results hold. (Oracle Circuits from Magnification) For any ε > 0 , MCSP [2^ n^ 1/3 , 2^ n^ 2/3 ] ∈ Formula - O - XOR [N^ 1.01 ] , where every oracle O has fan-in at most N^ε and appears in the layer right above the XOR leaves. (Extension of Lower Bound Techniques) For any δ > 0 , InnerProduct over N input bits cannot be computed by N^ 2-3δ -size Formula - O - XOR circuits with at most N^ 2-3δ oracle gates of fan-in N^ δ in the layer right above the XOR leaves, for any oracle O . (Extension of Lower Bound Techniques Below Magnification Threshold) There is a universal constant c such that for all constants ε > 0 and α > 2 , sf MCSP xspace [n^ c ,2^ ε/α · n ] cannot be computed by oracle formulas F with SIZE _3(F) ≤ N^ 2-ε and adaptivity [MASK] .",o( log N/ log log N)
1911.08297#2:paper-subarea:2,paper-subarea,1911.08297#2,1911.08297,theorem,circuit-complexity; meta-complexity,"The following results hold. (Oracle Circuits from Magnification) For any ε > 0 , MCSP [2^ n^ 1/3 , 2^ n^ 2/3 ] ∈ Formula - O - XOR [N^ 1.01 ] , where every oracle O has fan-in at most N^ε and appears in the layer right above the XOR leaves. (Extension of Lower Bound Techniques) For any δ > 0 , InnerProduct over N input bits cannot be computed by N^ 2-3δ -size Formula - O - XOR circuits with at most N^ 2-3δ oracle gates of fan-in N^ δ in the layer right above the XOR leaves, for any oracle O . (Extension of Lower Bound Techniques Below Magnification Threshold) There is a universal constant c such that for all constants ε > 0 and α > 2 , sf MCSP xspace [n^ c ,2^ ε/α · n ] cannot be computed by oracle formulas F with SIZE _3(F) ≤ N^ 2-ε and adaptivity o( log N/ log log N) .

[MASK]",circuit-complexity; meta-complexity
1911.08297#4:bound-cloze:3,bound-cloze,1911.08297#4,1911.08297,definition,circuit-complexity; meta-complexity,"Let R = { R_n } be a combinatorial property, C be a circuit class and Γ be a complexity class. Then, R is a Γ -natural property useful against C[s(n)] , if there exists an n_0 ∈ N such that the following hold: bf Constructivity : For any function f_n ∈ F_n , the predicate f_n stackrel ? ∈ R_n is computable in Γ in the size of the truth table of f_n . bf Largeness : For every n ≥ n_0 , Pr _ f_n F_n {f_n ∈ R_n } ≥ frac 1 2^ [MASK] . bf Usefulness : For every n ≥ n_0 , R_n ∩ C[s(n)] = ∅ .",O(n)
1911.08297#5:bound-cloze:4,bound-cloze,1911.08297#5,1911.08297,theorem,circuit-complexity; meta-complexity,"Let R be a sf P/poly xspace -natural property useful against sf Circuit xspace [n^d] for some d ≥ 1 . Then, for each γ ∈ (0,1) , there are randomized, oracle circuits {D_n}_ n ≥ 1 ∈ sf Circuit xspace [2^ [MASK] ] that learn sf Circuit xspace [n^k] up to error frac 1 n^k using non-adaptive oracle queries to f_n , where k = frac dγ a and a is a universal constant that does not depend on d and γ .",O(n^ γ )
1911.08297#5:paper-subarea:3,paper-subarea,1911.08297#5,1911.08297,theorem,circuit-complexity; meta-complexity,"Let R be a sf P/poly xspace -natural property useful against sf Circuit xspace [n^d] for some d ≥ 1 . Then, for each γ ∈ (0,1) , there are randomized, oracle circuits {D_n}_ n ≥ 1 ∈ sf Circuit xspace [2^ O(n^ γ ) ] that learn sf Circuit xspace [n^k] up to error frac 1 n^k using non-adaptive oracle queries to f_n , where k = frac dγ a and a is a universal constant that does not depend on d and γ .

[MASK]",circuit-complexity; meta-complexity
1911.08297#9:paper-subarea:4,paper-subarea,1911.08297#9,1911.08297,theorem,circuit-complexity; meta-complexity,"Let t(n) ≤ 2^ O(n) . Suppose that for every k ≥ 1 and large enough n , there exists no ( poly (t(n)),1/10) -pseudorandom function families in C[n^k] . Then, for every ε >0, k ≥ 1 and large enough n , there is a randomized oracle circuit in sf Circuit xspace ^O [2^ n^ε ] that learns every function f_n ∈ C[n^k] up to error 1/n^k with confidence 1-1/n , where O denotes membership query access to f_n .

[MASK]",circuit-complexity; meta-complexity
1911.08297#30:relation-cloze:1,relation-cloze,1911.08297#30,1911.08297,proposition,circuit-complexity; meta-complexity,"Let k(n) = ( log n)^C for some constant C . If there exists ε >0 such that for every depth d ≥ 1 , (n-k) - Clique ∉ AC ^0_d[m^ 1 + ε ] , then NP [MASK] NC ^1 .",⊄
2002.08533#1:bound-cloze:1,bound-cloze,2002.08533#1,2002.08533,theorem,circuit-complexity; communication-complexity; derandomization; meta-complexity,"The following unconditional lower bounds hold: If GIP ^k_n is (1/2 + ε) -close under the uniform distribution to a function in sf FORMULA [s] ∘ G , then s = Ω ( frac n^2 k^2 · 16^k · ( R ^ (k) _ ε/(2n^2) ( G ) + log n )^2 · log ^2 (1/ε) ). If MKtP ∈ sf FORMULA [s] ∘ G , then s = widetilde Ω ( frac n^2 k^2 · 16^ k · R^ (k) _ 1/3 ( G ) ). If MCSP ∈ sf FORMULA [s] ∘ XOR , then s = widetilde [MASK] , where widetilde Ω hides inverse polylog (n) factors.",Ω (n^2)
2002.08533#1:paper-subarea:1,paper-subarea,2002.08533#1,2002.08533,theorem,circuit-complexity; communication-complexity; derandomization; meta-complexity,"The following unconditional lower bounds hold: If GIP ^k_n is (1/2 + ε) -close under the uniform distribution to a function in sf FORMULA [s] ∘ G , then s = Ω ( frac n^2 k^2 · 16^k · ( R ^ (k) _ ε/(2n^2) ( G ) + log n )^2 · log ^2 (1/ε) ). If MKtP ∈ sf FORMULA [s] ∘ G , then s = widetilde Ω ( frac n^2 k^2 · 16^ k · R^ (k) _ 1/3 ( G ) ). If MCSP ∈ sf FORMULA [s] ∘ XOR , then s = widetilde Ω (n^2) , where widetilde Ω hides inverse polylog (n) factors.

[MASK]",circuit-complexity; communication-complexity; derandomization; meta-complexity
2002.08533#2:paper-subarea:2,paper-subarea,2002.08533#2,2002.08533,theorem,circuit-complexity; communication-complexity; derandomization; meta-complexity,"Let G be a class of n -bits functions. Then, In the context of parity functions, there is a PRG that ε -fools sf FORMULA [s] ∘ XOR of seed length ell = O ( sqrt s · log (s) · log (1/ε) + log (n) ). In the context of two-party randomized communication complexity, there is a PRG that ε -fools sf FORMULA [s] ∘ G of seed length ell = n/2+O ( sqrt s · (R^ (2) _ ε/(6s) ( G )+ log (s) ) · log (1/ε) ). More generally, for every k(n) ≥ 2 , let G be the class of functions that have k -party number-in-hand (NIH) (ε/6s) -error randomized communication protocols of cost at most R^ (k - NIH ) _ ε/(6s) . There exists a PRG that ε -fools sf FORMULA [s] ∘ G with seed length ell = n/k+O ( sqrt s · (R^ (k - NIH ) _ ε/(6s) + log (s) ) · log (1/ε) + log (k) ) · log (k). In the setting of k -party NOF randomized communication complexity, there is a PRG that ε -fools sf FORMULA [s] ∘ G of seed length ell = n-frac n O ( sqrt s · k · 4^k · ( R^ (k) _ ε/(2s) ( G )+ log (n) ) · log (n/ε) ) .

[MASK]",circuit-complexity; communication-complexity; derandomization; meta-complexity
2002.08533#3:bound-cloze:2,bound-cloze,2002.08533#3,2002.08533,corollary,circuit-complexity; communication-complexity; derandomization; meta-complexity,"For every n, m ∈ N and ε > 0 , there is a pseudorandom generator with seed length \[ O ([MASK] · m^ 1/4 · log (n) · log (n/ε) ). \] that ε -fools the class of intersections of m halfspaces over {0,1}^n .",n^ 1/2
2002.08533#3:paper-subarea:3,paper-subarea,2002.08533#3,2002.08533,corollary,circuit-complexity; communication-complexity; derandomization; meta-complexity,"For every n, m ∈ N and ε > 0 , there is a pseudorandom generator with seed length \[ O (n^ 1/2 · m^ 1/4 · log (n) · log (n/ε) ). \] that ε -fools the class of intersections of m halfspaces over {0,1}^n .

[MASK]",circuit-complexity; communication-complexity; derandomization; meta-complexity
2002.08533#4:bound-cloze:3,bound-cloze,2002.08533#4,2002.08533,corollary,circuit-complexity; communication-complexity; derandomization; meta-complexity,"For every n, s ∈ N and ε > 0 , there is a pseudorandom generator with seed length \[ O ([MASK] · s^ 1/4 · log (n) · log (1/ε) ). \] that ε -fools n -variate Boolean functions in sf FORMULA [s] ∘ sf SYM .",n^ 1/2
2002.08533#4:paper-subarea:4,paper-subarea,2002.08533#4,2002.08533,corollary,circuit-complexity; communication-complexity; derandomization; meta-complexity,"For every n, s ∈ N and ε > 0 , there is a pseudorandom generator with seed length \[ O (n^ 1/2 · s^ 1/4 · log (n) · log (1/ε) ). \] that ε -fools n -variate Boolean functions in sf FORMULA [s] ∘ sf SYM .

[MASK]",circuit-complexity; communication-complexity; derandomization; meta-complexity
2002.08533#5:bound-cloze:4,bound-cloze,2002.08533#5,2002.08533,theorem,circuit-complexity; communication-complexity; derandomization; meta-complexity,"The following results hold. There is a deterministic \# SAT algorithm for sf FORMULA [s] ∘ G that runs in time [MASK] , where t = Ω ( frac n sqrt s · log ^2(s) · D( G ) ). There is a randomized \# SAT algorithm for sf FORMULA [s] ∘ G that runs in time 2^ n - t , where t = Ω ( frac n sqrt s · log ^2(s) · R_ 1/3 ( G ) )^ 1/2 .",2^ n - t
2006.10957#2:bound-cloze:1,bound-cloze,2006.10957#2,2006.10957,theorem,query-complexity,"upshape sffamily BPP xspace ^*(sc Or ) ≤ [MASK] and thus for every partial function g , \[ upshape sffamily BPP xspace (sc Or ∘ g^n) ≤ O(n · upshape sffamily BPP xspace (g)).\]",O(n)
2006.10957#2:paper-subarea:1,paper-subarea,2006.10957#2,2006.10957,theorem,query-complexity,"upshape sffamily BPP xspace ^*(sc Or ) ≤ O(n) and thus for every partial function g , \[ upshape sffamily BPP xspace (sc Or ∘ g^n) ≤ O(n · upshape sffamily BPP xspace (g)).\]

[MASK]",query-complexity
2006.10957#3:paper-subarea:2,paper-subarea,2006.10957#3,2006.10957,theorem,query-complexity,"For some partial function g , namely g=sc GapMaj with m ≥ log n , \[ upshape sffamily PostBPP xspace (sc Xor ∘ g^n) ≥ Ω(n · upshape sffamily BPP xspace _ 1/n (g)) ≥ Ω(n log n · upshape sffamily BPP xspace (g)).\] In particular, upshape sffamily PostBPP xspace ^*(sc Xor ) ≥ Ω(n log n) .

[MASK]",query-complexity
2006.10957#4:paper-subarea:3,paper-subarea,2006.10957#4,2006.10957,theorem,query-complexity,"For some partial function g , namely g=sc GapOr with m ≥ log n , and some constant ε>0 , \[ upshape sffamily WAPP xspace _ε(sc Maj ∘ g^n) ≥ Ω(n · upshape sffamily BPP xspace _ 1/n (g)) ≥ Ω(n log n · upshape sffamily RP xspace (g)).\] In particular, upshape sffamily WAPP xspace _ε^dagger (sc Maj ) ≥ Ω(n log n) .

[MASK]",query-complexity
2011.01929#4:bound-cloze:1,bound-cloze,2011.01929#4,2011.01929,definition,total-search,"eol /: bf Input : Boolean circuits S,P : [[MASK]] → [2^n] with P(1) = 1 ≠ S(1) . bf Goal : Find v ∈ [2^n] such that P(S(v)) ≠ v or S(P(v)) ≠ v ≠ 1 .",2^n
2011.01929#4:problem-name:1,problem-name,2011.01929#4,2011.01929,definition,total-search,"eol /: bf Input : Boolean circuits S,P : [2^n] → [2^n] with P(1) = 1 ≠ S(1) . bf [MASK] : Find v ∈ [2^n] such that P(S(v)) ≠ v or S(P(v)) ≠ v ≠ 1 .",Goal
2011.01929#5:bound-cloze:2,bound-cloze,2011.01929#5,2011.01929,definition,total-search,"sc Localopt : bf Input : Boolean circuits S,V : [[MASK]] → [2^n] . bf Goal : Find v ∈ [2^n] such that V(S(v)) ≥ V(v) .",2^n
2011.01929#5:problem-name:2,problem-name,2011.01929#5,2011.01929,definition,total-search,"sc Localopt : bf Input : Boolean circuits S,V : [2^n] → [2^n] . bf [MASK] : Find v ∈ [2^n] such that V(S(v)) ≥ V(v) .",Goal
2011.01929#6:bound-cloze:3,bound-cloze,2011.01929#6,2011.01929,definition,total-search,"iter /: bf Input : Boolean circuit C : [[MASK]] → [2^n] with C(1) > 1 . bf Goal : Find v such that either C(v) < v , or C(v) > v and C(C(v)) = C(v) .",2^n
2011.01929#6:problem-name:3,problem-name,2011.01929#6,2011.01929,definition,total-search,"iter /: bf Input : Boolean circuit C : [2^n] → [2^n] with C(1) > 1 . bf [MASK] : Find v such that either C(v) < v , or C(v) > v and C(C(v)) = C(v) .",Goal
2011.01929#10:problem-name:4,problem-name,2011.01929#10,2011.01929,definition,total-search,"clo /: bf Input : precision/stopping parameter ε > 0 , well-behaved arithmetic circuits p: [0,1]^n → [0,1] and g: [0,1]^n → [0,1]^n , Lipschitz constant L > 0 . bf [MASK] : Compute an approximate local optimum of p with respect to g . Formally, find x ∈ [0,1]^n such that p(g(x)) ≥ p(x) - ε. Alternatively, we also accept one of the following violations as a solution: ( p is not L -Lipschitz) x,y ∈ [0,1]^n such that |p(x) - p(y)| > L |x-y| , ( g is not L -Lipschitz) x,y ∈ [0,1]^n such that |g(x) - g(y)| > L |x-y| .",Goal
2011.01929#18:bound-cloze:4,bound-cloze,2011.01929#18,2011.01929,lemma,total-search,"Let ε = 0.01 . We have that (x, y) is an ε -KKT point of f on the domain [0,N]^2 only if (x,y) lies in a ``solution region'', namely: (x,y) lies in a big square B(v,v) , such that v ∈ [[MASK]] \ {1} is a source or sink of the eol / instance S,P , or (x,y) lies in a medium square M(u,u) of some PLS-Labyrinth gadget, such that u ∈ [2^m] is a solution to the iter / instance C , i.e., C(u)>u and C(C(u))=C(u) .",2^n
2011.01929#46:paper-subarea:1,paper-subarea,2011.01929#46,2011.01929,theorem,total-search,"Given a well-behaved arithmetic circuit f: [0,1]^n → R ^d , a purported Lipschitz constant L > 0 , and a precision parameter ε > 0 , in polynomial time in up size (f) , log L and log (1/ε) , we can construct a linear arithmetic circuit F: [0,1]^n → R ^d such that for any x ∈ [0,1]^n it holds that: |f(x)-F(x)|_ ∞ ≤ ε , or given x , we can efficiently compute y ∈ [0,1]^n such that |f(x)-f(y)|_ ∞ > L |x-y|_ ∞ . Here ``efficiently'' means in polynomial time in up size (x) , up size (f) , log L and log (1/ε) .

[MASK]",total-search
2011.01929#48:paper-subarea:2,paper-subarea,2011.01929#48,2011.01929,theorem,total-search,"Let F be a polynomially-approximately-computable class of functions. Given f ∈ F where f: [0,1]^n → R ^d , L > 0 and ε > 0 , in polynomial time in up size (f) , log L and log (1/ε) , we can construct a linear arithmetic circuit F: [0,1]^n → R ^d such that for any x ∈ [0,1]^n it holds that: |f(x)-F(x)|_ ∞ ≤ ε , or given x , we can efficiently compute y ∈ [0,1]^n such that |f(x)-f(y)|_ ∞ > L |x-y|_ ∞ + ε/2. Here ``efficiently'' means in polynomial time in up size (x) , up size (f) , log L and log (1/ε) .

[MASK]",total-search
2011.04295#1:bound-cloze:1,bound-cloze,2011.04295#1,2011.04295,theorem,interactive-proofs,"Let C = C( X , P , D) ⊂ F ^ P be a foldable AG code defined over a Kummer curve X of equation X : y^N = f(x) such that deg f= N ell -1 for some integer ell >0 and N is a smooth integer, coprime with | F | . Assume F contains a primitive N -th root of unity. The block length n coloneqq | P | is a multiple of N and satisfies n < ell N^2 | F |^ 1/2 . Let f : P → F be a purported codeword. For every proximity parameter δ ∈ (0, 1) and soundness ε ∈ (0,1) , there exists a public-coin IOPP system ( P , V ) for C with perfect completeness and the following properties: lll rounds & r (n) &< log n, proof length & l (n) &= [MASK], query complexity & q (n) &= O( log n), prover complexity & t_p (n) &= O(n), verifier decision complexity & t_v (n) &= O( log n).",O(n)
2011.04295#1:paper-subarea:1,paper-subarea,2011.04295#1,2011.04295,theorem,interactive-proofs,"Let C = C( X , P , D) ⊂ F ^ P be a foldable AG code defined over a Kummer curve X of equation X : y^N = f(x) such that deg f= N ell -1 for some integer ell >0 and N is a smooth integer, coprime with | F | . Assume F contains a primitive N -th root of unity. The block length n coloneqq | P | is a multiple of N and satisfies n < ell N^2 | F |^ 1/2 . Let f : P → F be a purported codeword. For every proximity parameter δ ∈ (0, 1) and soundness ε ∈ (0,1) , there exists a public-coin IOPP system ( P , V ) for C with perfect completeness and the following properties: lll rounds & r (n) &< log n, proof length & l (n) &= O(n), query complexity & q (n) &= O( log n), prover complexity & t_p (n) &= O(n), verifier decision complexity & t_v (n) &= O( log n).

[MASK]",interactive-proofs
2011.04295#2:bound-cloze:2,bound-cloze,2011.04295#2,2011.04295,theorem,interactive-proofs,"Let C = C( X , P , D) ⊂ F ^ P be a foldable AG code over an alphabet F of size | F | = [MASK] for some constant k . We denote n = | P | . Let f : P → F be a purported codeword. For every proximity parameter δ ∈ (0, 1) and soundness ε ∈ (0,1) , there exists a public-coin IOPP system ( P , V ) for C with perfect completeness and the following properties: lll rounds & r (n) &< log n, proof length & l (n) &= O(n), query complexity & q (n) &= polylog (n), prover complexity & t_p (n) &= widetilde O (n), verifier decision complexity & t_v (n) &= polylog (n).",Ω( log ^k(n))
2011.04295#2:paper-subarea:2,paper-subarea,2011.04295#2,2011.04295,theorem,interactive-proofs,"Let C = C( X , P , D) ⊂ F ^ P be a foldable AG code over an alphabet F of size | F | = Ω( log ^k(n)) for some constant k . We denote n = | P | . Let f : P → F be a purported codeword. For every proximity parameter δ ∈ (0, 1) and soundness ε ∈ (0,1) , there exists a public-coin IOPP system ( P , V ) for C with perfect completeness and the following properties: lll rounds & r (n) &< log n, proof length & l (n) &= O(n), query complexity & q (n) &= polylog (n), prover complexity & t_p (n) &= widetilde O (n), verifier decision complexity & t_v (n) &= polylog (n).

[MASK]",interactive-proofs
2011.04295#10:bound-cloze:3,bound-cloze,2011.04295#10,2011.04295,lemma,interactive-proofs,Assume that Γ= le γ rangle is a cyclic group of order m which fixes the [MASK] primitive root ζ . Let P be a point of X whose stabilizer Γ_P is non-trivial. Then P ∈ Supp (μ) .,m^ th
2011.04295#15:bound-cloze:4,bound-cloze,2011.04295#15,2011.04295,proposition,interactive-proofs,"Let X _0 be a Kummer curve defined by with m equiv -1 mod N . Consider an evaluation set P _0 ⊆ X _0( F ) \ {P_1, ... , P_m,P^0_ ∞ } formed by Z /N Z -orbits. Take D_0 ∈ Div ( X _0) satisfying hypothesis of Lemma . If N>[MASK] for some e ∈ (0,1) , then the AG code C=C( X _0, P _0,D_0) is foldable.",n^e
2011.04295#32:paper-subarea:3,paper-subarea,2011.04295#32,2011.04295,corollary,interactive-proofs,"Fix i ∈ {0, ... ,r-1 } . For a function η : P _i → [0,1] , define θ : P _ i+1 → [0,1] by \[ ∀ P ∈ P _ i+1 , θ(P)coloneqq frac 1 p_i Σ _ widehat P ∈ S_P η(widehat P ).\] Let λ_i be the minimal relative distance of C_i . Fix ε ∈ (0,1) and \[δ < min (J_ ε ^ p_i (λ_i), frac 1 2 ( λ_i + frac ε 2 ) ).\] For any function f : P _i → F such that ω_η(f, C_i) < 1-δ , we have \[ Pr _ z ∈ F ^2 [ω_θ(sf bf Fold [f, z ], C_ i+1 ) > 1 - δ + ε ] ≤ frac 1 | F | (p_i + frac 4 ε - 1 ) (frac 4 ε )^ p_i . \]

[MASK]",interactive-proofs
2011.04295#34:paper-subarea:4,paper-subarea,2011.04295#34,2011.04295,theorem,interactive-proofs,"Let C_0 = C( X _0, P _0, D_0) be a foldable AG code of length n coloneqq | P _0 | . By definition, C_0 admits a solvable group G ∈ Aut ( X _0) such that | G | > n^e for a certain e ∈ (0,1) and induces a sequence of codes (C_i) . Set p_ max coloneqq max p_i , λ coloneqq min _i Δ(C_i) and \[γ coloneqq min (J_ ε ^ p_ max (λ), frac 1 2 (λ + frac ε 2 ) ).\] There is an IOPP system ( P , V ) for C_0 satisfying: bf Perfect completeness: If f^ (0) ∈ C_0 and f^ (1) , ... , f^ (r) are honestly generated by the prover, the verifier outputs accept with probability 1. bf Soundness: Assume f^ (0) is δ -far from C_0 and let ε ∈ (0,1) . With probability at least 1 - sf err _ commit over the randomness of the verifier during the sf COMMIT phase, where \[ sf err _ commit ≤ frac log n | F | (p_ max + frac 4 ε - 1 ) (frac 4 ε )^ p_ max \] and for any oracles f^ (1) , ... , f^ (r) adaptively chosen by a possibly dishonest prover P ^* , the probability that the verifier V outputs accept after a single sf query test is at most \[ sf err _ query (δ) ≤ (1 - min (δ, γ) + ε log n). \] Overall, for any prover P ^* , the soundness error sf err (δ) after t repetitions of the sf QUERY phase satisfies sf err (δ) & ≤ sf err _ commit + (sf err _ query (δ) )^t &< frac log n | F | (p_ max + frac 4 ε - 1 ) (frac 4 ε )^ p_ max + (1 - min (δ, γ) + ε log n)^t. Moreover, the IOPP system is public-coin, has round complexity r (n) < log n , proof length l (n) < n and query complexity q (n) < t p_ max log n + n^ 1 - e .

[MASK]",interactive-proofs
2012.01920#1:bound-cloze:1,bound-cloze,2012.01920#1,2012.01920,theorem,circuit-complexity; derandomization; quantum-complexity,"There is a universal constant λ ≥ 1 for which the following holds. Let C be a concept class. Let γ colon N → [0,1/2] and T: N → N satisfy γ(n) ≥ λ · [MASK] and T(n) ≤ γ(n)^2 · 2^n/λ n . Suppose that, for every k ≥ 1 , the class C [n^k] can be learned in quantum time T(n) with probability ≥ 1/100 and error ε ≤ 1/2 - γ(n) . Then, for every k ≥ 1 , we have BQE ⊄ C [n^k] .",2^ -n/2
2012.01920#1:paper-subarea:1,paper-subarea,2012.01920#1,2012.01920,theorem,circuit-complexity; derandomization; quantum-complexity,"There is a universal constant λ ≥ 1 for which the following holds. Let C be a concept class. Let γ colon N → [0,1/2] and T: N → N satisfy γ(n) ≥ λ · 2^ -n/2 and T(n) ≤ γ(n)^2 · 2^n/λ n . Suppose that, for every k ≥ 1 , the class C [n^k] can be learned in quantum time T(n) with probability ≥ 1/100 and error ε ≤ 1/2 - γ(n) . Then, for every k ≥ 1 , we have BQE ⊄ C [n^k] .

[MASK]",circuit-complexity; derandomization; quantum-complexity
2012.01920#2:bound-cloze:2,bound-cloze,2012.01920#2,2012.01920,open-question,circuit-complexity; derandomization; quantum-complexity,Is there a quantum learning algorithm for Boolean circuits of size [MASK] that runs in time o(2^n/n) and with constant probability achieves error ε ≤ 0.49 under the uniform distribution?,O(n)
2012.01920#5:bound-cloze:3,bound-cloze,2012.01920#5,2012.01920,lemma,circuit-complexity; derandomization; quantum-complexity,"Let X_1, ... ,X_k be i.i.d. \01 -valued random variables each taking value 1 with probability p . Let X = Σ _ i X_i and μ=p k . Then for any t ≥ 0 it follows that \[ Pr [|X - E [X]| ≥ t ] ≤ exp (-frac [MASK] 2(μ+t/3) ). \]",t^2
2012.01920#10:bound-cloze:4,bound-cloze,2012.01920#10,2012.01920,definition,circuit-complexity; derandomization; quantum-complexity,"Let n ∈ N and ν, c > 0 be constants. Then, quantum polynomial time refers to the class BQP := cup_ c > 0 BQTIME [n^c] . Similarly, BQE := cup_ c > 0 BQTIME [2^ c · n ] refers to the class of languages computable in quantum 2^ [MASK] -time. Quantum sub-exponential time is denoted as BQSUBEXP := cap_ 0 < ν < 1 BQTIME [ 2^ n^ν ] .",O(n)
2012.01920#18:paper-subarea:2,paper-subarea,2012.01920#18,2012.01920,theorem,circuit-complexity; derandomization; quantum-complexity,"There is a language L^star ⊆ {0,1}^* satisfying the following properties: L^star ∈ PSPACE . In particular, there is a positive constant d_star such that L on inputs of length n can be computed in time O(2^ n^ d_star ) . L^star is complete for PSPACE with respect to deterministic polynomial-time reductions. L^star is downward-self-reducible and random-self-reducible, with parameters a_star , b_star , and c_star in Definition .

[MASK]",circuit-complexity; derandomization; quantum-complexity
2012.01920#20:paper-subarea:3,paper-subarea,2012.01920#20,2012.01920,theorem,circuit-complexity; derandomization; quantum-complexity,"There is a universal constant λ ≥ 1 for which the following holds. Let γ colon N → [0,1/2] be a constructive function such that γ(n) ≥ λ · 2^ -n/2 , and let s(n) = γ(n)^2 · 2^ n /(λ · n) . If C [n^k] can be learned under the uniform distribution in quantum time at most s(n) by a (δ, ε) -learner with δ(n) ≤ 0.99 and ε(n) ≤ 1/2 - γ(n) , then there exists a promise quantum natural property against C [n^k] .

[MASK]",circuit-complexity; derandomization; quantum-complexity
2012.01920#21:paper-subarea:4,paper-subarea,2012.01920#21,2012.01920,theorem,circuit-complexity; derandomization; quantum-complexity,"Suppose that there is a language L ∈ PSPACE and γ > 0 such that L ∉ BQTIME [2^ n^γ ] . Then, for some choice of constants α ≥ 1 and λ ∈ (0,1/5) , there is an infinitely often (ell , m, s, ε) -generator G = {G_n}_ n ≥ 1 , where ell (n) ≤ n^α , m(n) = lfloor 2^ n^λ rfloor , s(m) = 2^ n^ 2λ ≥ poly (m) ( for any polynomial ) , and ε(m) = 1/m .

[MASK]",circuit-complexity; derandomization; quantum-complexity
2012.02210#1:bound-cloze:1,bound-cloze,2012.02210#1,2012.02210,theorem,circuit-complexity; query-complexity,"There exists a family of Boolean functions h_ n : { 0,1 }^ n → { 0,1 } for n ∈ N such that h_ n can be computed by uniform depth- 4 unbounded fan-in formulas of size [MASK] . The formula size of h_ n is at least n^ 3-o(1) .",O(n^ 3 )
2012.02210#1:paper-subarea:1,paper-subarea,2012.02210#1,2012.02210,theorem,circuit-complexity; query-complexity,"There exists a family of Boolean functions h_ n : { 0,1 }^ n → { 0,1 } for n ∈ N such that h_ n can be computed by uniform depth- 4 unbounded fan-in formulas of size O(n^ 3 ) . The formula size of h_ n is at least n^ 3-o(1) .

[MASK]",circuit-complexity; query-complexity
2012.02210#5:bound-cloze:2,bound-cloze,2012.02210#5,2012.02210,theorem,circuit-complexity; query-complexity,"For every s ∈ N and α>0 , the following holds: For every formula φ of size s , there exists an equivalent formula φ' of depth at most [MASK] and size at most s^ 1+α (where the constant inside the big-O notation does not depend on the choice of α ).",O(2^ (1)/(α) · log s)
2012.02210#5:paper-subarea:2,paper-subarea,2012.02210#5,2012.02210,theorem,circuit-complexity; query-complexity,"For every s ∈ N and α>0 , the following holds: For every formula φ of size s , there exists an equivalent formula φ' of depth at most O(2^ (1)/(α) · log s) and size at most s^ 1+α (where the constant inside the big-O notation does not depend on the choice of α ).

[MASK]",circuit-complexity; query-complexity
2012.02210#19:bound-cloze:3,bound-cloze,2012.02210#19,2012.02210,theorem,circuit-complexity; query-complexity,"Let φ be a formula of size s and depth d , and let π be a q -hiding projection. Then E [L(φ|_ π ) ]=O ([MASK] · q^ 2 · d^ 2 · s+m^ 2 · q · sqrt s ).",m^ 4
2012.02210#19:paper-subarea:3,paper-subarea,2012.02210#19,2012.02210,theorem,circuit-complexity; query-complexity,"Let φ be a formula of size s and depth d , and let π be a q -hiding projection. Then E [L(φ|_ π ) ]=O (m^ 4 · q^ 2 · d^ 2 · s+m^ 2 · q · sqrt s ).

[MASK]",circuit-complexity; query-complexity
2012.02210#20:bound-cloze:4,bound-cloze,2012.02210#20,2012.02210,corollary,circuit-complexity; query-complexity,"Let f : { 0,1 }^ n → { 0,1 } be a function with formula complexity s , and let π be a q -hiding projection. Then E [L(f|_ π ) ]=[MASK] · q^ 2 · s^ 1+O l(frac 1 sqrt log s r) +m^ 2 · q · s^ (1)/(2)+O l(frac 1 sqrt log s r) .",m^ 4
2012.02210#20:paper-subarea:4,paper-subarea,2012.02210#20,2012.02210,corollary,circuit-complexity; query-complexity,"Let f : { 0,1 }^ n → { 0,1 } be a function with formula complexity s , and let π be a q -hiding projection. Then E [L(f|_ π ) ]=m^ 4 · q^ 2 · s^ 1+O l(frac 1 sqrt log s r) +m^ 2 · q · s^ (1)/(2)+O l(frac 1 sqrt log s r) .

[MASK]",circuit-complexity; query-complexity
2012.14095#1:bound-cloze:1,bound-cloze,2012.14095#1,2012.14095,definition,circuit-complexity; derandomization; meta-complexity; proof-complexity,"Let m=[MASK] and s,d: N mapsto N . A sequence of circuits {C_ m }^ ∞ _ m=1 is a sf Circuit xspace [s(m)] -natural property useful against sf Circuit xspace [d(n)] if em Constructivity. C_ m has m inputs and size s(m) , em Largeness. Pr _x[C_ m (x)=1] ≥ 1/m^ O(1) , em Usefulness. For each sufficiently big m , C_ m (x)=1 implies that x is a truth-table of a function on n inputs which is not computable by circuits of size d(n) .",2^n
2012.14095#4:bound-cloze:2,bound-cloze,2012.14095#4,2012.14095,open-question,circuit-complexity; derandomization; meta-complexity; proof-complexity,"Is there a p-time function which given an Extended Frege proof of a formula vee_ y ∈ A C(y) ≠ f(y)vee C(x) ≠ ε , for ε=0 or ε=1 , with free variables representing s -size circuits C with n inputs, a fixed set A of n -bit inputs of a sufficiently big size |A|=[MASK] , a fixed n -bit string x ∉ A and values of f ∈ sf Circuit xspace [s] on A , outputs a circuit (1/2+1/n) -approximating f ?","poly(s,n)"
2012.14095#5:bound-cloze:3,bound-cloze,2012.14095#5,2012.14095,theorem,circuit-complexity; derandomization; meta-complexity; proof-complexity,"Let d ≥ 2; k,K ≥ 1 and H be a Boolean function with n inputs. Assume there are 2^ Kn -size circuits W_1^1, ... ,W_ log n ^b with b=2^ Kn such that for each distribution R on [MASK] -size circuits with n inputs there exists j ∈ [b] such that circuits W_1^j, ... ,W_ log n ^j witness errors of n^ 10dk -size circuits attempting to compute H in the following way. Given an oracle access to a random n^ 10dk -size circuit D(x) with n inputs, with probability at least 1-3/n^3 over R , the following interactive protocol succeeds: After querying values of circuit D , W_1^j outputs a not-yet-queried x_1 ∈ {0,1}^n s.t. D(x_1) ≠ H(x_1) or W_2^j receives a correction in the form of bits D(x_1), H(x_1) s.t. D(x_1)=H(x_1) . Having D(x_1), H(x_1) and the samples queried by W^j_1 , W_2^j makes further queries to D and generates the second not-yet-queried candidate x_2 ∈ {0,1}^n for the claim C(x_2) ≠ H(x_2) . If D(x_2)=H(x_2) , W_3^j receives a correction and the protocol continues in this way until some W_t^j , for t ≤ log n , with access to all previous corrections and samples finds the right x_t which has not been queried by W^j_1, ... ,W^j_t and witnesses D(x_t) ≠ H(x_t) . Then, circuits of size n^ dk with n^d inputs can be learned by circuits of size 2^ K'n over the uniform distribution with non-adaptive membership queries, confidence 1/2^ K'n^ 2 up to error 1/2-1/2^ K'n^ 2 , where K' is a constant depending only on K .",n^ 10dk
2012.14095#5:paper-subarea:1,paper-subarea,2012.14095#5,2012.14095,theorem,circuit-complexity; derandomization; meta-complexity; proof-complexity,"Let d ≥ 2; k,K ≥ 1 and H be a Boolean function with n inputs. Assume there are 2^ Kn -size circuits W_1^1, ... ,W_ log n ^b with b=2^ Kn such that for each distribution R on n^ 10dk -size circuits with n inputs there exists j ∈ [b] such that circuits W_1^j, ... ,W_ log n ^j witness errors of n^ 10dk -size circuits attempting to compute H in the following way. Given an oracle access to a random n^ 10dk -size circuit D(x) with n inputs, with probability at least 1-3/n^3 over R , the following interactive protocol succeeds: After querying values of circuit D , W_1^j outputs a not-yet-queried x_1 ∈ {0,1}^n s.t. D(x_1) ≠ H(x_1) or W_2^j receives a correction in the form of bits D(x_1), H(x_1) s.t. D(x_1)=H(x_1) . Having D(x_1), H(x_1) and the samples queried by W^j_1 , W_2^j makes further queries to D and generates the second not-yet-queried candidate x_2 ∈ {0,1}^n for the claim C(x_2) ≠ H(x_2) . If D(x_2)=H(x_2) , W_3^j receives a correction and the protocol continues in this way until some W_t^j , for t ≤ log n , with access to all previous corrections and samples finds the right x_t which has not been queried by W^j_1, ... ,W^j_t and witnesses D(x_t) ≠ H(x_t) . Then, circuits of size n^ dk with n^d inputs can be learned by circuits of size 2^ K'n over the uniform distribution with non-adaptive membership queries, confidence 1/2^ K'n^ 2 up to error 1/2-1/2^ K'n^ 2 , where K' is a constant depending only on K .

[MASK]",circuit-complexity; derandomization; meta-complexity; proof-complexity
2012.14095#6:bound-cloze:4,bound-cloze,2012.14095#6,2012.14095,claim,circuit-complexity; derandomization; meta-complexity; proof-complexity,"There is a trace Tr=X_1, ... , X_t, t ≤ log n such that for s ≥ 1/(6^ 2n(t-1) [MASK] n) of all a ∈ {0,1}^ m-n^ d for s' ≥ s of all u ∈ {0,1}^ n^d tr(C,r_ X_t (u,a)) starts with Tr and at least (2/3-6^t/n^3-2/n)s'2^ n^d u 's are good and satisfy tr(C,r_ X_t (u,a))=Tr .",2^ 2n
2012.14095#8:paper-subarea:2,paper-subarea,2012.14095#8,2012.14095,theorem,circuit-complexity; derandomization; meta-complexity; proof-complexity,"Let d ≥ 2, k ≥ 1 and H be an sf NP xspace machine. Assume there are poly(n) -size circuits W_1, ... ,W_ l for l=O(n) which witness errors of n^ 5dk -size circuits attempting to compute H in the following way: After poly(n) queries to an n^ 5dk -size circuit D , W_1 outputs x_1 ∈ {0,1}^n such that D(x_1) ≠ H(x_1) or W_2 receives a counterexaple to its claim in the form of D(x_1) and y_1 ∈ {0,1}^n s.t. D(x_1)=1 iff H(x_1) accepts x_1 with nondeterministic bits y_1 . Having D(x_1) and y_1 , W_2 generates the second candidate x_2 ∈ {0,1}^n for the claim that C(x_2) ≠ H(x_2) . If D(x_2)=H(x_2) , W_3 receives a counterexample and the protocol continues in this way until some W_t , for t ≤ l , with access to all previous counterexamples finds the right x_l witnessing D(x_l) ≠ H(x_l) . Then, sf Circuit xspace [n^ k ] can be learned by sf Circuit xspace [2^ O(n^ 1/d ) ] with confidence 1 and error 1/2-1/2^ O(n^ 2/d ) .

[MASK]",circuit-complexity; derandomization; meta-complexity; proof-complexity
2012.14095#10:paper-subarea:3,paper-subarea,2012.14095#10,2012.14095,corollary,circuit-complexity; derandomization; meta-complexity; proof-complexity,"Let d ≥ 2, k ≥ 1 and H be Boolean function on n inputs. Assume there are 2^ O(n) -size circuits W_1^1, ... ,W_ l ^b for l=O( log n), b=2^ O(n) witnessing errors of n^ 10kd -size circuits (NW_C(w))_x as in Theorem . Further, assume that each circuit from W_1^1, ... ,W_l^b can recognize before receiving corrections if its output is going to work.color red This is like having no interactions. Then, there are 2^ O(n) -size circuits which make poly(n) queries to the n^ dk -size circuit C with n^d inputs and predict the value of C with zero-error on a 1/2^ O(n^ 5 ) fraction of inputs with confidence 1/2^ O(n^ 5 ) .

[MASK]",circuit-complexity; derandomization; meta-complexity; proof-complexity
2012.14095#14:paper-subarea:4,paper-subarea,2012.14095#14,2012.14095,theorem,circuit-complexity; derandomization; meta-complexity; proof-complexity,"Assume sf GCSP xspace [n^c,n^ d ] ∈ sf P/poly xspace for constants d>c+1 . Then, sf Circuit xspace [n^c] is learnable by sf P/poly xspace over the uniform distribution with random examples, confidence 1/poly(n) , up to error 1/2-1/poly(n) .

[MASK]",circuit-complexity; derandomization; meta-complexity; proof-complexity
2101.08600#1:bound-cloze:1,bound-cloze,2101.08600#1,2101.08600,theorem,query-complexity,"For all Boolean functions {0, 1}^n → {0, 1} , we have [MASK](f) ≥ ( sqrt 10 - 2)bs(f) simeq 1.16bs(f)",d^2
2101.08600#1:paper-subarea:1,paper-subarea,2101.08600#1,2101.08600,theorem,query-complexity,"For all Boolean functions {0, 1}^n → {0, 1} , we have d^2(f) ≥ ( sqrt 10 - 2)bs(f) simeq 1.16bs(f)

[MASK]",query-complexity
2101.08600#5:bound-cloze:2,bound-cloze,2101.08600#5,2101.08600,theorem,query-complexity,"Let p : R → R be a polynomial of degree d . Suppose n ∈ N satisfies: ρ = dfrac [MASK](d^2 - 1) 6n^2 < 1 , and ∀ k = 0, 1, ... , n : x_k = -1 + dfrac 2k n , |p(x_k)| < 1 then ||p|| ≤ dfrac 1 1 - ρ .",d^2
2101.08600#5:paper-subarea:2,paper-subarea,2101.08600#5,2101.08600,theorem,query-complexity,"Let p : R → R be a polynomial of degree d . Suppose n ∈ N satisfies: ρ = dfrac d^2(d^2 - 1) 6n^2 < 1 , and ∀ k = 0, 1, ... , n : x_k = -1 + dfrac 2k n , |p(x_k)| < 1 then ||p|| ≤ dfrac 1 1 - ρ .

[MASK]",query-complexity
2101.08600#6:bound-cloze:3,bound-cloze,2101.08600#6,2101.08600,theorem,query-complexity,For any p ∈ P _d and k < d : ||p^ (k) || ≤ frac [MASK] · (d^2 - 1) · ... · (d^2 - k + 1) 1 · 3 · ... · (2k - 1) ||p||,d^2
2101.08600#6:paper-subarea:3,paper-subarea,2101.08600#6,2101.08600,theorem,query-complexity,"For any p ∈ P _d and k < d : ||p^ (k) || ≤ frac d^2 · (d^2 - 1) · ... · (d^2 - k + 1) 1 · 3 · ... · (2k - 1) ||p||

[MASK]",query-complexity
2101.08600#8:bound-cloze:4,bound-cloze,2101.08600#8,2101.08600,theorem,query-complexity,"For all Boolean functions {0, 1}^n → {0, 1} , we have [MASK](f) ≥ sqrt 6/5 bs(f) simeq 1.09bs(f)",d^2
2101.08600#8:paper-subarea:4,paper-subarea,2101.08600#8,2101.08600,theorem,query-complexity,"For all Boolean functions {0, 1}^n → {0, 1} , we have d^2(f) ≥ sqrt 6/5 bs(f) simeq 1.09bs(f)

[MASK]",query-complexity
2102.11854#1:paper-subarea:1,paper-subarea,2102.11854#1,2102.11854,theorem,descriptive-logic; hardness-of-approximation,"Assuming the Rich 2 -to- 1 Conjecture, every Ordered Boolean PCSP is either in P or is NP-Complete. In particular, an Ordered PCSP Γ is in P if for every ε >0 , there are polymorphisms of Γ with every coordinate having Shapley value at most ε , else it is NP-Complete. Equivalently, Γ is in P if it has threshold We call a Boolean function f:{0,1}^n → {0,1} a threshold function if there is an integer t such that for every x ∈ {0,1}^n , f( x )=1 if and only if |{i ∈ [n]: x_i = 1}| ≥ t . polymorphisms of arbitrarily large arity, else it is NP-Complete.

[MASK]",descriptive-logic; hardness-of-approximation
2102.11854#3:bound-cloze:1,bound-cloze,2102.11854#3,2102.11854,definition,descriptive-logic; hardness-of-approximation,"(PCSP) In a Promise Constraint Satisfaction Problem PCSP(Γ) over a pair of domains D_1, D_2 , we have a set of pairs of relations Γ = { (A_1,B_1), (A_2,B_2), ... , (A_l,B_l)} such that for every i ∈ [l] , A_i is a subset of D_1^ k_i and B_i is a subset of D_[MASK] . Furthermore, there is a homomorphism h:D_1 → D_2 such that for all i ∈ [l] and x ∈ D_1^ k_i , x ∈ A_i implies h(x) ∈ B_i . Given a CSP(A_1,A_2, ... ,A_l) instance, the objective is to distinguish between the two cases: There is an assignment to the variables from D_1 that satisfies every constraint when viewed as CSP(A_1,A_2, ... ,A_l) . There is no assignment to the variables from D_2 that satisfies every constraint when viewed as CSP(B_1,B_2, ... ,B_l) .",2^ k_i
2102.11854#14:paper-subarea:2,paper-subarea,2102.11854#14,2102.11854,theorem,descriptive-logic; hardness-of-approximation,"Let Γ be a Promise CSP template. Suppose that for every ε >0 , there exists a function f ∈ Pol (Γ), f:{0,1}^n → {0,1} such that Φ_i(f) ≤ ε for all i ∈ [n] . Then, PCSP (Γ) ∈ P .

[MASK]",descriptive-logic; hardness-of-approximation
2102.11854#22:paper-subarea:3,paper-subarea,2102.11854#22,2102.11854,theorem,descriptive-logic; hardness-of-approximation,"Assume the Rich 2 -to- 1 Conjecture. Let PCSP (Γ) be a Boolean Ordered PCSP such that there exists an absolute constant λ>0 with max _ i ∈ [n] Φ_f(i) ≥ λ for all functions f:{ 0,1 }^n → {0,1} , f ∈ Pol (Γ) . Then PCSP (Γ) is NP-Hard.

[MASK]",descriptive-logic; hardness-of-approximation
2102.11854#23:paper-subarea:4,paper-subarea,2102.11854#23,2102.11854,theorem,descriptive-logic; hardness-of-approximation,"Let n ≥ 2 be a positive integer. There exist two monotone Boolean functions f:{0,1}^ 2n → {0,1} and g:{0,1}^ n → {0,1} such that g is a 2 -to- 1 minor of f with respect to the 2 -to- 1 function π : [2n] → [n] defined as π(i)=lceil (i)/(2)rceil . Furthermore, Φ_g(1)=Ω(1) , and Φ_g(j)=o(1) for all j >1 . Φ_f(3)=Ω(1) , and Φ_f(i)=o(1) for all i ∈ [2n], i ≠ 3 .

[MASK]",descriptive-logic; hardness-of-approximation
2103.03238#1:paper-subarea:1,paper-subarea,2103.03238#1,2103.03238,theorem,total-search,"Computing a (pure, Bayes-Nash) equilibrium of a first-price auction with continuous subjective priors and discrete bids is up PPAD xspace -complete.

[MASK]",total-search
2103.03238#10:paper-subarea:2,paper-subarea,2103.03238#10,2103.03238,theorem,total-search,"Every first-price auction with continuous subjective priors and finite bidding space admits a monotone non-decreasing and non-overbidding pure Bayes-Nash equilibrium.

[MASK]",total-search
2103.03238#13:paper-subarea:3,paper-subarea,2103.03238#13,2103.03238,theorem,total-search,"The problem up sc ε -BNE-FPA xspace lies in up PPAD xspace .

[MASK]",total-search
2103.03238#14:paper-subarea:4,paper-subarea,2103.03238#14,2103.03238,theorem,total-search,"There exists a constant ε > 0 such that the problem up sc ε -BNE-FPA xspace is up PPAD xspace -complete.

[MASK]",total-search
2103.03238#33:bound-cloze:1,bound-cloze,2103.03238#33,2103.03238,theorem,total-search,"Consider a FPA where the bidding space corresponds to all dyadic rationals of order m , and bidding strategies are represented implicitly according to the black-box model. Then, any algorithm that computes ε -best-responses, for ε ≤ [MASK] , makes an exponential number of queries in the worst-case.",2^ -m
2105.08309#1:paper-subarea:1,paper-subarea,2105.08309#1,2105.08309,theorem,query-complexity,"(Informal) Assume that we have a classical query algorithm (decision tree) that computes a function f:D_f → [m] with D_f ⊆ [ell ]^n whose query complexity (depth) is T . Also, assume that we have a guessing algorithm that tries to predict the values of queried indices, making at most G mistakes. Furthermore, assume that three subroutines which we called Local, BlackPath, and PostProcess related to both the classical query and guessing algorithms can be implemented in time O( rm poly ( log n)) . We will explain more on these subroutines in Section . Then there exists a quantum query algorithm computing the function f with time complexity tilde O ( sqrt GT ).

[MASK]",query-complexity
2105.08309#2:bound-cloze:1,bound-cloze,2105.08309#2,2105.08309,proposition,query-complexity,"Suppose that we have query access to the adjacency matrix of a simple (possibly directed) graph G on n vertices. Then, the time complexity of the following problems is [MASK] and their query complexity is O(n^ 3/2 ) : sc [bipartiteness] Decide whether G is bipartite or not. sc [cycle detection] Decide whether G is a forest or has a cycle. sc [directed st-connectivity] Find a shortest path (the path that consists of the least number of edges) between two vertices s and t in a directed or undirected graph G . sc [smallest cycles containing a vertex] Find the length of the smallest directed cycle containing a given vertex v in a directed graph G . Also the following holds: sc [ k -cycle containing a vertex] There is a quantum algorithm for deciding whether G has a cycle of length k , for a fixed k , containing a given vertex v that is run in time O((2k)^ (k-1) n^ 3/2 log ^2 n) and makes O((2k)^ (k-1) n^ 3/2 ) queries.",O(n^ 3/2 log ^2 n)
2105.08309#3:bound-cloze:2,bound-cloze,2105.08309#3,2105.08309,proposition,query-complexity,"Suppose that we have query access to the adjacency matrix of a directed graph G on n vertices. Then the time complexity of the following problems is [MASK] and their query complexity is O(n^ 3/2 ) : sc [topological sort] Assuming that G is acyclic, find a vertex ordering of G such that for all directed edges (u,v) , u appears before v . sc [connected components] Find all connected components of G . sc [strongly connected components] Find strongly connected components of G . Recall that two vertices u, v belong to the same strongly connected component iff there exists a directed path from u to v and a directed path from v to u in G .",O(n^ 3/2 log ^2 n)
2105.08309#5:bound-cloze:3,bound-cloze,2105.08309#5,2105.08309,proposition,query-complexity,Assume that G is unweighted and bipartite. Then there is a quantum algorithm for finding a maximum bipartite matching in G that runs in time [MASK] and makes O(n^2) queries in the adjacency matrix model. For the adjacency list model the time complexity is O (n sqrt m+n log ^ 5/2 n ) .,O(n^2 log ^2 n)
2105.08309#6:bound-cloze:4,bound-cloze,2105.08309#6,2105.08309,proposition,query-complexity,"The time complexity of finding a maximal matching in an unweighted graph G is [MASK] in the adjacency matrix model, and O( sqrt (m+n)n log ^ 5/2 n) in the adjacency list model.",O(n^ 3/2 log ^2 n)
2105.08309#7:paper-subarea:2,paper-subarea,2105.08309#7,2105.08309,theorem,query-complexity,"Consider a non-binary span program for a function f:D_f → [m] with D_f ⊆ [ell ]^n . Suppose that the target vectors of this span program are of the form |t_α rangle = |z_0 rangle - |z_ α rangle , qquad 1 ≤ α ≤ m, for some vectors |z_1 rangle , ... , |z_m rangle ∈ V , and the negative witness |bar w _x rangle for every x satisfies lebar w _x |z_0rangle =1, quad and quad lebar w _x | z_αrangle =δ_ f(x),α , qquad 1 ≤ α ≤ m. Let ε>0 be a constant, and rm wsize ^+, rm wsize ^- be the positive and negative witness sizes of the span program. Let A' be a matrix with columns frac sqrt 2ε sqrt rm wsize ^+ |z_0 rangle , frac - sqrt 2ε sqrt rm wsize ^+ |z_1 rangle , ... , frac - sqrt 2ε sqrt rm wsize ^+ |z_m rangle , i.e., A' = & frac sqrt 2ε sqrt rm wsize ^+ |z_0 rangle & - |z_1 rangle & ... & - |z_m rangle = & frac sqrt 2ε sqrt rm wsize ^+ ( |z_0 rangle lee_ z_0 |- Σ _ α=1 ^m |z_α rangle lee_ z_α | ) , where e_ z_j 's are indices of the columns of A' . Also, let M=[A', A] be a column-padded matrix, with first the columns of A' and then the columns of A . Equivalently, define M: rm span { |e_ z_0 rangle , |e_ z_1 rangle , ... , |e_ z_m rangle } ⊕ H → V by M=A' ⊕ A . Let Λ be the orthogonal projection on the kernel of M , and let Π_x= Σ _ j ∈ {0, ... ,m} |j rangle lej |+ Π'_ x , where Π'_ x denotes projection on AH(x) . Then, there is a bounded error quantum algorithm computing f(x) based on repeated applications of the reflections 2Λ-I and 2Π_x-I for O(W) times, where W= sqrt rm wsize ^+ rm wsize ^- is the complexity of the span program.

[MASK]",query-complexity
2105.08309#8:paper-subarea:3,paper-subarea,2105.08309#8,2105.08309,theorem,query-complexity,"Assume that we have a classical algorithm for a function f:D_f → [m] with D_f ⊆ [ell ]^n whose query complexity is T . Furthermore, assume that we have a guessing algorithm that predicts the values of queried bits, making at most G mistakes. Then there exists a non-binary span program computing the function f with query complexity O( sqrt GT ) .

[MASK]",query-complexity
2105.08309#9:paper-subarea:4,paper-subarea,2105.08309#9,2105.08309,theorem,query-complexity,"Assume that we have a classical algorithm that computes a function f:D_f → [m] with D_f ⊆ [ell ]^n whose query complexity is T . Furthermore, assume that we have a guessing algorithm that predicts the values of queried bits that makes at most G mistakes, classical subroutines A_ rm Local , A_ rm BlackPath and A_ rm PostProcess described above that can be implemented in time C_ rm Local , C_ rm BlackPath and C_ rm PostProcess respectively. Then, having access to QRAM, there is a quantum algorithm computing the function f with query complexity O( sqrt log (ell )GT+ log ^2(ell )G^2 ) and time (circuit) complexity O ( (C_ rm Local +C_ rm BlackPath + log ^2 n ) sqrt log (ell ) GT+ log ^2(ell )G^2 + C_ rm PostProcess ). In particular, if log (ell )G=O(T) , that is usually the case in applications, the query complexity equals O( sqrt log (ell )GT ) and the. time complexity is O ( (C_ rm Local +C_ rm BlackPath + log ^2 n ) sqrt log (ell ) GT + C_ rm PostProcess ).

[MASK]",query-complexity
2108.04587#1:bound-cloze:1,bound-cloze,2108.04587#1,2108.04587,lemma,query-complexity,"We have DT _d ⊆ P _d^ (2 · 3^ d-1 ) ([MASK] -1) . That is, every depth- d decision tree is equivalent to some (2 · 3^ d-1 ) -sparse degree- d polynomial with at most 2^ d -1 relevant variables.",2^ d
2108.04587#2:bound-cloze:2,bound-cloze,2108.04587#2,2108.04587,lemma,query-complexity,"Let C ⊆ H be a sub-classes of k - JUNTA that are closed under zero projection. Let cal A be a learning algorithm that learns C with M(n, ε, δ) black box queries and Q(n,ε,δ) random example queries in time T(n,ε,δ) and outputs a hypothesis in H of size S(n,ε) . Then, there is an algorithm cal B that learns C with M'=M(k,ε/2,δ/2)+[MASK] black box queries and Q'=Q(k,ε/2,δ/2)+O (frac k ε log frac k δ ) random example queries in time T(k,ε/2,δ/2)+(M'+Q')n and outputs a hypothesis in H of size S(k,ε/2) .",O(k log n)
2108.04587#3:bound-cloze:3,bound-cloze,2108.04587#3,2108.04587,lemma,query-complexity,rm . Let c>1 be any constant. Let f ∈ k - JUNTA . bf Find-Close makes [MASK] random example queries and O(k log n) black box queries to f and with probability at least 1-δ outputs a set of variables X of size at least n-k such that bf Pr _ u ∈ cal D [f_ |Xgets 0 (u) ≠ f(u)] ≤ ε/c.,O((k log (k/δ))/ε)
2108.04587#4:bound-cloze:4,bound-cloze,2108.04587#4,2108.04587,lemma,query-complexity,"There is a t(n,d,r)=O (r Σ _ i=0 ^d nchoose i min (r,2^i) ) time algorithm that takes as an input, a sample S ⊆ {0,1}^n × {0,1} of size r and returns a depth- d size- s decision tree f that is consistent with S if one exists, and rm NONE otherwise. The algorithm can return the smallest size f ∈ DT _[MASK] or the smallest depth one.",d^s
2108.04587#7:paper-subarea:1,paper-subarea,2108.04587#7,2108.04587,theorem,query-complexity,"The class DT _d^s is distribution-free properly learnable from q=O((1/ε)(s log n+ log (1/δ))) random example queries in time qn^ O(d) .

[MASK]",query-complexity
2108.04587#8:paper-subarea:2,paper-subarea,2108.04587#8,2108.04587,theorem,query-complexity,"The class DT _d^s is distribution-free properly learnable using q=O((s/ε) log (s/δ))) random example queries and m=O(s log n) black box queries in time s^ O(d) (1/ε) log (1/δ)+O((q+m)n) .

[MASK]",query-complexity
2108.04587#9:paper-subarea:3,paper-subarea,2108.04587#9,2108.04587,theorem,query-complexity,"The class DT _d^s is exactly properly learnable from m=O(s(2^d log (s/δ)+ log n)) black box queries in time s^ O(d) log (1/δ)+O(mn) .

[MASK]",query-complexity
2108.04587#10:paper-subarea:4,paper-subarea,2108.04587#10,2108.04587,theorem,query-complexity,"The class DT _d^s is deterministically exactly properly learnable from m=2^ d+o(d) log n black box queries in time s^ O(d) +O(mn) .

[MASK]",query-complexity
2111.09079#1:bound-cloze:1,bound-cloze,2111.09079#1,2111.09079,theorem,quantum-complexity,"For any constants ε,δ ∈ (0,1] and any k=[MASK] , the problem GLH ^ est (k,ε,δ) can be solved classically with probability at least 1-1/exp (n) in O( poly (n)) time.",O( log n)
2111.09079#1:paper-subarea:1,paper-subarea,2111.09079#1,2111.09079,theorem,quantum-complexity,"For any constants ε,δ ∈ (0,1] and any k=O( log n) , the problem GLH ^ est (k,ε,δ) can be solved classically with probability at least 1-1/exp (n) in O( poly (n)) time.

[MASK]",quantum-complexity
2111.09079#2:paper-subarea:2,paper-subarea,2111.09079#2,2111.09079,theorem,quantum-complexity,"For any δ ∈ (0,1/ sqrt 2 -Ω(1/ poly (n))) , there exist parameters a,b ∈ [0,1] with b-a=Ω(1/ poly (n)) such that GLH ^ ast (6,a,b,δ) is BQP -hard.

[MASK]",quantum-complexity
2111.09079#3:paper-subarea:3,paper-subarea,2111.09079#3,2111.09079,theorem,quantum-complexity,"Let P ∈ R [x] be a constant-degree polynomial. For any constant ε>0 , there is a O( poly ( log N,s)) -time classical algorithm that, given query-access to an s -sparse matrix A ∈ C ^ N × N with |A| ≤ 1 , query-access to a vector u ∈ C ^N , and sampling-access to a vector v ∈ C ^N , outputs with high probability an estimate of the quantity v^dagger P( sqrt A^dagger A )u with additive precision ε .

[MASK]",quantum-complexity
2111.09079#4:paper-subarea:4,paper-subarea,2111.09079#4,2111.09079,theorem,quantum-complexity,"For any interval [t_1,t_2] ⊆ [0,1] , any constant θ>0 and any s -sparse matrix A ∈ C ^ N × N with |A| ≤ 1 given by query-access, consider the problem of deciding whether A has a singular value in interval [t_1,t_2] , or A has no singular value in interval (t_1-θ,t_2+θ) . In addition, we are given as input sampling-access to a vector u ∈ C ^N , which we are promised in case (i) satisfies |Π_A^ [t_1,t_2] u|=Ω(1) . Then, there is a O( poly ( log N,s)) -time classical algorithm that decides with high probability which of (i) and (ii) holds.

[MASK]",quantum-complexity
2111.09079#6:bound-cloze:2,bound-cloze,2111.09079#6,2111.09079,theorem,quantum-complexity,"Consider problem LH (k,a,b) with the following additional promise: the ground state of H has constant overlap with a complex vector that has a succinct representation allowing sampling-access. For any k=[MASK] , any a,b ∈ [-1,1] such that b-a=Ω(1) , this variant of LH (k,a,b) is in the complexity class MA .",O( log n)
2111.09079#9:bound-cloze:3,bound-cloze,2111.09079#9,2111.09079,lemma,quantum-complexity,"Let A be an algorithm that produces with probability at least 3/4 an ε -additive-approximation of a quantity μ . Then, for any δ>0 , it suffices to repeat A [MASK] times and take the median to obtain an ε -additive-approximation of μ with probability at least 1-δ .",O( log (1/δ))
2111.09079#13:bound-cloze:4,bound-cloze,2111.09079#13,2111.09079,fact,quantum-complexity,"Let H'=H_ up in +H_ up prop +H_ up out +H_ up stab . Then, if U accepts x with probability at least α , then λ_ H' ≤ frac 1-α m+1 =:α' , if U accepts x with probability at most β , then λ_ H' ≥ Ω (frac 1- sqrt β [MASK] )=:β' .",m^3
2201.00913#7:paper-subarea:1,paper-subarea,2201.00913#7,2201.00913,theorem,descriptive-logic; proof-complexity,"Suppose Γ is a finite set of relations on a set A . Then CSP( Γ ) can be solved in polynomial time if there exists a WNU operation Ω on A preserving Γ ; CSP( Γ ) is NP-complete otherwise.

[MASK]",descriptive-logic; proof-complexity
2201.00913#20:bound-cloze:1,bound-cloze,2201.00913#20,2201.00913,lemma,descriptive-logic; proof-complexity,"Suppose A' =(A,0,-,+) is a finite abelian group, the relation R ⊆ A^4 is defined by R = {(x,y,H,u):(x+y=z+u)} , R is preserved by an idempotent WNU m -ary operation Ω . Then [MASK]=tx_1+...+tx_m for some t ∈ N .","Ω(x_1,...x_m)"
2201.00913#23:paper-subarea:2,paper-subarea,2201.00913#23,2201.00913,theorem,descriptive-logic; proof-complexity,"Suppose Θ is a cycle-consistent irreducible CSP instance, and B is a nontrivial binary absorbing subuniverse of D_i . Then Θ has a solution if and only if Θ has a solution with x_i ∈ B .

[MASK]",descriptive-logic; proof-complexity
2201.00913#24:paper-subarea:3,paper-subarea,2201.00913#24,2201.00913,theorem,descriptive-logic; proof-complexity,"Suppose Θ is a cycle-consistent irreducible CSP instance, and B is a nontrivial center of D_i . Then Θ has a solution if and only if Θ has a solution with x_i ∈ B .

[MASK]",descriptive-logic; proof-complexity
2201.00913#25:paper-subarea:4,paper-subarea,2201.00913#25,2201.00913,theorem,descriptive-logic; proof-complexity,"Suppose Θ is a cycle-consistent irreducible CSP instance, there does not exist a nontrivial binary absorbing subuniverse or a nontrivial center on D_j for every j , (D_i,Ω)/σ_i is a polynomially complete algebra, and E is an equivalence class of σ_i . Then Θ has a solution if and only if Θ has a solution with x_i ∈ E .

[MASK]",descriptive-logic; proof-complexity
2201.00913#28:bound-cloze:2,bound-cloze,2201.00913#28,2201.00913,definition,descriptive-logic; proof-complexity,"An instance Θ = ( X , ddot A ) with V_ X =n , V_ ddot A <le n,l rangle is 1 -consistent if it satisfies the following Σ^ 1,b _0 -definable relation & 1C( X , ddot A ) ⟺ ∀ i<n, ∀ a ∈ D_i, ∀ j<n, &(E_ X (i,j) → ∃ b ∈ D_j, E^ ij _ A (a,b))wedge (E_ X (j,i) → ∃ b ∈ D_j, E^ ji _ A (b,a)). The instance Θ = ( X , ddot A ) is cycle-consistent if it is 1 -consistent and any undirected cycle C _t that can be homomorphically mapped into X with H(0)=x_k can be homomorphically mapped into ddot A for any a ∈ D_k . Cycle-consistency is expressed by the following Π^ 1,b _2 -formula & CC( X , ddot A ) ⟺ 1C( X , ddot A )wedge ∀ k<n, ∀ a ∈ D_k, ∀ t<n, ∀ V_ C _t =t, & ∀ E_ C _t ≤ 4[MASK], ∀ H<le t,n rangle , [ CYCLE(V_ C _t ,E_ C _t )wedge HOM( C _t, X ,H)wedge H(0,k) & → ∃ H'< le t,le t,lrangle rangle , ddot HOM ( C _t,ddot A ,H') wedge & wedge ∀ i<n,j<t (H(j)=i → ∃ b ∈ D_i, H'(j)=le i,brangle )wedge H'(0)=le k,arangle ].",t^2
2201.00913#31:bound-cloze:3,bound-cloze,2201.00913#31,2201.00913,definition,descriptive-logic; proof-complexity,"We say that an instance Θ = ( X , ddot A ) with V_ X =n , V_ ddot A <le n,l rangle is irreducible if any its subinstance is fragmented, or linked, or its solution set is subdirect. To express it we use the Π^ 1,b _2 -formula & IRD( X , ddot A ) ⟺ ∀ X' = (V_ X' , E_ X' ), ∀ V_ X' =n, ∀ E_ X' <4[MASK], & (SINST( X ', X ) → FRGM( X' , ddot A )vee LNKD( X' , ddot A )vee SSS( X' , ddot A ) ).",n^2
2203.14379#2:paper-subarea:1,paper-subarea,2203.14379#2,2203.14379,theorem,circuit-complexity; meta-complexity; query-complexity,"theorem theorefuteruniformsep Let C ∈ { P xspace , ZPP , BPP xspace } and let D ∈ { NP xspace , Σ_2 P xspace , dotsc ,Σ_k P xspace , dotsc , PP xspace , PSPACE xspace , EXP xspace , NEXP xspace , EXP xspace ^ NP xspace } . Then D ⊄ C implies that for every paddable D -complete language L , there is a C -constructive separation of L ∉ C .protect protect protect protect protect Throughout this paper when we say a language L is D -complete, we mean it is D -complete under polynomial-time many-one reductions. A language L is paddable if there is a deterministic polynomial-time algorithm that receives (x,1^n) as input, where string x has length at most n-1 , and then outputs a string y ∈ {0,1}^n such that L(x)=L(y) . \ Furthermore, ⊕ P xspace ⊄ C implies that for every paddable ⊕ P xspace -complete language L , there is a BPP xspace -constructive separation of L ∉ C .

[MASK]",circuit-complexity; meta-complexity; query-complexity
2203.14379#3:bound-cloze:1,bound-cloze,2203.14379#3,2203.14379,theorem,circuit-complexity; meta-complexity; query-complexity,"theorem theoPNP Let f(n) ≥ ω(1) . For every language L ∈ NP xspace , a P xspace ^ NP xspace -constructive separation of L from uniform randomized streaming algorithms with [MASK] time and O( log n)^ f(n) spaceprotect protect protect protect protect That is, for every such randomized streaming algorithm A , there is a P xspace ^ NP xspace refuter B such that B(1^n) prints an input x of length n such that A decides whether x ∈ L incorrectly, for infinitely many n . \ implies EXP xspace ^ NP xspace ≠ BPP xspace .",O(n · ( log n)^ f(n) )
2203.14379#3:paper-subarea:2,paper-subarea,2203.14379#3,2203.14379,theorem,circuit-complexity; meta-complexity; query-complexity,"theorem theoPNP Let f(n) ≥ ω(1) . For every language L ∈ NP xspace , a P xspace ^ NP xspace -constructive separation of L from uniform randomized streaming algorithms with O(n · ( log n)^ f(n) ) time and O( log n)^ f(n) spaceprotect protect protect protect protect That is, for every such randomized streaming algorithm A , there is a P xspace ^ NP xspace refuter B such that B(1^n) prints an input x of length n such that A decides whether x ∈ L incorrectly, for infinitely many n . \ implies EXP xspace ^ NP xspace ≠ BPP xspace .

[MASK]",circuit-complexity; meta-complexity; query-complexity
2203.14379#4:bound-cloze:2,bound-cloze,2203.14379#4,2203.14379,theorem,circuit-complexity; meta-complexity; query-complexity,"theorem theouniformAC Let f(n) ≥ ω(1) . A polylogtime-uniform- AC ^0 -constructive separation of DISJ from randomized streaming algorithms with [MASK] time and O( log n)^ f(n) spaceprotect protect protect protect protect That is, for every such randomized streaming algorithm A , there is a polylogtime-uniform AC ^0 circuit family {C_n} such that A fails to solve DISJ on 2n -bit inputs correctly on the output C_n(1^n) for infinitely many n . \ implies P xspace ≠ NP xspace .",O(n · ( log n)^ f(n) )
2203.14379#4:paper-subarea:3,paper-subarea,2203.14379#4,2203.14379,theorem,circuit-complexity; meta-complexity; query-complexity,"theorem theouniformAC Let f(n) ≥ ω(1) . A polylogtime-uniform- AC ^0 -constructive separation of DISJ from randomized streaming algorithms with O(n · ( log n)^ f(n) ) time and O( log n)^ f(n) spaceprotect protect protect protect protect That is, for every such randomized streaming algorithm A , there is a polylogtime-uniform AC ^0 circuit family {C_n} such that A fails to solve DISJ on 2n -bit inputs correctly on the output C_n(1^n) for infinitely many n . \ implies P xspace ≠ NP xspace .

[MASK]",circuit-complexity; meta-complexity; query-complexity
2203.14379#5:paper-subarea:4,paper-subarea,2203.14379#5,2203.14379,theorem,circuit-complexity; meta-complexity; query-complexity,"theorem theogeneral For every language L computable by a nondeterministic n^ 1+o(1) -time RAM, a P xspace ^ NP xspace -constructive separation of L from nondeterministic O(n^ 1.1 ) -time one-tape Turing machines implies E ^ NP xspace ⊄ SIZE [2^ δ n ] for some constant δ >0 .

[MASK]",circuit-complexity; meta-complexity; query-complexity
2203.14379#8:bound-cloze:3,bound-cloze,2203.14379#8,2203.14379,theorem,circuit-complexity; meta-complexity; query-complexity,"proposition propnorefuter For any t(n) ≥ [MASK] , there is no P xspace -refuter for R_ K^t against the constant zero function.",n^ ω(1)
2203.14379#9:bound-cloze:4,bound-cloze,2203.14379#9,2203.14379,theorem,circuit-complexity; meta-complexity; query-complexity,"theorem theononp The following hold: If NE ≠ E , then there is a language in NP xspace \ P xspace that does not have P xspace refuters against the constant one function.protect protect protect protect protect Here, E = TIME [2^ [MASK] ] , the class of languages decidable in (deterministic) 2^ O(n) time, and NE is the corresponding nondeterministic class. If NE ≠ RE xspace , then there is a language in NP xspace \ P xspace that does not have BPP xspace refuters against the constant one function.protect protect protect protect protect Here, RE xspace = sf RTIME [2^ O(n) ] , the class of languages decidable in randomized 2^ O(n) time with one-sided error.",O(n)
2203.14379#10:problem-name:1,problem-name,2203.14379#10,2203.14379,definition,circuit-complexity; meta-complexity; query-complexity,"Let scolon N → N satisfy s(n) ≥ n-1 for all n . Problem: [MASK] xspace [s(n)] . Input: A function fcolon {0,1}^n → {0,1} , presented as a truth table of N= 2^n bits. Decide: Does f have a (fan-in two) Boolean circuit C of size at most s(n) ?",MCSP
2206.05086#1:bound-cloze:1,bound-cloze,2206.05086#1,2206.05086,theorem,descriptive-logic; proof-complexity,"Let cal K be a class of graphs such that sc CPT distinguishes all graphs in cal K . Then the degree- 3 extended polynomial calculus over bbQ (denoted sc EPC _3 ) distinguishes all graphs in cal K with refutations of polynomial size. Moreover, the sc EPC _3 -refutation uses only extension axioms frac X_f - f for polynomials of the form f = X · Y or f = frac 1 n · ( Σ _ i=1 ^ [MASK] X_i ) . That is, only monomials and certain ``averaged sums'' are replaced with new variables.",n^2
2206.05086#1:paper-subarea:1,paper-subarea,2206.05086#1,2206.05086,theorem,descriptive-logic; proof-complexity,"Let cal K be a class of graphs such that sc CPT distinguishes all graphs in cal K . Then the degree- 3 extended polynomial calculus over bbQ (denoted sc EPC _3 ) distinguishes all graphs in cal K with refutations of polynomial size. Moreover, the sc EPC _3 -refutation uses only extension axioms frac X_f - f for polynomials of the form f = X · Y or f = frac 1 n · ( Σ _ i=1 ^ n^2 X_i ) . That is, only monomials and certain ``averaged sums'' are replaced with new variables.

[MASK]",descriptive-logic; proof-complexity
2206.05086#25:bound-cloze:2,bound-cloze,2206.05086#25,2206.05086,theorem,descriptive-logic; proof-complexity,"lemma restateAxiomDerivationLemma Let G,H be two connected binary τ -structures, which are potentially vertex-coloured in such a way that for every vertex-colour Q , there are as many vertices with colour Q in G as in H . Let op ∈ { tt addPair , tt contract } and let R ∈ σ , where σ is the vocabulary of the coarsest coherent configuration C:= C(G uplus H) . Assume that R(C) ⊆ V(G)^2 ∪ V(H)^2 . Let G' uplus H' be the result of executing op (R) on G uplus H . Then the polynomial axiom system P_ iso (G',H') is derivable from P_ iso (G,H) in sc EPC _3 , up to a renaming of variables. The number of extension variables used in the derivation is at most |V(G')|^2 , and the derivation has polynomial size and uses only coefficients with polynomial bit-complexity. Moreover, for every extension axiom frac X_f -f used in the derivation, f is of the form f = X · Y or f = frac 1 n · ( Σ _ i=1 ^ [MASK] X_i ) .",n^2
2206.05086#25:paper-subarea:2,paper-subarea,2206.05086#25,2206.05086,theorem,descriptive-logic; proof-complexity,"lemma restateAxiomDerivationLemma Let G,H be two connected binary τ -structures, which are potentially vertex-coloured in such a way that for every vertex-colour Q , there are as many vertices with colour Q in G as in H . Let op ∈ { tt addPair , tt contract } and let R ∈ σ , where σ is the vocabulary of the coarsest coherent configuration C:= C(G uplus H) . Assume that R(C) ⊆ V(G)^2 ∪ V(H)^2 . Let G' uplus H' be the result of executing op (R) on G uplus H . Then the polynomial axiom system P_ iso (G',H') is derivable from P_ iso (G,H) in sc EPC _3 , up to a renaming of variables. The number of extension variables used in the derivation is at most |V(G')|^2 , and the derivation has polynomial size and uses only coefficients with polynomial bit-complexity. Moreover, for every extension axiom frac X_f -f used in the derivation, f is of the form f = X · Y or f = frac 1 n · ( Σ _ i=1 ^ n^2 X_i ) .

[MASK]",descriptive-logic; proof-complexity
2206.05086#26:bound-cloze:3,bound-cloze,2206.05086#26,2206.05086,lemma,descriptive-logic; proof-complexity,"Let G, H be two connected binary τ -structures. Let p(n) be a polynomial and M be a normalised sc DWL -algorithm which produces on input G uplus H a structure G' uplus H' with D(G') ≠ D(H') , such that the length of the run and the size of the structure in the cloud is bounded by p(|G| + |H|) at any time. Then the system P_ iso (G,H) has an sc EPC _3 -refutation that uses at most p(|G| + |H|)^3 many extension variables, has polynomial size and polynomial bit-complexity. Moreover, for every extension axiom frac X_f -f used in the derivation, f is of the form f = X · Y or f = frac 1 n · ( Σ _ i=1 ^ [MASK] X_i ) .",n^2
2206.05243#1:bound-cloze:1,bound-cloze,2206.05243#1,2206.05243,definition,circuit-complexity; interactive-proofs; quantum-complexity; space-complexity,"A promise problem A=(A_ up yes ,A_ up no ) is in SQCMASPACE (p,q,r) for polynomially-bounded functions p,q,r , if there exist thresholds α(n),β(n) satisfying α(n)-β(n) ≥ [MASK] , and a polynomial-space uniform family of quantum circuits {Q_n } such that, for any input x ∈ Σ^n : If xinA _ up yes , there exists a streaming proof y ∈ {0,1 } ^ 2^ p(n) such that Q_n accepts (x,y) with probability at least α . If xinA _ up no , then for all streaming proofs y ∈ {0,1 } ^ 2^ p(n) , Q_n accepts (x, y ) with probability at most β .",2^ -r(n)
2206.05243#5:paper-subarea:1,paper-subarea,2206.05243#5,2206.05243,theorem,circuit-complexity; interactive-proofs; quantum-complexity; space-complexity,"theorem theoremqcmaspace SQCMASPACE with 2^ poly (n) proof bits, poly (n) ancilla qubits, completeness 1 , and soundness 1/2 , equals NEXP, i.e. SQCMASPACE ( poly , poly ,1)=NEXP .

[MASK]",circuit-complexity; interactive-proofs; quantum-complexity; space-complexity
2206.05243#6:bound-cloze:2,bound-cloze,2206.05243#6,2206.05243,theorem,circuit-complexity; interactive-proofs; quantum-complexity; space-complexity,"SQMASPACE with 2^ poly (n) proof bits, poly (n) ancilla qubits, completeness 2/3 , and soundness 1/3 , equals QMAEXP , i.e. SQMASPACE ( poly , poly ,1)=QMAEXP . With poly (n) proof bits, [MASK] , ancilla bits, it equals QMA , i.e. SQMASPACE ( log , log ,0) = QMA .",O( log (n))
2206.05243#6:paper-subarea:2,paper-subarea,2206.05243#6,2206.05243,theorem,circuit-complexity; interactive-proofs; quantum-complexity; space-complexity,"SQMASPACE with 2^ poly (n) proof bits, poly (n) ancilla qubits, completeness 2/3 , and soundness 1/3 , equals QMAEXP , i.e. SQMASPACE ( poly , poly ,1)=QMAEXP . With poly (n) proof bits, O( log (n)) , ancilla bits, it equals QMA , i.e. SQMASPACE ( log , log ,0) = QMA .

[MASK]",circuit-complexity; interactive-proofs; quantum-complexity; space-complexity
2206.05243#7:bound-cloze:3,bound-cloze,2206.05243#7,2206.05243,theorem,circuit-complexity; interactive-proofs; quantum-complexity; space-complexity,"lemma theoremPathInterpolation Set d:=[MASK] , and let f:[0,1] → S^ d-1 be a K -Lipschitz continuous path. For every ε > 0 , there exists a sequence of M ∈ O((frac n^2d^2 ε )^ 2n ) 2 -local unitaries U=U_M ... U_1 which `` ε -approximately simulates'' the path f as follows. Define ket ψ_t =U_t ... U_1ket ψ_0 for t ∈ {0, ... , M } and ket ψ_0 :=f(0) . Then, for all t , enorm ket ψ_t -f(t/M) ≤ ε.",2^n
2206.05243#7:paper-subarea:3,paper-subarea,2206.05243#7,2206.05243,theorem,circuit-complexity; interactive-proofs; quantum-complexity; space-complexity,"lemma theoremPathInterpolation Set d:=2^n , and let f:[0,1] → S^ d-1 be a K -Lipschitz continuous path. For every ε > 0 , there exists a sequence of M ∈ O((frac n^2d^2 ε )^ 2n ) 2 -local unitaries U=U_M ... U_1 which `` ε -approximately simulates'' the path f as follows. Define ket ψ_t =U_t ... U_1ket ψ_0 for t ∈ {0, ... , M } and ket ψ_0 :=f(0) . Then, for all t , enorm ket ψ_t -f(t/M) ≤ ε.

[MASK]",circuit-complexity; interactive-proofs; quantum-complexity; space-complexity
2206.05243#8:bound-cloze:4,bound-cloze,2206.05243#8,2206.05243,theorem,circuit-complexity; interactive-proofs; quantum-complexity; space-complexity,"theorem theoremtraversal Let H ∈ Herm (C^d ), d=[MASK] with 0preccurlyeq H preccurlyeq I , ket ψ ,ket φ ∈ C^d with bra ψ Hket ψ ≤ η and bra φ Hket φ ≤ η . For any Δ ≥ 2^ - poly (n) , there exists a sequence of 2 -local unitary gates U=U_m ... U_1 with m ≤ 2^ poly (n) such that enorm Uket ψ - ket φ ≤ Δ , and for all i ∈ [m] , bra ψ_i Hket ψ_i ≤ η+Δ , where ket ψ_i := U_ i ... U_1ket ψ .",2^n
2206.05243#8:paper-subarea:4,paper-subarea,2206.05243#8,2206.05243,theorem,circuit-complexity; interactive-proofs; quantum-complexity; space-complexity,"theorem theoremtraversal Let H ∈ Herm (C^d ), d=2^n with 0preccurlyeq H preccurlyeq I , ket ψ ,ket φ ∈ C^d with bra ψ Hket ψ ≤ η and bra φ Hket φ ≤ η . For any Δ ≥ 2^ - poly (n) , there exists a sequence of 2 -local unitary gates U=U_m ... U_1 with m ≤ 2^ poly (n) such that enorm Uket ψ - ket φ ≤ Δ , and for all i ∈ [m] , bra ψ_i Hket ψ_i ≤ η+Δ , where ket ψ_i := U_ i ... U_1ket ψ .

[MASK]",circuit-complexity; interactive-proofs; quantum-complexity; space-complexity
2206.05243#30:problem-name:1,problem-name,2206.05243#30,2206.05243,definition,circuit-complexity; interactive-proofs; quantum-complexity; space-complexity,"hfill Input: A k -local Hamiltonian H ∈ [MASK] (B^ ⊗ n ) , where B:=C^2 . η_1,η_2,η_3,η_4,Δ ∈ R and integer m ≥ 0 , such that η_2-η_1 ≥ Δ and η_4-η_3 ≥ Δ . Polynomial size quantum circuits U_φ,U_ψ generating enquote starting and enquote target states ket φ and ket ψ (on input ket 0^n ), respectively, satisfying bra ψ Hket ψ ≤ η_1 and bra φ Hket φ ≤ η_1 . Output: There exists a sequence of l -local unitaries U_1, ... ,U_m such that: (Intermediate states remain in low energy space) For all i ∈ [m] and intermediate states ket ψ_i := U_i ... U_1ket ψ , it holds that bra ψ_i Hket ψ_i ≤ η_1 , and (Final state is close to target state) enorm ket ψ_m -ket φ ≤ η_3 . For all l -local sequences of unitaries U_1, ... ,U_m , either: (Intermediate state obtains high energy) There exists i ∈ [m] and an intermediate state ket ψ_i such that bra ψ_i Hket ψ_i ≥ η_2 , or (Final state far from target state) enorm ket ψ_m -ket φ ≥ η_4 .",Herm
2207.01024#10:bound-cloze:1,bound-cloze,2207.01024#10,2207.01024,lemma,descriptive-logic; parameterized,Constructing S _ k can be done in time O (f(t + q (φ)) · [MASK] ) for some computable function f and a constant c .,n^ c
2207.01024#15:relation-cloze:1,relation-cloze,2207.01024#15,2207.01024,proposition,descriptive-logic; parameterized,"[ ] Unless E = NE , Recall that E = DTIME (2^ O (n) ) and NE = NTIME (2^ O (n) ) . The same hardness result with a stronger assumption EXP [MASK] NEXP was shown earlier by Courcelle, Makowsky, and Rotics . MSO _ 2 sc Model Checking on n -vertex uncolored complete graphs cannot be solved in time O (n^ f(|φ|) ) for any function f .",≠
2207.01024#16:bound-cloze:2,bound-cloze,2207.01024#16,2207.01024,theorem,descriptive-logic; parameterized,"Unless E = NE , MSO _ 2 - R on n -vertex uncolored graphs of neighborhood diversity 2 cannot be solved in time O ([MASK] ) for any function f .",n^ f(|φ|)
2207.01024#16:paper-subarea:1,paper-subarea,2207.01024#16,2207.01024,theorem,descriptive-logic; parameterized,"Unless E = NE , MSO _ 2 - R on n -vertex uncolored graphs of neighborhood diversity 2 cannot be solved in time O (n^ f(|φ|) ) for any function f .

[MASK]",descriptive-logic; parameterized
2207.01024#17:bound-cloze:3,bound-cloze,2207.01024#17,2207.01024,corollary,descriptive-logic; parameterized,"Unless E = NE , MSO _ 2 - R on n -vertex uncolored graphs of twin cover number 3 cannot be solved in time O ([MASK] ) for any function f .",n^ f(|φ|)
2207.01024#17:paper-subarea:2,paper-subarea,2207.01024#17,2207.01024,corollary,descriptive-logic; parameterized,"Unless E = NE , MSO _ 2 - R on n -vertex uncolored graphs of twin cover number 3 cannot be solved in time O (n^ f(|φ|) ) for any function f .

[MASK]",descriptive-logic; parameterized
2207.01024#24:paper-subarea:3,paper-subarea,2207.01024#24,2207.01024,theorem,descriptive-logic; parameterized,"For some fixed φ , MSO _ 1 - R is PSPACE-complete on uncolored forests of depth 3 .

[MASK]",descriptive-logic; parameterized
2207.07426#1:bound-cloze:1,bound-cloze,2207.07426#1,2207.07426,theorem,fine-grained,"theorem thmhard Unless the Exponential Time Hypothesis fails, there is no algorithm solving sc Global Label Min-Cut xspace in time (np)^ [MASK] .",o( log n/ ( log log n)^2)
2207.07426#1:paper-subarea:1,paper-subarea,2207.07426#1,2207.07426,theorem,fine-grained,"theorem thmhard Unless the Exponential Time Hypothesis fails, there is no algorithm solving sc Global Label Min-Cut xspace in time (np)^ o( log n/ ( log log n)^2) .

[MASK]",fine-grained
2207.07426#2:bound-cloze:2,bound-cloze,2207.07426#2,2207.07426,theorem,fine-grained,"theorem thmwhard The sc Global Label Min-Cut xspace problem, parameterized by a := p-k , the number of uncut colors, is W [1]-hard. Furthermore, unless the Exponential Time Hypothesis fails, there is no computable function f and an algorithm for the problem with running time bound f(a) · (np)^ [MASK] .",o(a/ log a)
2207.07426#2:paper-subarea:2,paper-subarea,2207.07426#2,2207.07426,theorem,fine-grained,"theorem thmwhard The sc Global Label Min-Cut xspace problem, parameterized by a := p-k , the number of uncut colors, is W [1]-hard. Furthermore, unless the Exponential Time Hypothesis fails, there is no computable function f and an algorithm for the problem with running time bound f(a) · (np)^ o(a/ log a) .

[MASK]",fine-grained
2207.07426#3:paper-subarea:3,paper-subarea,2207.07426#3,2207.07426,theorem,fine-grained,"There is a reduction that given a sc Partitioned Subgraph Isomorphism xspace instance (H, K) , where H is connected, and with mathopen mathclose bgroup originalleft | V(H) aftergroup egroup originalright | = h , mathopen mathclose bgroup originalleft | E(H) aftergroup egroup originalright | = a , and n being the number of vertices in each part of the partition of V(K) , constructs an equivalent sc Dual Global Label Min-Cut xspace instance (W, G_1, ... , G_p, a) with mathopen mathclose bgroup originalleft | W aftergroup egroup originalright | = O (h(4a)^a n) , and p = mathopen mathclose bgroup originalleft | E(K) aftergroup egroup originalright | in time mathopen mathclose bgroup originalleft | W aftergroup egroup originalright |^ O (1) .

[MASK]",fine-grained
2207.07426#11:bound-cloze:3,bound-cloze,2207.07426#11,2207.07426,theorem,fine-grained,"sc Partitioned Subgraph Isomorphism xspace where the host graph has n vertices and the pattern graph h edges parameterized by h is W[1] xspace -hard, and cannot be solved in time f(h)n^ [MASK] , for any computable function f , unless the ETH xspace fails.",o(h/ log h)
2207.07426#11:paper-subarea:4,paper-subarea,2207.07426#11,2207.07426,theorem,fine-grained,"sc Partitioned Subgraph Isomorphism xspace where the host graph has n vertices and the pattern graph h edges parameterized by h is W[1] xspace -hard, and cannot be solved in time f(h)n^ o(h/ log h) , for any computable function f , unless the ETH xspace fails.

[MASK]",fine-grained
2207.10250#1:bound-cloze:1,bound-cloze,2207.10250#1,2207.10250,theorem,quantum-complexity,"For any δ ∈ (0,1-Ω(1/ poly (n))) , constant k ≥ 2 and some integer 0 ≤ c ≤ O ([MASK]) , there exist a,b ∈ [-1,1] with b-a ∈ Ω(1/ poly (n)) such that k- GLHLE is up BQP -hard. Moreover, it is still up BQP -hard if the 2-local Hamiltonian is restricted to any of the following families of Hamiltonians: non-2SLD Hamiltonian on a 2D square lattice antiferromagnetic Heisenberg model antiferromagnetic XY model on a 2D triangular lattice.",poly(n)
2207.10250#1:paper-subarea:1,paper-subarea,2207.10250#1,2207.10250,theorem,quantum-complexity,"For any δ ∈ (0,1-Ω(1/ poly (n))) , constant k ≥ 2 and some integer 0 ≤ c ≤ O (poly(n)) , there exist a,b ∈ [-1,1] with b-a ∈ Ω(1/ poly (n)) such that k- GLHLE is up BQP -hard. Moreover, it is still up BQP -hard if the 2-local Hamiltonian is restricted to any of the following families of Hamiltonians: non-2SLD Hamiltonian on a 2D square lattice antiferromagnetic Heisenberg model antiferromagnetic XY model on a 2D triangular lattice.

[MASK]",quantum-complexity
2207.10250#2:bound-cloze:2,bound-cloze,2207.10250#2,2207.10250,definition,quantum-complexity,"We say that a normalized state ket u ∈ C ^ [MASK] is a semi-classical subset state if there is a subset S ⊆ {0,1}^n with |S|= poly (n) such that \[ ket u = frac 1 sqrt |S| Σ _ x ∈ S ket x . \]",2^n
2207.10250#6:bound-cloze:3,bound-cloze,2207.10250#6,2207.10250,definition,quantum-complexity,"[Guided Local Hamiltonian Low Energy] GLHLE (k,c,a,b,δ) A k -local Hamiltonian H on n qubits such that |H| ≤ 1 and the description of a semi-classical encoded state ket u ∈ C ^ [MASK] , a constant c ∈ N _ ≥ 0 . |Π_ c ket u |^2 ≥ δ , where Π_ c denotes the projection on the subspace spanned by the c th eigenstates, ordered in order of non-decreasing energy, of H , and either λ_c(H) ≤ a or λ_c(H) ≥ b holds. Decide whether λ_c(H) ≤ a or λ_c(H) ≥ b .",2^n
2207.10250#12:bound-cloze:4,bound-cloze,2207.10250#12,2207.10250,proposition,quantum-complexity,"For any δ ∈ (0,1-Ω(1/ poly (n))) , there exist a,b ∈ [0,1] with b-a ∈ Ω(1/ poly (n)) and 0 ≤ c ≤ O ([MASK]) such that the problem GLHLE (2,c,a,b,δ) with b-a ∈ Ω(1/ poly (n)) is up BQP -hard for Hamiltonians that are restricted to either {XX+YY+ZZ}^+ -Hamiltonian, or {XX+YY}^+ -Hamiltonian on a 2D triangular lattice.",poly(n)
2209.12877#13:paper-subarea:1,paper-subarea,2209.12877#13,2209.12877,theorem,query-complexity,"For every n ≥ 1 , rm Rank ( sc Tribes _ n,m ) = rm Rank ( sc Tribes ^d_ n,m ) = n for m ≥ 2 . rm Rank ( sc And _n ∘ sc Parity _m) = n(m-1) +1 for m ≥ 1 .

[MASK]",query-complexity
2209.12877#20:paper-subarea:2,paper-subarea,2209.12877#20,2209.12877,theorem,query-complexity,"For every Boolean function f: {0,1}^ n longrightarrow {0,1} , rm Depth (f) ≤ rm Rank (f)(1 + log (rm spar (f))). The inequality is tight as witnessed by sc Parity function.

[MASK]",query-complexity
2209.12877#23:paper-subarea:3,paper-subarea,2209.12877#23,2209.12877,theorem,query-complexity,"lemma lemMinCNotLB min {rm C _0(f),rm C _1(f)} is not a lower bound on rm Rank (f) ; for the symmetric function f= sc Maj _n vee sc Parity _n , when n>4 , rm Rank (f) < min {rm C _0(f),rm C _1(f)} .

[MASK]",query-complexity
2209.12877#31:paper-subarea:4,paper-subarea,2209.12877#31,2209.12877,theorem,query-complexity,"theorem thmComposeRankUb For non-constant boolean functions g_1, ... , g_n with rm Rank (g_i)=r_i , and for n -variate non-constant booolean function f , rm Rank (f ∘ (g_1,g_2,...,g_n)) ≤ rm Depth _w(f,[r_1,r_2,...,r_n] ).

[MASK]",query-complexity
2209.12877#40:bound-cloze:1,bound-cloze,2209.12877#40,2209.12877,theorem,query-complexity,"For every boolean functions f , \[ rm Rank (f) ≤ rm Depth _ bar wedge (f) ≤ log rm DTSize (f) ≤ rm Rank (f) log (frac e n rm Rank (f) ).\] Consequently, if rm Rank (f)=[MASK] , then so is rm Depth _ bar wedge (f) .",Θ(n)
2209.12877#41:bound-cloze:2,bound-cloze,2209.12877#41,2209.12877,lemma,query-complexity,"For every n,m ≥ 1 , every decision tree for sc Tribes ^d_ n,m has at least [MASK] 1 -leaves and n 0-leaves.",m^n
2210.12289#11:paper-subarea:1,paper-subarea,2210.12289#11,2210.12289,theorem,descriptive-logic; quantum-complexity; structural,"There is an increasing sequence {n_k}_ k ∈ ω such that for all k , there are no depth k parity circuits on n > n_k many inputs which are of size less than 2^ frac 1 10 ^ frac k k-1 n^ frac 1 k-1 .

[MASK]",descriptive-logic; quantum-complexity; structural
2210.12289#16:paper-subarea:2,paper-subarea,2210.12289#16,2210.12289,theorem,descriptive-logic; quantum-complexity; structural,"bm NP , bm EXP , bm co - bm NP , bm BQP , bm PH , bm L , bm NL , bm PSPACE are all Σ ^0_2 -complete.

[MASK]",descriptive-logic; quantum-complexity; structural
2210.12289#19:paper-subarea:3,paper-subarea,2210.12289#19,2210.12289,theorem,descriptive-logic; quantum-complexity; structural,"The set bm O' is Ramsey positive. That is, there exists a homogeneous H ⊆ ω such that for all infinite oracles K consisting of strings from H , bm NP ^K ≠ bm co - bm NP ^K .

[MASK]",descriptive-logic; quantum-complexity; structural
2210.12289#21:relation-cloze:1,relation-cloze,2210.12289#21,2210.12289,theorem,descriptive-logic; quantum-complexity; structural,"The set bm Q is Ramsey positive. That is, there exists a homogeneous set H ∈ [ω]^ω such that for any C ∈ [H]^ω we have bm NP ^C [MASK] bm BQP ^C .",⊄
2210.12289#21:paper-subarea:4,paper-subarea,2210.12289#21,2210.12289,theorem,descriptive-logic; quantum-complexity; structural,"The set bm Q is Ramsey positive. That is, there exists a homogeneous set H ∈ [ω]^ω such that for any C ∈ [H]^ω we have bm NP ^C ⊄ bm BQP ^C .

[MASK]",descriptive-logic; quantum-complexity; structural
2211.01062#65:bound-cloze:1,bound-cloze,2211.01062#65,2211.01062,proposition,algebraic-complexity; circuit-complexity; derandomization,"Let \(k+1,m,t ∈ N \) with t ≥ k+1 , ν ∈ Λ ^ t ( U ) , and N ⊆ [n] with |N|=k+m+1 . Let L_ N,j for j ∈ N denote the Lagrange interpolants for the subset of abscissas {a_i}_ i ∈ N , i. e., L_ N,j denotes the unique univariate polynomial of degree at most |N|-1 satisfying L_ N,j (a_i)=1 for i=j and L_ N,j (a_i) = 0 for i ∈ N \ {j} . For all weight functions w_1, ... , w_ k+1 of degree at most k+m , mathop span _ substack M ⊆ N |M|=m partial _ μ_M(α)α^kraisebox -0.1pt hskip 1pt tiny wedge hskip 1pt raisebox -1pt ... raisebox -0.1pt hskip 1pt tiny wedge hskip 1pt μ_M(α)α^0 (ν) = mathop span _ substack w_1, ... , w_ k+1 ∈ @ifstar F [α] deg (w_1), ... deg (w_ k+1 ) ≤ k+m partial _ w^ [k+1] (ν) = mathop span _ substack B ⊆ N |B|=k+1 partial _ L_[MASK] (ν).",N^B
2211.12441#5:paper-subarea:1,paper-subarea,2211.12441#5,2211.12441,theorem,query-complexity,"Let T be a tree with n leaves, and v a node with lvert L (T_v)rvert = ell . The query complexity of inversion minimization on T is at least log _2(Γ( frac ell (n-ell ) n +1 )) . In particular, the complexity is at least log _2(Γ(frac k (k+1)^2 · n+1)) where k denotes the degree of T .

[MASK]",query-complexity
2211.12441#6:bound-cloze:1,bound-cloze,2211.12441#6,2211.12441,theorem,query-complexity,"For binary trees T with n leaves, the query complexity of inversion minimization on T is at least log _2(n!) - [MASK] .",O( log n)
2211.12441#6:paper-subarea:2,paper-subarea,2211.12441#6,2211.12441,theorem,query-complexity,"For binary trees T with n leaves, the query complexity of inversion minimization on T is at least log _2(n!) - O( log n) .

[MASK]",query-complexity
2211.12441#8:bound-cloze:2,bound-cloze,2211.12441#8,2211.12441,theorem,query-complexity,"Let T be a tree without nodes of degree 1 such that the leaf child sets have size at most k , at most one of them is odd, and if there exists an odd one, say LC (v^*) , then all ancestors of v^* have empty leaf child sets. The query complexity of inversion minimization on T is at least log _2(n!) - [MASK] . In particular, the lower bound applies to: perfect trees of even degree k , and full binary ( k=2 ) trees with at most one leaf without a sibling leaf.",O(k log k)
2211.12441#8:paper-subarea:3,paper-subarea,2211.12441#8,2211.12441,theorem,query-complexity,"Let T be a tree without nodes of degree 1 such that the leaf child sets have size at most k , at most one of them is odd, and if there exists an odd one, say LC (v^*) , then all ancestors of v^* have empty leaf child sets. The query complexity of inversion minimization on T is at least log _2(n!) - O(k log k) . In particular, the lower bound applies to: perfect trees of even degree k , and full binary ( k=2 ) trees with at most one leaf without a sibling leaf.

[MASK]",query-complexity
2211.12441#9:bound-cloze:3,bound-cloze,2211.12441#9,2211.12441,theorem,query-complexity,"Counting cross inversions from a set A of size a to a set B of size b ≥ a with respect to a ranking ρ of X doteq A sqcup B requires [MASK] queries in the comparison-query model, as does inversion minimization on the tree of Figure .",Ω((a+b) log (a))
2211.12441#9:paper-subarea:4,paper-subarea,2211.12441#9,2211.12441,theorem,query-complexity,"Counting cross inversions from a set A of size a to a set B of size b ≥ a with respect to a ranking ρ of X doteq A sqcup B requires Ω((a+b) log (a)) queries in the comparison-query model, as does inversion minimization on the tree of Figure .

[MASK]",query-complexity
2212.09285#1:bound-cloze:1,bound-cloze,2212.09285#1,2212.09285,theorem,circuit-complexity; meta-complexity,"Let cal M be any legitimate model of constant-depth circuits and f any Boolean function with n inputs. Suppose that ρ_ [MASK] (f, cal M ) ≥ s . Then f is not computable by depth d circuits of size s-poly(kdn(2^ m/d +1)) using k arbitrarily powerful oracles of arity m . The constants in the poly( · ) -notation are absolute. We work with a `symmetric' definition of ρ_d , cf. Definitions and , but Theorem holds for `asymmetric' ρ_d as well, if we adjust the parameters appropriately.",O(d^2)
2212.09285#1:paper-subarea:1,paper-subarea,2212.09285#1,2212.09285,theorem,circuit-complexity; meta-complexity,"Let cal M be any legitimate model of constant-depth circuits and f any Boolean function with n inputs. Suppose that ρ_ O(d^2) (f, cal M ) ≥ s . Then f is not computable by depth d circuits of size s-poly(kdn(2^ m/d +1)) using k arbitrarily powerful oracles of arity m . The constants in the poly( · ) -notation are absolute. We work with a `symmetric' definition of ρ_d , cf. Definitions and , but Theorem holds for `asymmetric' ρ_d as well, if we adjust the parameters appropriately.

[MASK]",circuit-complexity; meta-complexity
2212.09285#7:bound-cloze:2,bound-cloze,2212.09285#7,2212.09285,theorem,circuit-complexity; meta-complexity,"For each legitimate model cal M of Boolean circuits over { ¬ ,vee _2,wedge _2} such that overline ¬ := ¬ , and for each f ∈ cal F _n , ρ(f, cal M ) ≤ [MASK], where n_0 is the number of essential inputs of f , i.e. inputs of f such that switching the value of the input affects the output of f on some assignment of the remaining inputs. Moreover, for every random variable bm x on {0,1}^n , ρ(f, cal M , bm x ) ≤ 12(n_0+1).",O(n_0n)
2212.09285#7:paper-subarea:2,paper-subarea,2212.09285#7,2212.09285,theorem,circuit-complexity; meta-complexity,"For each legitimate model cal M of Boolean circuits over { ¬ ,vee _2,wedge _2} such that overline ¬ := ¬ , and for each f ∈ cal F _n , ρ(f, cal M ) ≤ O(n_0n), where n_0 is the number of essential inputs of f , i.e. inputs of f such that switching the value of the input affects the output of f on some assignment of the remaining inputs. Moreover, for every random variable bm x on {0,1}^n , ρ(f, cal M , bm x ) ≤ 12(n_0+1).

[MASK]",circuit-complexity; meta-complexity
2212.09285#11:bound-cloze:3,bound-cloze,2212.09285#11,2212.09285,corollary,circuit-complexity; meta-complexity,"Let cal M be any 0-projective legitimate model of Boolean circuits over { ¬ , wedge _2,vee _2} such that overline ¬ := ¬ . Then, for each f ∈ cal F _n with n_0 essential variables, ρ(f, cal M ) ≤ [MASK].",O(n_0^2)
2212.09285#11:paper-subarea:3,paper-subarea,2212.09285#11,2212.09285,corollary,circuit-complexity; meta-complexity,"Let cal M be any 0-projective legitimate model of Boolean circuits over { ¬ , wedge _2,vee _2} such that overline ¬ := ¬ . Then, for each f ∈ cal F _n with n_0 essential variables, ρ(f, cal M ) ≤ O(n_0^2).

[MASK]",circuit-complexity; meta-complexity
2212.09285#12:bound-cloze:4,bound-cloze,2212.09285#12,2212.09285,theorem,circuit-complexity; meta-complexity,"Let cal M be any legitimate model cal M of Boolean circuits over { ¬ , wedge _2,vee _2} such that overline ¬ := ¬ , and f ∈ cal F _n . em [Localizability with few oracles] Suppose that ρ(f, cal M ) ≥ s . Then, f is not computable by circuits of size s-O(knm) using connectives ¬ ,wedge _2,vee _2 and k arbitrarily powerful, possibly different and noncommutative , oracles of arity m . It is possible to prove Item 1 with Razborov's asymmetric definition of ρ(f, cal M ) , if we adjust the resulting lower bound for the oracle circuits to s-[MASK] and conclude that it holds only for circuits with monotone oracles and negations at the bottom. The term max{m, log n} comes from not using DNFs in the proof, which is done in order to keep negations at the bottom. Further, it is possible to avoid the requirement on the monotonicity of oracles and negations at the bottom by using slice functions (and adjusting the parameters appropriately). em [Localizability of 0-projective models] Suppose that ρ(f, cal M ) ≥ s and that cal M is 0-projective. Then, f is not computable by circuits of size s-O(km^2) using connectives ¬ ,wedge _2,vee _2 and k arbitrarily powerful, possibly different and noncommutative, oracles of arity m whose inputs are among {x_1, ¬ x_1, ... , x_n, ¬ x_n} . em [Localizability of projective models] Suppose that ρ(f, cal M ) ≥ s and that cal M is projective. Here, cal M is projective if for each Boolean circuit C over { ¬ ,wedge _2,vee _2} with m inputs x_1, ... ,x_m , for all f_1, ... ,f_m ∈ cal M and each z,y ∈ {0,1}^n , wedge_ i=1, ... ,m f_i(z)=f_i(y)quad ⇒ quad overline C (f_1(z), ... ,f_m(z))=overline C (f_1(y), ... ,f_m(y)). Then, f is not computable by circuits of size s-O(km^2) using connectives ¬ ,wedge _2,vee _2 and k arbitrarily powerful, possibly different and noncommutative, oracles of arity m .","O(kn · max{m, log n})"
2212.09285#12:paper-subarea:4,paper-subarea,2212.09285#12,2212.09285,theorem,circuit-complexity; meta-complexity,"Let cal M be any legitimate model cal M of Boolean circuits over { ¬ , wedge _2,vee _2} such that overline ¬ := ¬ , and f ∈ cal F _n . em [Localizability with few oracles] Suppose that ρ(f, cal M ) ≥ s . Then, f is not computable by circuits of size s-O(knm) using connectives ¬ ,wedge _2,vee _2 and k arbitrarily powerful, possibly different and noncommutative , oracles of arity m . It is possible to prove Item 1 with Razborov's asymmetric definition of ρ(f, cal M ) , if we adjust the resulting lower bound for the oracle circuits to s-O(kn · max{m, log n}) and conclude that it holds only for circuits with monotone oracles and negations at the bottom. The term max{m, log n} comes from not using DNFs in the proof, which is done in order to keep negations at the bottom. Further, it is possible to avoid the requirement on the monotonicity of oracles and negations at the bottom by using slice functions (and adjusting the parameters appropriately). em [Localizability of 0-projective models] Suppose that ρ(f, cal M ) ≥ s and that cal M is 0-projective. Then, f is not computable by circuits of size s-O(km^2) using connectives ¬ ,wedge _2,vee _2 and k arbitrarily powerful, possibly different and noncommutative, oracles of arity m whose inputs are among {x_1, ¬ x_1, ... , x_n, ¬ x_n} . em [Localizability of projective models] Suppose that ρ(f, cal M ) ≥ s and that cal M is projective. Here, cal M is projective if for each Boolean circuit C over { ¬ ,wedge _2,vee _2} with m inputs x_1, ... ,x_m , for all f_1, ... ,f_m ∈ cal M and each z,y ∈ {0,1}^n , wedge_ i=1, ... ,m f_i(z)=f_i(y)quad ⇒ quad overline C (f_1(z), ... ,f_m(z))=overline C (f_1(y), ... ,f_m(y)). Then, f is not computable by circuits of size s-O(km^2) using connectives ¬ ,wedge _2,vee _2 and k arbitrarily powerful, possibly different and noncommutative, oracles of arity m .

[MASK]",circuit-complexity; meta-complexity
2302.00541#9:paper-subarea:1,paper-subarea,2302.00541#9,2302.00541,theorem,descriptive-logic; parameterized,"For any protect FO xspace -formula φ the problem WT _φ is in DLOGTIME-uniform TC ^0 .

[MASK]",descriptive-logic; parameterized
2302.00541#10:paper-subarea:2,paper-subarea,2302.00541#10,2302.00541,theorem,descriptive-logic; parameterized,"Let φ be an protect FO ( ⊆ ) xspace -sentence, then p- WT _ φ is in protect normalfontbf FPT .

[MASK]",descriptive-logic; parameterized
2302.00541#11:paper-subarea:3,paper-subarea,2302.00541#11,2302.00541,theorem,descriptive-logic; parameterized,"There is a quantifier-free protect FO xspace ( ⊆ ) -formula φ such that the problem p- WT _φ is protect normalfontbf W ifx 1empty else [1]fi -hard and in protect normalfontbf W ifx 2empty else [2]fi .

[MASK]",descriptive-logic; parameterized
2302.00541#12:paper-subarea:4,paper-subarea,2302.00541#12,2302.00541,corollary,descriptive-logic; parameterized,"For any quantifier-free protect FO xspace ( ⊆ ) -formula φ without ∨ , the problem p- WT _φ is protect normalfontbf W ifx 1empty else [1]fi -hard and in protect normalfontbf W ifx 2empty else [2]fi .

[MASK]",descriptive-logic; parameterized
2302.10332#6:paper-subarea:1,paper-subarea,2302.10332#6,2302.10332,theorem,circuit-complexity; interactive-proofs; meta-complexity; quantum-complexity,"theorem fppolythmrestate If FBPP ⊂ FP/poly , then PSPACE ⊂ NP/poly (and hence PH collapses).

[MASK]",circuit-complexity; interactive-proofs; meta-complexity; quantum-complexity
2302.10332#7:relation-cloze:1,relation-cloze,2302.10332#7,2302.10332,theorem,circuit-complexity; interactive-proofs; meta-complexity; quantum-complexity,"theorem fbppupperboundrestate FBPP [MASK] FP^ PromiseBPEXP . Hence, if PromiseBPEXP ⊂ PromiseP/poly , then FBPP ⊂ FP/poly .",⊆
2302.10332#7:paper-subarea:2,paper-subarea,2302.10332#7,2302.10332,theorem,circuit-complexity; interactive-proofs; meta-complexity; quantum-complexity,"theorem fbppupperboundrestate FBPP ⊆ FP^ PromiseBPEXP . Hence, if PromiseBPEXP ⊂ PromiseP/poly , then FBPP ⊂ FP/poly .

[MASK]",circuit-complexity; interactive-proofs; meta-complexity; quantum-complexity
2302.10332#10:paper-subarea:3,paper-subarea,2302.10332#10,2302.10332,theorem,circuit-complexity; interactive-proofs; meta-complexity; quantum-complexity,"theorem rpolypolyequalrestate FBPP/rpoly = FBPP/poly = FP/rpoly and FBQP/rpoly = FBQP/poly .

[MASK]",circuit-complexity; interactive-proofs; meta-complexity; quantum-complexity
2302.10332#11:paper-subarea:4,paper-subarea,2302.10332#11,2302.10332,theorem,circuit-complexity; interactive-proofs; meta-complexity; quantum-complexity,"Q^1( HM )=O( log N) , whereas R^1( HM )=Ω( sqrt N) .

[MASK]",circuit-complexity; interactive-proofs; meta-complexity; quantum-complexity
2302.10332#12:bound-cloze:1,bound-cloze,2302.10332#12,2302.10332,theorem,circuit-complexity; interactive-proofs; meta-complexity; quantum-complexity,"Let M be any set of perfect matchings on [N] that is pairwise edge-disjoint and satisfies | M | = [MASK] . \ Let μ be the distribution over inputs to HM in which Alice's input is uniform in {0,1}^N and Bob's input is uniform in M . \ Then, any deterministic one-way protocol for HM that errs with probability at most 1/8 with respect to μ requires Ω( sqrt N ) bits of communication.",Ω(N)
2302.10332#13:bound-cloze:2,bound-cloze,2302.10332#13,2302.10332,theorem,circuit-complexity; interactive-proofs; meta-complexity; quantum-complexity,"For all Boolean functions f:{0,1}^n × {0,1}^m → {0,1} (partial or total), D^1(f) = [MASK].",O(m Q^1(f) log Q^1(f))
2302.14066#1:bound-cloze:1,bound-cloze,2302.14066#1,2302.14066,theorem,query-complexity; space-complexity,"theorem upperbound There is a quantum algorithm A that, given black-box access to an unknown d -dimensional unitary channel Z ∈ U ( d ) and any ε > 0 , outputs a classical description of a unitary. This output is probabilistic and can be viewed as a U ( d ) -valued random variable widehat Z . The algorithm satisfies the following properties: up (Query complexity) A queries the black box [MASK] times. up (Space complexity) A only uses one qudit of dimension d . Specifically, it only prepares states of the form V_2 (Z V_1)^p V_0 ket 0 , where the positive integer p and unitaries V_0, V_1, V_2 ∈ U ( d ) are adaptively chosen, and measures them in the computational basis. up (Gate complexity) If the d -dimensional qudit is embedded in n = lceil log _2 d rceil qubits, then A uses poly ( d ,1/ε) one- and two-qubit quantum gates in total beyond the queries to the black box, and the classical time complexity is poly ( d ,1/ε) . up (Closeness of output unitary) The unitary output by A is ε -close to the unknown Z in diamond norm with high probability. Specifically, E [ diamnorm U (widehat Z )- U (Z) ^2 ] ≤ ε^2 , which implies Pr [ diamnorm U (widehat Z ) - U (Z) ≤ 3ε ] ≥ tfrac 2 3 . up (Closeness of output channel) We can also view the output of A as a channel. Let M denote the mixed unitary channel induced by running A on Z and then applying its output widehat Z . Then diamnorm * M - U (Z) ≤ ε^2 .",O( d ^2/ε)
2302.14066#1:paper-subarea:1,paper-subarea,2302.14066#1,2302.14066,theorem,query-complexity; space-complexity,"theorem upperbound There is a quantum algorithm A that, given black-box access to an unknown d -dimensional unitary channel Z ∈ U ( d ) and any ε > 0 , outputs a classical description of a unitary. This output is probabilistic and can be viewed as a U ( d ) -valued random variable widehat Z . The algorithm satisfies the following properties: up (Query complexity) A queries the black box O( d ^2/ε) times. up (Space complexity) A only uses one qudit of dimension d . Specifically, it only prepares states of the form V_2 (Z V_1)^p V_0 ket 0 , where the positive integer p and unitaries V_0, V_1, V_2 ∈ U ( d ) are adaptively chosen, and measures them in the computational basis. up (Gate complexity) If the d -dimensional qudit is embedded in n = lceil log _2 d rceil qubits, then A uses poly ( d ,1/ε) one- and two-qubit quantum gates in total beyond the queries to the black box, and the classical time complexity is poly ( d ,1/ε) . up (Closeness of output unitary) The unitary output by A is ε -close to the unknown Z in diamond norm with high probability. Specifically, E [ diamnorm U (widehat Z )- U (Z) ^2 ] ≤ ε^2 , which implies Pr [ diamnorm U (widehat Z ) - U (Z) ≤ 3ε ] ≥ tfrac 2 3 . up (Closeness of output channel) We can also view the output of A as a channel. Let M denote the mixed unitary channel induced by running A on Z and then applying its output widehat Z . Then diamnorm * M - U (Z) ≤ ε^2 .

[MASK]",query-complexity; space-complexity
2302.14066#2:bound-cloze:2,bound-cloze,2302.14066#2,2302.14066,theorem,query-complexity; space-complexity,"theorem lowerbound Let A be an algorithm that, for an unknown d -dimensional unitary Z ∈ U ( d ) accessible through black box oracles that implement Z , Z^dagger , c Z = ket 0 bra 0 ⊗ I + ket 1 bra 1 ⊗ Z , and c Z^dagger = ket 0 bra 0 ⊗ I + ket 1 bra 1 ⊗ Z^dag , can output a classical description of a unitary channel U (widehat Z ) such that diamnorm U (widehat Z ) - U (Z) < ε < frac 1 8 with probability ≥ tfrac 2 3 . Then A must use [MASK] oracle queries.",Ω(frac d ^2 ε )
2302.14066#2:paper-subarea:2,paper-subarea,2302.14066#2,2302.14066,theorem,query-complexity; space-complexity,"theorem lowerbound Let A be an algorithm that, for an unknown d -dimensional unitary Z ∈ U ( d ) accessible through black box oracles that implement Z , Z^dagger , c Z = ket 0 bra 0 ⊗ I + ket 1 bra 1 ⊗ Z , and c Z^dagger = ket 0 bra 0 ⊗ I + ket 1 bra 1 ⊗ Z^dag , can output a classical description of a unitary channel U (widehat Z ) such that diamnorm U (widehat Z ) - U (Z) < ε < frac 1 8 with probability ≥ tfrac 2 3 . Then A must use Ω(frac d ^2 ε ) oracle queries.

[MASK]",query-complexity; space-complexity
2302.14066#9:bound-cloze:3,bound-cloze,2302.14066#9,2302.14066,definition,query-complexity; space-complexity,"The estimation task for unitary channels is the following: One is given black-box access to a unitary channel by Z ∈ U ( d ) . After applying the unitary channel some Q times, the algorithm should output a classical description Throughout this paper, for ease of exposition we will be treating these descriptions as if they have infinite precision. To formalize our results when numbers can only be specified up to a machine precision ε_ mach , we consider the sets of unit vectors and unitary matrices that can be generated from [MASK] -depth quantum circuits. This discretizes these spaces into O(ε_ mach ) -nets by the Solovay--Kitaev theorem. Then, a classical description of a unitary matrix or a unit vector is a list of numbers defining a matrix or vector that need not exactly satisfy the desired constraints, but is ε_ mach -close to an element of the net. When we need to implement a unitary from its classical description, we implement this element. We only care about vectors and matrices up to poly (ε/ d ) error, since this is the magnitude of sampling error from state tomography, which is where these classical descriptions come from. So, if we set ε_ mach to be smaller than this, then the errors from working in finite precision are negligible, and we incur a polylog (1/ε_ mach ) overhead (which is only polylog ( d /ε) ) in time complexity. This issue only affects constant factors in our proofs in a very minor way, and we trust the diligent reader to take note of the required changes. of a unitary widehat Z ∈ U ( d ) . The algorithm may be probabilistic and hence widehat Z should be thought of as a random variable. The goal is to achieve E [ error ( U (Z), U (widehat Z ))] < ε. Here, error ( · , · ) is some accuracy measure between unitary channels.",O( log ^3(1/ε))
2302.14066#13:paper-subarea:3,paper-subarea,2302.14066#13,2302.14066,theorem,query-complexity; space-complexity,"proposition yrcmixing If a unitary estimation algorithm A with an output distribution φ(widehat Z |Z) d widehat Z is unitarily covariant, i.e., φ(A widehat Z B | A Z B ) = φ( widehat Z | Z ) for all A,B ∈ U ( d ) , then overline F ( U (Z), M (widehat Z ) ) = diamnorm U (Z) - M (widehat Z ) . Therefore, by cref rem:SpecialEntFid,prop:ineq1 , diamnorm U (Z) - M (widehat Z ) = overline F ( U (Z), M (widehat Z ) ) = E _ widehat Z overline F ( U (Z), U (widehat Z ) ) ≤ tfrac 1 4 E _ widehat Z [ diamnorm U (Z) - U (widehat Z ) ^2 ].

[MASK]",query-complexity; space-complexity
2302.14066#14:bound-cloze:4,bound-cloze,2302.14066#14,2302.14066,theorem,query-complexity; space-complexity,"There is a tomography algorithm that, given access to an unknown unitary Z ∈ U ( d ) , as well as parameters ε, η > 0 , applies Z at most [MASK] · log (1/η) times and outputs an estimate V satisfying dist _ phaseop (Z, V ) ≤ ε except with probability at most η . The algorithm uses only a d -dimensional Hilbert space (in particular, only n qubits when d = 2^ n ).",O( d ^2/ε^2)
2302.14066#14:paper-subarea:4,paper-subarea,2302.14066#14,2302.14066,theorem,query-complexity; space-complexity,"There is a tomography algorithm that, given access to an unknown unitary Z ∈ U ( d ) , as well as parameters ε, η > 0 , applies Z at most O( d ^2/ε^2) · log (1/η) times and outputs an estimate V satisfying dist _ phaseop (Z, V ) ≤ ε except with probability at most η . The algorithm uses only a d -dimensional Hilbert space (in particular, only n qubits when d = 2^ n ).

[MASK]",query-complexity; space-complexity
2303.01952#1:paper-subarea:1,paper-subarea,2303.01952#1,2303.01952,theorem,interactive-proofs,"normal sc SDP xspace [α,β] is contained in normal sf SZK xspace under the following parameter regimes for α and β : α^2(n)-β(n) ≥ 1/ poly (n) ; α(n)-β(n) ≥ 1/ poly (n) , and the normal sc SDP xspace [α,β] instance satisfies an additional condition involving the statistical distance ( SD ) and the triangular discrimination ( TD ) . More precisely, in the yes case, the normal sc SDP xspace [α,β] instance is denoted by a pair of polynomial-size Boolean circuits (C_0,C_1) that induce the distributions (p_0,p_1) . In the no case, the instance is denoted by a different pair (C'_0,C'_1) inducing the distributions (p'_0,p'_1) . These distributions satisfy the following conditions: SD (p_0,p_1) > SD (p'_0,p'_1) > SD ^2(p_0,p_1) and TD (p_0,p_1) > TD (p'_0,p'_1) .

[MASK]",interactive-proofs
2303.01952#2:bound-cloze:1,bound-cloze,2303.01952#2,2303.01952,theorem,interactive-proofs,"For time-bounded state testing problems with respect to the quantum Jensen-Shannon divergence and the measured triangular discrimination problem, specifically normal sc QJSP xspace and normal sc measQTDP xspace , the following holds, where n denotes the number of qubits used by the states ρ_0 and ρ_1 : normal sc QJSP xspace [α,β] is in normal sf QSZK xspace if α(n)-β(n) ≥ 1/ poly (n) . Consequently, normal sc QSDP xspace [α,β] is in normal sf QSZK xspace if α^2(n)- sqrt 2ln 2 β(n) ≥ 1/ poly (n) . normal sc measQTDP xspace [α,β] is in normal sf QSZK xspace if α(n)-β(n) ≥ 1/[MASK] . This containment further implies that normal sc QSDP xspace [α,β] is in normal sf QSZK xspace if α(n)-β(n) ≥ 1/O( log n ) and the normal sc QSDP xspace [α,β] instance satisfies an additional condition: let (ρ_0,ρ_1) and (ρ'_0,ρ'_1) denote the two pairs of quantum states prepared by the respective polynomial-size quantum circuits -- that is, the normal sc QSDP xspace [α,β] instance -- in the yes and no cases. Then, these quantum states must satisfy the following condition : If frac ρ_0+ρ_1 2 is diagonal of full rank (see Cref footnote:measQTD-explicit-formula ), it is fairly effortless to find examples by numerical simulations. For instance, (ρ_0,ρ_1) where ρ_0=frac 1 2 (I+frac σ_X 7 +frac σ_Y 3 +frac σ_Z 4 ) and ρ_1=frac 1 2 (I-frac σ_X 7 -frac σ_Y 3 -frac σ_Z 4 ) , together with (ρ'_0,ρ'_1) where ρ'_0=frac 1 2 (I-frac σ_X 7 -frac σ_Y 5 -frac σ_Z 6 ) and ρ'_1=frac 1 2 (I+frac σ_X 7 +frac σ_Y 5 -frac σ_Z 6 ) . \[ T (ρ_0,ρ_1) > T (ρ'_0,ρ'_1) > T ^2(ρ_0,ρ_1) and QTD ^ rm meas (ρ_0,ρ_1) > QTD ^ rm meas (ρ'_0, ρ'_1).\]",O( log n )
2303.01952#2:paper-subarea:2,paper-subarea,2303.01952#2,2303.01952,theorem,interactive-proofs,"For time-bounded state testing problems with respect to the quantum Jensen-Shannon divergence and the measured triangular discrimination problem, specifically normal sc QJSP xspace and normal sc measQTDP xspace , the following holds, where n denotes the number of qubits used by the states ρ_0 and ρ_1 : normal sc QJSP xspace [α,β] is in normal sf QSZK xspace if α(n)-β(n) ≥ 1/ poly (n) . Consequently, normal sc QSDP xspace [α,β] is in normal sf QSZK xspace if α^2(n)- sqrt 2ln 2 β(n) ≥ 1/ poly (n) . normal sc measQTDP xspace [α,β] is in normal sf QSZK xspace if α(n)-β(n) ≥ 1/O( log n ) . This containment further implies that normal sc QSDP xspace [α,β] is in normal sf QSZK xspace if α(n)-β(n) ≥ 1/O( log n ) and the normal sc QSDP xspace [α,β] instance satisfies an additional condition: let (ρ_0,ρ_1) and (ρ'_0,ρ'_1) denote the two pairs of quantum states prepared by the respective polynomial-size quantum circuits -- that is, the normal sc QSDP xspace [α,β] instance -- in the yes and no cases. Then, these quantum states must satisfy the following condition : If frac ρ_0+ρ_1 2 is diagonal of full rank (see Cref footnote:measQTD-explicit-formula ), it is fairly effortless to find examples by numerical simulations. For instance, (ρ_0,ρ_1) where ρ_0=frac 1 2 (I+frac σ_X 7 +frac σ_Y 3 +frac σ_Z 4 ) and ρ_1=frac 1 2 (I-frac σ_X 7 -frac σ_Y 3 -frac σ_Z 4 ) , together with (ρ'_0,ρ'_1) where ρ'_0=frac 1 2 (I-frac σ_X 7 -frac σ_Y 5 -frac σ_Z 6 ) and ρ'_1=frac 1 2 (I+frac σ_X 7 +frac σ_Y 5 -frac σ_Z 6 ) . \[ T (ρ_0,ρ_1) > T (ρ'_0,ρ'_1) > T ^2(ρ_0,ρ_1) and QTD ^ rm meas (ρ_0,ρ_1) > QTD ^ rm meas (ρ'_0, ρ'_1).\]

[MASK]",interactive-proofs
2303.01952#3:bound-cloze:2,bound-cloze,2303.01952#3,2303.01952,theorem,interactive-proofs,"Let ε(n) be an error parameter satisfying ε(n) ≤ [MASK] . Then, it holds that texorpdfstring normal overline sc QSDP xspace [1-ε,ε] is in normal sf PP xspace . Furthermore, texorpdfstring normal overline sc QSDP xspace [1,0] is in normal sf NQP xspace when there is no error.",2^ -n/2-1
2303.01952#3:paper-subarea:3,paper-subarea,2303.01952#3,2303.01952,theorem,interactive-proofs,"Let ε(n) be an error parameter satisfying ε(n) ≤ 2^ -n/2-1 . Then, it holds that texorpdfstring normal overline sc QSDP xspace [1-ε,ε] is in normal sf PP xspace . Furthermore, texorpdfstring normal overline sc QSDP xspace [1,0] is in normal sf NQP xspace when there is no error.

[MASK]",interactive-proofs
2303.01952#20:bound-cloze:3,bound-cloze,2303.01952#20,2303.01952,theorem,interactive-proofs,"Let α(n) and β(n) be efficiently computable functions satisfying α^2(n)-β(n) ≥ 1/[MASK] . For any constant ε ∈ (0,1/2) , normal sc QSDP xspace [α,β] is normal sf QSZK xspace -hard when α(n) ≤ 1-2^ -n^ 1/2-ε and β(n) ≥ 2^ -n^ 1/2-ε for every n ∈ N .",O( log n )
2303.01952#20:paper-subarea:4,paper-subarea,2303.01952#20,2303.01952,theorem,interactive-proofs,"Let α(n) and β(n) be efficiently computable functions satisfying α^2(n)-β(n) ≥ 1/O( log n ) . For any constant ε ∈ (0,1/2) , normal sc QSDP xspace [α,β] is normal sf QSZK xspace -hard when α(n) ≤ 1-2^ -n^ 1/2-ε and β(n) ≥ 2^ -n^ 1/2-ε for every n ∈ N .

[MASK]",interactive-proofs
2303.01952#35:bound-cloze:4,bound-cloze,2303.01952#35,2303.01952,theorem,interactive-proofs,"Let α(n) and β(n) be efficiently computable functions such that 0 ≤ β < α ≤ 1 , where n denotes the number of qubits used by quantum states ρ_0 and ρ_1 . Then, the following holds : \[ For any α(n)-β(n) ≥ 1/ poly (n), normal sc QJSP xspace [α,β] is in normal sf QSZK xspace . \] Furthermore, normal sc QJSP xspace [α,β] is normal sf QSZK xspace -hard if α(n) ≤ 1-2^ -[MASK] and β(n) ≥ 2^ -n^ 1/2-ε for some constant ε ∈ (0,1/2) and sufficiently large n .",n^ 1/2-ε
2305.09538#14:paper-subarea:1,paper-subarea,2305.09538#14,2305.09538,theorem,descriptive-logic; structural,"The kl locally polynomial hierarchy and the kl local second-order hierarchy on kl graphs are levelwise equivalent from level 1 onwards. More precisely, SigmaLP Level = SigmaLFO Level On GRAPH and PiLP Level = PiLFO Level On GRAPH for all Level ∈ Positives .

[MASK]",descriptive-logic; structural
2305.09538#33:paper-subarea:2,paper-subarea,2305.09538#33,2305.09538,theorem,descriptive-logic; structural,"The kl locally polynomial hierarchy is infinite, even when restricted to kl graphs of kl bounded structural degree . More precisely, SigmaLP Level - 1 On bGRAPH MaxDegree subsetneqq PiLP Level On bGRAPH MaxDegree subsetneqq SigmaLP Level + 1 On bGRAPH MaxDegree , and a fortiori SigmaLP Level - 1 subsetneqq PiLP Level subsetneqq SigmaLP Level + 1 , for every even integer Level ≥ 2 and every integer MaxDegree ≥ 4 .

[MASK]",descriptive-logic; structural
2305.09538#36:paper-subarea:3,paper-subarea,2305.09538#36,2305.09538,corollary,descriptive-logic; structural,"The separation results for the kl locally polynomial hierarchy stated in Proposition and Theorem can be extended as follows: PiLP Level - 1 subsetneqq PiLP Level , and SigmaLP Level subsetneqq SigmaLP Level + 1 , and PiLP Level - 1 subsetneqq SigmaLP Level subsetneqq PiLP Level + 1 , for every even integer Level ≥ 2 .

[MASK]",descriptive-logic; structural
2305.09538#37:paper-subarea:4,paper-subarea,2305.09538#37,2305.09538,corollary,descriptive-logic; structural,"Classes on the same level of the kl locally polynomial hierarchy are neither kl complement classes of each other, nor are they closed under kl complementation , even when restricted to kl graphs of kl bounded structural degree . More precisely, SigmaLP Level On bGRAPH MaxDegree ⊄ coPiLP Level On bGRAPH MaxDegree if Level is odd, and PiLP Level On bGRAPH MaxDegree ⊄ coSigmaLP Level On bGRAPH MaxDegree if Level is even, for all Level ∈ Naturals and MaxDegree ≥ 4 . Moreover, SigmaLP Level On bGRAPH MaxDegree ≠ coSigmaLP Level On bGRAPH MaxDegree and PiLP Level On bGRAPH MaxDegree ≠ coPiLP Level On bGRAPH MaxDegree , for all Level ∈ Naturals and MaxDegree ≥ 4 .

[MASK]",descriptive-logic; structural
2306.04843#1:paper-subarea:1,paper-subarea,2306.04843#1,2306.04843,theorem,interactive-proofs,"Let D =( U _n, φ) be an unknown probability distribution over {0,1}^n × {0,1} , with (known) uniform marginal over {0,1}^n and with (unknown) conditional label expectation φ:{0,1}^n → [0,1] . bf Distributional agnostic quantum Fourier sampling: There is an efficient quantum algorithm that, given a single copy of ρ_ D , with success probability nicefrac 1 2 outputs a sample from a probability distribution over {0,1}^n that is inverse-exponentially close to the squares of the Fourier coefficients of φ = 1-2φ . bf Distributional agnostic proper quantum parity learning: There is an efficient quantum algorithm that properly 1 -agnostically learns parities from an efficient number of copies of ρ_ D . bf Distributional 2-agnostic improper quantum Fourier-sparse learning: There is an efficient quantum algorithm that improperly 2 -agnostically learns Fourier-sparse functions from an efficient number of copies of ρ_ D .

[MASK]",interactive-proofs
2306.04843#2:paper-subarea:2,paper-subarea,2306.04843#2,2306.04843,theorem,interactive-proofs,"There is a class D of probability distributions over {0,1}^n × {0,1} with (known) uniform marginal over {0,1}^n such that: Distributional 1 -agnostic parity learning is classically hard from SQs or random examples, even if the unknown distribution is promised to lie in D . When promised that the unknown distribution lies in D , there is an efficient interactive verification procedure that allows a classical verifier, with SQ or random example access, to verify a distributional 1 -agnostic quantum parity learner, who has mixture-of-superpositions example or QSQ access. When promised that the unknown distribution lies in D , there is an efficient interactive verification procedure that allows a classical verifier, with SQ or random example access, to verify a distributional 2 -agnostic quantum Fourier-sparse learner, who has mixture-of-superpositions example or QSQ access.

[MASK]",interactive-proofs
2306.04843#8:bound-cloze:1,bound-cloze,2306.04843#8,2306.04843,definition,interactive-proofs,"Let D = ( D _ X _n , f) be a probability distribution over X _n × {0,1} with deterministic labeling function f: X _n → {0,1} . Let 0 ≤ η < nicefrac 1 2 be a noise parameter. A mixed η -noisy functional quantum example for D = ( D _ X _n , f) is a copy of the mixed (n+1) -qubit state ρ_ ( D _ X _n , f),η coloneqq (1-η)ket ψ_ ( D _ X _n ,f) bra ψ_ ( D _ X _n ,f) + ηket ψ_ ( D _ X _n ,f ⊕ 1) bra ψ_ ( D _ X _n ,f ⊕ 1) , where ⊕ denotes additional modulo 2 . A pure η -noisy functional quantum example for D = ( D _ X _n , f) is a pure superposition quantum example ket ψ_ D _η according to Cref definition:superposition-quantum-examples , where D _η is the probability distribution over X _n × {0,1} defined as D _η (x,f(x)) = (1-η) D _ X _n (x) , D _η (x,f(x) ⊕ 1) = η D _ X _n (x),quad ∀ x ∈ X _n . That is, such a quantum example is a copy of the pure (n+1) -qubit state ket ψ_ D _η coloneqq frac 1 sqrt [MASK] Σ _ x ∈ {0,1}^n ( sqrt 1-η ket x,f(x) + sqrt η ket x,f(x) ⊕ 1 ) , where ⊕ denotes additional modulo 2 . A mixture-of-superpositions η -noisy functional quantum example for D = ( D _ X _n , f) is a copy of the mixed (n+1) -qubit state ρ_ D _η coloneqq E _ {e_x}_ x ∈ X _n [ ket ψ_ ( D _ X _n ,f ⊕ e) bra ψ_ ( D _ X _n ,f ⊕ e) ] , where the e_x , x ∈ X _n , are i.i.d. random variables with P [e_x = 0 ]=1-η=1- P [e_x = 1 ] for all x ∈ X _n .",2^n
2306.04843#10:bound-cloze:2,bound-cloze,2306.04843#10,2306.04843,definition,interactive-proofs,"Let F ⊆ {0,1}^ X _n be a benchmark class. Let D be a family of probability distributions over X _n × {0,1} . Let α ≥ 1 . We say that F is α -agnostic verifiable with respect to D using classical or quantum oracles O _V and O _P if there exists a pair of classical or quantum algorithms (V,P) that satisfy the following conditions for every input accuracy parameter ε ∈ (0,1) and for every confidence parameter δ ∈ (0,1) : bf Completeness: For any D ∈ D , the random hypothesis h: X _n → {0,1} that V(ε,δ) outputs after interacting with the honest prover P , assuming V(ε,δ) has access to O _V ( D ) and P(ε,δ) has access to O _P ( D ) , satisfies P [h ≠ reject wedge ( err _ D (h) ≤ α · opt _ D ( F ) + ε ) ] ≥ 1-δ . bf Soundness: For any D ∈ D and for any (possibly unbounded) dishonest prover P' , the random hypothesis h: X _n → {0,1} that V(ε,δ) outputs after interacting with P' , assuming V(ε,δ) has access to O _V ( D ) and P'(ε,δ) has access to O _P ( D ) , satisfies P [h ≠ reject wedge ( err _ D (h)> α · opt _ D ( F ) + ε ) ] ≤ δ . Moreover: If the above can be achieved with a pair (V,P) such that V(ε,δ) makes at most O ( [MASK]) queries to O _V ( D ) , such that P(ε,δ) makes at most O ( poly (n, nicefrac 1 ε , nicefrac 1 δ )) queries to O _P ( D ) , and such that both V(ε,δ) and P(ε,δ) have running time O ( poly (n, nicefrac 1 ε , nicefrac 1 δ )) , then we say that F is efficiently α -agnostic verifiable with respect to D using oracles O _V and O _P . If additionally one can ensure that the random hypothesis h: X _n → {0,1} that V(ε,δ) outputs after interacting with any (possibly unbounded) dishonest prover P' , assuming V(ε,δ) has access to O _V ( D ) and P'(ε,δ) has access to O _P ( D ) , satisfies h ∈ { reject } ∪ F almost surely, then we say that F is proper α -agnostic verifiable with respect to D using oracles O _V and O _P .","poly (n, nicefrac 1 ε , nicefrac 1 δ )"
2306.04843#16:paper-subarea:3,paper-subarea,2306.04843#16,2306.04843,corollary,interactive-proofs,"Let D be a probability distribution over X _n × {0,1} with D =( U _n, f) for some deterministic labeling function f:{0,1}^n → {0,1} . Let δ,ε ∈ (0,1) . Then, there exists a quantum algorithm that, given O (tfrac log (nicefrac 1 δε^2 ) ε^4 ) copies of ket ψ_ D , uses O (ntfrac log (nicefrac 1 δε^2 ) ε^4 ) single-qubit gates, classical computation time tilde O (ntfrac log (nicefrac 1 δ ε^2 ) ε^4 ) , and classical memory of size tilde O (ntfrac log (nicefrac 1 δε^2 ) ε^4 ) , and outputs, with success probability ≥ 1-δ , a bit string s ∈ {0,1}^n such that P _ x U _n [f(x) ≠ s · x] ≤ min _ t ∈ {0,1}^n P _ x U _n [f(x) ≠ t · x] + ε . Thus, this quantum algorithm is a functional agnostic proper quantum parity learner, assuming a uniform marginal over inputs.

[MASK]",interactive-proofs
2306.04843#17:paper-subarea:4,paper-subarea,2306.04843#17,2306.04843,corollary,interactive-proofs,"Let D be a probability distribution over X _n × {0,1} with D =( U _n, f) for some deterministic labeling function f:{0,1}^n → {0,1} . Let δ,ε ∈ (0,1) . Then, there is a quantum algorithm that, given O (tfrac k^4 log (nicefrac k^2 δε^2 ) ε^4 ) copies of ρ_ D , uses O (ntfrac k^4 log (nicefrac 1 δ ) ε^4 ) single-qubit gates, classical computation time tilde O (ntfrac k^4 log (nicefrac k^2 δε^2 ) ε^4 ) , and classical memory of size tilde O (ntfrac k^4 log (nicefrac k^2 δε^2 ) ε^4 ) , and outputs, with success probability ≥ 1-δ , a randomized hypothesis h: X _n → {0,1} such that P _ (x,b) D [b ≠ h(x) ] ≤ 2 min _ substack tilde f : X _n → {0,1} Fourier- k -sparse P _ (x,b) D [b ≠ tilde f (x)] + ε . In particular, this quantum algorithm is a functional 2 -agnostic improper quantum Fourier-sparse learner, assuming a uniform marginal over inputs.

[MASK]",interactive-proofs
2306.04843#20:bound-cloze:3,bound-cloze,2306.04843#20,2306.04843,lemma,interactive-proofs,"Let D be a probability distribution over X _n × {0,1} with D =( U _n, f) for some deterministic labeling function f:{0,1}^n → {0,1} . Let 0 ≤ η <nicefrac 1 2 . Consider the following quantum algorithm: Given a single copy of ρ_ D _η , first apply (the unitary channel for) the unitary H^ ⊗ (n+1) , then measure all n+1 qubits in the computational basis. The measurement outcomes of this procedure satisfy the following: The computational basis measurement on the last qubit gives outcome 0 with probability tfrac 1 2 and outcome 1 with probability tfrac 1 2 . Conditioned on having observed outcome 1 for the last qubit, the computational basis measurement on the first n qubits outputs a string s ∈ {0,1}^n with probability tfrac 4η - 4η^2 [MASK] + (1-2η)^2hat g (s)^2 , with g=(-1)^f .",2^n
2306.04843#23:bound-cloze:4,bound-cloze,2306.04843#23,2306.04843,theorem,interactive-proofs,"Let D be a probability distribution over X _n × {0,1} with D =( U _n, f) for some deterministic labeling function f:{0,1}^n → {0,1} . Let ε ∈ (0,1) . Then, there exists an algorithm that, using O (tfrac n ε^2 ) functional QSQs of tolerance nicefrac ε^2 8 for observables that can be implemented with O (n) single-qubit gates, classical computation time tilde O (tfrac n ε^2 ) , and classical memory of size tilde O (tfrac [MASK] ε^2 ) , and outputs a list L={s_1, ... ,s_ lvert Lrvert } ⊆ {0,1}^n such that if lvert hat g (s)rvert ≥ ε , then s ∈ L , and if s ∈ L , then lvert hat g (s)rvert ≥ nicefrac ε 2 . This list has length lvert Lrvert ≤ nicefrac 4 ε^2 by Parseval.",n^2
2309.12912#1:bound-cloze:1,bound-cloze,2309.12912#1,2309.12912,open-question,circuit-complexity; structural,"Can we prove that Σ_2EXP ⊄ SIZE [[MASK] ] for some absolute constant ε > 0 , or at least show a relativization barrier for proving such a lower bound?",2^ ε n
2309.12912#2:bound-cloze:2,bound-cloze,2309.12912#2,2309.12912,theorem,circuit-complexity; structural,"Σ_2E ⊄ SIZE [[MASK]/n] and (Σ_2E ∩ Π_2E )/_1 ⊄ SIZE [2^n/n] . Moreover, they hold in every relativized world.",2^n
2309.12912#2:paper-subarea:1,paper-subarea,2309.12912#2,2309.12912,theorem,circuit-complexity; structural,"Σ_2E ⊄ SIZE [2^n/n] and (Σ_2E ∩ Π_2E )/_1 ⊄ SIZE [2^n/n] . Moreover, they hold in every relativized world.

[MASK]",circuit-complexity; structural
2309.12912#3:bound-cloze:3,bound-cloze,2309.12912#3,2309.12912,theorem,circuit-complexity; structural,"S _2E /_1 ⊄ SIZE [[MASK]/n] . Moreover, this holds in every relativized world.",2^n
2309.12912#3:paper-subarea:2,paper-subarea,2309.12912#3,2309.12912,theorem,circuit-complexity; structural,"S _2E /_1 ⊄ SIZE [2^n/n] . Moreover, this holds in every relativized world.

[MASK]",circuit-complexity; structural
2309.12912#4:bound-cloze:4,bound-cloze,2309.12912#4,2309.12912,corollary,circuit-complexity; structural,"ZPE ^ NP /_1 ⊄ SIZE [[MASK]/n] . Moreover, this holds in every relativized world.",2^n
2309.12912#4:paper-subarea:3,paper-subarea,2309.12912#4,2309.12912,corollary,circuit-complexity; structural,"ZPE ^ NP /_1 ⊄ SIZE [2^n/n] . Moreover, this holds in every relativized world.

[MASK]",circuit-complexity; structural
2309.12912#5:paper-subarea:4,paper-subarea,2309.12912#5,2309.12912,theorem,circuit-complexity; structural,"For every constant d ≥ 1 , there is a randomized algorithm A with an NP oracle such that the following holds for infinitely many integers n . For every circuit C colon {0,1} ^ n → {0,1} ^ n+1 of size at most n^d , there is a string y_C ∈ {0,1} ^ n \ Range (C) such that A (C) either outputs y_C or bot , and the probability (over the internal randomness of A ) that A (C) outputs y_C is at least 2/3 . Moreover, this theorem holds in every relativized world.

[MASK]",circuit-complexity; structural
2309.15026#2:bound-cloze:1,bound-cloze,2309.15026#2,2309.15026,theorem,query-complexity,"Let n be a sufficiently large positive integer and k be a positive integer satisfying k^3 ≤ [MASK]/4 . Then, \[ InstC ( CONN ) = frac DT ( CONN ) C _ min ( CONN ) = frac binom n 2 n-1 , qquad InstC ( CL _ k ) = frac DT ( CL _ k ) C _ min ( CL _ k ) = frac binom n 2 binom k 2 . \]",n^2
2309.15026#2:paper-subarea:1,paper-subarea,2309.15026#2,2309.15026,theorem,query-complexity,"Let n be a sufficiently large positive integer and k be a positive integer satisfying k^3 ≤ n^2/4 . Then, \[ InstC ( CONN ) = frac DT ( CONN ) C _ min ( CONN ) = frac binom n 2 n-1 , qquad InstC ( CL _ k ) = frac DT ( CL _ k ) C _ min ( CL _ k ) = frac binom n 2 binom k 2 . \]

[MASK]",query-complexity
2309.15026#4:bound-cloze:2,bound-cloze,2309.15026#4,2309.15026,definition,query-complexity,"For a positive integer m , define the Indexing function, denoted IND _m : {0,1}^ m + [MASK] → {0,1} , by \[ IND _m(x, y) = y_ bin (x) , \] where bin (x) denotes the integer in [2^m] represented by the binary expansion x .",2^m
2309.15026#10:paper-subarea:2,paper-subarea,2309.15026#10,2309.15026,corollary,query-complexity,"The only symmetric functions f : {0,1}^n → {0,1} with C _ min (f) = n are the parity function XOR _n and its negation.

[MASK]",query-complexity
2309.15026#12:paper-subarea:3,paper-subarea,2309.15026#12,2309.15026,corollary,query-complexity,"The only symmetric Boolean functions that are strictly D -instance optimizable are the parity function XOR _n and its negation.

[MASK]",query-complexity
2309.15026#15:bound-cloze:3,bound-cloze,2309.15026#15,2309.15026,theorem,query-complexity,"Let n be a sufficiently large positive integer and k be a positive integer satisfying k^3 ≤ [MASK]/4 . Then, \[ InstC ( CONN ) = frac DT ( CONN ) C _ min ( CONN ) = frac binom n 2 n-1 , qquad InstC ( CL _ k ) = frac DT ( CL _ k ) C _ min ( CL _ k ) = frac binom n 2 binom k 2 . \]",n^2
2309.15026#15:paper-subarea:4,paper-subarea,2309.15026#15,2309.15026,theorem,query-complexity,"Let n be a sufficiently large positive integer and k be a positive integer satisfying k^3 ≤ n^2/4 . Then, \[ InstC ( CONN ) = frac DT ( CONN ) C _ min ( CONN ) = frac binom n 2 n-1 , qquad InstC ( CL _ k ) = frac DT ( CL _ k ) C _ min ( CL _ k ) = frac binom n 2 binom k 2 . \]

[MASK]",query-complexity
2309.15654#7:paper-subarea:1,paper-subarea,2309.15654#7,2309.15654,theorem,descriptive-logic,"Let Γ be a countable valued structure with finite signature such that there exists a finitely bounded homogeneous structure B with Aut ( B ) ⊆ Aut (Γ) . Then VCSP (Γ) is in NP.

[MASK]",descriptive-logic
2309.15654#16:bound-cloze:1,bound-cloze,2309.15654#16,2309.15654,definition,descriptive-logic,"Let C and D be sets. A fractional map from D to C is a probability distribution (C^D, B (C^D),ω colon B (C^D) → [0,1]), that is, ω(C^D) = 1 and ω is countably additive: if A_1,A_2, ... ∈ B (C^D) are disjoint, then [MASK] = Σ _ i ∈ N ω(A_i).",ω( cup_ i ∈ N A_i)
2309.15654#22:bound-cloze:2,bound-cloze,2309.15654#22,2309.15654,proposition,descriptive-logic,"Let C_1, C_2, C_3 be countable sets. Let ω_1 be a fractional map from C_1 to C_2 and let ω_2 be a fractional map from C_2 to C_3 . Then the following statements hold. ω_2 ∘ ω_1 is a fractional map from C_1 to C_3 . For every k ∈ N , a ∈ C_1^k , and c ∈ C_3^k , \[ω_2 ∘ ω_1 (mathscr S _ a,c ) = Σ _ b ∈ C_[MASK] ω_1( mathscr S _ a,b ) ω_2( mathscr S _ b,c ).\] The above property uniquely determines the fractional map ω_2 ∘ ω_1 . The operation ∘ of composition of fractional maps is associative. If Γ_1, Γ_2 , and Γ_3 are valued τ -structures, ω_1 is a fractional homomorphism from Γ_1 to Γ_2 , and ω_2 is a fractional homomorphism from Γ_2 to Γ_3 , then ω_2 ∘ ω_1 is a fractional homomorphism from Γ_1 to Γ_3 .",2^k
2309.15654#28:paper-subarea:2,paper-subarea,2309.15654#28,2309.15654,corollary,descriptive-logic,"Let Γ be a valued structure with a finite signature and oligomorphic automorphism group such that ({0,1}; OIT ) has a pp-construction in Γ . Then VCSP (Γ) is NP-hard.

[MASK]",descriptive-logic
2309.15654#52:paper-subarea:3,paper-subarea,2309.15654#52,2309.15654,theorem,descriptive-logic,"Let Γ be a valued structure with a finite signature and a finite domain. If ({0,1}; OIT ) does not have a pp-construction in Γ , then Γ has a fractional cyclic polymorphism and VCSP (Γ) is in P, and it is NP-hard otherwise.

[MASK]",descriptive-logic
2309.15654#53:paper-subarea:4,paper-subarea,2309.15654#53,2309.15654,corollary,descriptive-logic,"Let Γ be a valued structure with a finite signature and a finite domain. Let C be the underlying crisp structure of Γ . If ({0,1}; OIT ) does not have a pp-construction in C , then Pol ( C ) contains a cyclic operation and VCSP (Γ) is in P, and it is NP-hard otherwise.

[MASK]",descriptive-logic
2309.16475#7:problem-name:1,problem-name,2309.16475#7,2309.16475,definition,circuit-complexity; quantum-complexity,"bf [MASK] : H_1,H_2,hdots ,H_T set of T= poly (n) Hermitian matrices with bounded spectral norm |H_i| ≤ 1 acting on the Hilbert space of n qubits. In addition, each term acts nontrivially on at most k qubits and is described by poly (n) bits. Furthermore, we are given two real numbers a, b (described by poly (n) bits) such that b-a > 1/ poly (n) . bf Output : Promised either the smallest eigenvalue of H = H_1 + H_2 + hdots H_T is smaller than a or all eigenvalues are larger than b , decide which case it is. We denote this problem by k - LH [a,b] , or sometimes, k - LH (b-a) .",Input
2309.16475#8:paper-subarea:1,paper-subarea,2309.16475#8,2309.16475,theorem,circuit-complexity; quantum-complexity,"Any QMA _w[c,s] protocol involving an n -qubit verifier circuit with T= poly (n) gates can be turned into a 5 - LH [a,b] on poly (n) qubits with a=O((1-c)/T) and b = Ω((1- sqrt s )/T^3 ) .

[MASK]",circuit-complexity; quantum-complexity
2309.16475#13:paper-subarea:2,paper-subarea,2309.16475#13,2309.16475,theorem,circuit-complexity; quantum-complexity,"There exists a noise threshold η_c > 0 such that for any η < η_c , ε > 0 the following holds. For any n -qubit quantum circuit C with s gates, ell locations, and depth D , there exists a quantum circuit tilde C of size s polylog (ell /ε) (no measurements or classical operations are required) and depth D polylog (ell /ε) operating on n polylog (ell /ε) qubits such that in the presence of local depolarizing noise with error rate η < η_c , the encoded output of tilde C is ε -close to that of C .

[MASK]",circuit-complexity; quantum-complexity
2309.16475#14:paper-subarea:3,paper-subarea,2309.16475#14,2309.16475,corollary,circuit-complexity; quantum-complexity,"There exists a noise threshold η_c > 0 such that for any η < η_c , ε > 0 , and d ≥ 1 the following holds. For any d -dimensional n -qubit quantum circuit C with s gates, ell locations, and depth D , there exists a d -dimensional quantum circuit tilde C of size s polylog (ell /ε) (no measurements or classical operations are required) and depth D polylog (ell /ε) operating on n polylog (ell /ε) qubits such that in the presence of local depolarizing noise with error rate η < η_c , the encoded output of tilde C is ε -close to that of C .

[MASK]",circuit-complexity; quantum-complexity
2309.16475#17:bound-cloze:1,bound-cloze,2309.16475#17,2309.16475,theorem,circuit-complexity; quantum-complexity,"Suppose the depth D = [MASK] and consider any injectivity parameter δ= O(D^ -0.51 ) . For any state ket ψ with energy density frac δ^ 200D D+1 with respect to H_ parent , the reduced ψ_ out in the output column is frac 1 10 -close in trace distance to a 400δ^ 2 D -noisy mixed state.",O( log n)
2309.16475#17:paper-subarea:4,paper-subarea,2309.16475#17,2309.16475,theorem,circuit-complexity; quantum-complexity,"Suppose the depth D = O( log n) and consider any injectivity parameter δ= O(D^ -0.51 ) . For any state ket ψ with energy density frac δ^ 200D D+1 with respect to H_ parent , the reduced ψ_ out in the output column is frac 1 10 -close in trace distance to a 400δ^ 2 D -noisy mixed state.

[MASK]",circuit-complexity; quantum-complexity
2309.16475#30:bound-cloze:2,bound-cloze,2309.16475#30,2309.16475,claim,circuit-complexity; quantum-complexity,"Any QMA protocol involving an n -qubit verifier circuit V with T= poly (n) two-qubit gates can be converted into a [MASK] -depth QMA protocol on poly (n) qubits, whose completeness is 1-2^ -r and soundness is 2^ -r with r= poly (n) . More specifically, the O( log n) -depth circuit involves a constant-depth quantum circuit that ends with computational basis measurements, followed by a O( log n) -depth classical circuit.",O( log n)
2309.16475#32:bound-cloze:3,bound-cloze,2309.16475#32,2309.16475,claim,circuit-complexity; quantum-complexity,"Any QMA protocol can be turned into a logarithmic depth circuit as shown in Cref fig:claim6.3 , with completeness c=1 - 2^ - [MASK] and soundness s=1-1/n^α , for a positive constant α ≤ 3 .",poly (n)
2309.16475#33:bound-cloze:4,bound-cloze,2309.16475#33,2309.16475,definition,circuit-complexity; quantum-complexity,"Let Q be an LDPC CSS code specified by parity check matrices H_X ∈ F _[MASK] and H_Z ∈ F _2^ r_Z × n . Let e = (e_X,e_Z) ∈ F _2^ 2n be a data error and σ=(σ_X,σ_Z)=(H_Z e_X, H_X e_Z) ∈ F _2^ r_X+r_Z be the corresponding syndrome. A decoder for Q is (α,A,B) -suppressing, for α < 1 , if there exists a constant A such that, for P ∈ {X,Z} , whenever |e_P| ≤ An , the decoder from given input σ_ P runs a computation in constant depth B (using 2-bounded gates) to compute a correction f_P ∈ F _2^n such that |e_P+f_P| ≤ α |e_P| .",2^ r_X × n
2310.14160#2:paper-subarea:1,paper-subarea,2310.14160#2,2310.14160,theorem,derandomization; hardness-of-approximation,"For every number ε ∈ (0,1) , there exists a gap-preserving reduction from up sc Maxmin 2-CSP Reconfiguration xspace to up sc Minmax Set Cover Reconfiguration xspace such that the perfect completeness is preserved, and if any reconfiguration for the former violates ≈ (1-ε^2) -fraction of edges, any reconfiguration for the latter must encounter a cover of relative size 2-ε to the minimum cover.

[MASK]",derandomization; hardness-of-approximation
2310.14160#3:paper-subarea:2,paper-subarea,2310.14160#3,2310.14160,theorem,derandomization; hardness-of-approximation,"For every number ε ∈ (0,1) , a 1 vs. frac 3 4 +ε gap version of up sc Maxmin 2-CSP Reconfiguration xspace is up bf NP xspace -hard.

[MASK]",derandomization; hardness-of-approximation
2310.14160#7:paper-subarea:3,paper-subarea,2310.14160#7,2310.14160,theorem,derandomization; hardness-of-approximation,"Under RIH, for every number varrho ∈ (0,1) , there exist universal constants W, d ∈ bm newmathbb N such that up sc Gap _ 1,0.9942 up sc 2-CSP _W Reconfiguration xspace xspace is up bf PSPACE xspace -hard even if the underlying graph is restricted to (d,λ) -expander with frac λ d leqslant varrho .

[MASK]",derandomization; hardness-of-approximation
2310.14160#13:bound-cloze:1,bound-cloze,2310.14160#13,2310.14160,claim,derandomization; hardness-of-approximation,"There exists ψ^ (t) in bm otherpsi such that val _G(ψ^ (t) ) < 1-δ , where δ coloneq ε - frac [MASK] |V| .",d^ R + 2
2310.14160#19:bound-cloze:2,bound-cloze,2310.14160#19,2310.14160,lemma,derandomization; hardness-of-approximation,It holds that bm newmathbb E [[MASK]] leqslant r frac |F| |E| · (3 + 2frac d d-λ ).,N^2
2310.14160#23:paper-subarea:4,paper-subarea,2310.14160#23,2310.14160,theorem,derandomization; hardness-of-approximation,"For every number ε ∈ (0,1) , positive integers W, d ∈ bm newmathbb N , and number λ > 0 such that frac λ d leqslant frac ε 3 , there exists a gap-preserving reduction from up sc Gap _ 1,ε' up sc 2-CSP _W Reconfiguration xspace xspace whose underlying graph is (d,λ) -expander to up sc Gap _ 1,2-ε up sc Set Cover Reconfiguration xspace xspace , where ε' coloneq ε^2 · frac d d+λ · (1-frac 3 λ ε d ).

[MASK]",derandomization; hardness-of-approximation
2310.14160#28:bound-cloze:3,bound-cloze,2310.14160#28,2310.14160,lemma,derandomization; hardness-of-approximation,"If |V| geqslant frac [MASK] λ^2 and val _G(ψ^ ini rightsquigarrow ψ^ tar ) < ε' , then cost _ F ( C ^ ini rightsquigarrow C ^ tar ) > 2 - ε .",d^2
2310.14160#30:bound-cloze:4,bound-cloze,2310.14160#30,2310.14160,claim,derandomization; hardness-of-approximation,"If |V| geqslant frac [MASK] λ^2 , then |S^ (t) | geqslant (1-frac λ d ) · ε |V| for all t ∈ [T] .",d^2
2310.17762#1:paper-subarea:1,paper-subarea,2310.17762#1,2310.17762,theorem,circuit-complexity; derandomization,"There is a single-valued FS_2P algorithm A : when given any circuit C:{0,1}^n → {0,1}^ n+1 as input, A(C) outputs y_C such that y_C ∉ Im (C) .

[MASK]",circuit-complexity; derandomization
2310.17762#2:bound-cloze:1,bound-cloze,2310.17762#2,2310.17762,theorem,circuit-complexity; derandomization,"S_2E ⊄ i.o. - SIZE [[MASK]/n] . Moreover, this holds in every relativized world.",2^n
2310.17762#2:relation-cloze:1,relation-cloze,2310.17762#2,2310.17762,theorem,circuit-complexity; derandomization,"S_2E [MASK] i.o. - SIZE [2^n/n] . Moreover, this holds in every relativized world.",⊄
2310.17762#2:paper-subarea:2,paper-subarea,2310.17762#2,2310.17762,theorem,circuit-complexity; derandomization,"S_2E ⊄ i.o. - SIZE [2^n/n] . Moreover, this holds in every relativized world.

[MASK]",circuit-complexity; derandomization
2310.17762#3:bound-cloze:2,bound-cloze,2310.17762#3,2310.17762,corollary,circuit-complexity; derandomization,"ZPE ^ NP ⊄ i.o. - SIZE [[MASK]/n] . Moreover, this holds in every relativized world.",2^n
2310.17762#3:relation-cloze:2,relation-cloze,2310.17762#3,2310.17762,corollary,circuit-complexity; derandomization,"ZPE ^ NP [MASK] i.o. - SIZE [2^n/n] . Moreover, this holds in every relativized world.",⊄
2310.17762#3:paper-subarea:3,paper-subarea,2310.17762#3,2310.17762,corollary,circuit-complexity; derandomization,"ZPE ^ NP ⊄ i.o. - SIZE [2^n/n] . Moreover, this holds in every relativized world.

[MASK]",circuit-complexity; derandomization
2310.17762#4:bound-cloze:3,bound-cloze,2310.17762#4,2310.17762,corollary,circuit-complexity; derandomization,"Σ_2E ∩ Π_2E ⊄ i.o. - SIZE [[MASK]/n] . Moreover, this holds in every relativized world.",2^n
2310.17762#4:relation-cloze:3,relation-cloze,2310.17762#4,2310.17762,corollary,circuit-complexity; derandomization,"Σ_2E ∩ Π_2E [MASK] i.o. - SIZE [2^n/n] . Moreover, this holds in every relativized world.",⊄
2310.17762#4:paper-subarea:4,paper-subarea,2310.17762#4,2310.17762,corollary,circuit-complexity; derandomization,"Σ_2E ∩ Π_2E ⊄ i.o. - SIZE [2^n/n] . Moreover, this holds in every relativized world.

[MASK]",circuit-complexity; derandomization
2310.17762#7:bound-cloze:4,bound-cloze,2310.17762#7,2310.17762,theorem,circuit-complexity; derandomization,"The following are equivalent: Σ_2E ^A ⊄ i.o.- SIZE ^A[2^ [MASK] ] for every oracle A; for m = 2^ Ω(n) , the MissingString problem can be solved by a uniform family of size- 2^ poly (n) depth-3 AC ^0 circuits.",Ω(n)
2310.17762#7:relation-cloze:4,relation-cloze,2310.17762#7,2310.17762,theorem,circuit-complexity; derandomization,"The following are equivalent: Σ_2E ^A [MASK] i.o.- SIZE ^A[2^ Ω(n) ] for every oracle A; for m = 2^ Ω(n) , the MissingString problem can be solved by a uniform family of size- 2^ poly (n) depth-3 AC ^0 circuits.",⊄
2311.06999#5:paper-subarea:1,paper-subarea,2311.06999#5,2311.06999,theorem,quantum-complexity; query-complexity,"For any continuous function f(x):[-1,1] → [-1,1] , there is a 2-sparse Hermitian matrix A with |A| ≤ 1 and two indices i,j such that Ω(widetilde deg _ε(f)) queries to A are required in order to compute le i|f(A)|jrangle pm ε/4 .

[MASK]",quantum-complexity; query-complexity
2311.06999#6:paper-subarea:2,paper-subarea,2311.06999#6,2311.06999,theorem,quantum-complexity; query-complexity,"There is a 2-sparse Hermitian matrix A with |A| ≤ 1 and condition number κ such that Ω(κ) quantum queries are required to compute le i|A^ -1 |jrangle up to relative/additive error ε < 1/4 .

[MASK]",quantum-complexity; query-complexity
2311.06999#7:paper-subarea:3,paper-subarea,2311.06999#7,2311.06999,theorem,quantum-complexity; query-complexity,"Let A be an s -sparse Hermitian matrix with |A| ≤ 1 - δ for some δ>0 , and let f:[-1,1] → [-1,1] be a continuous function. Then for any two efficiently preparable quantum states | x rangle , | y rangle there is a quantum algorithm that computes le x|f(A)|yrangle pm ε with query complexity O( frac C ε widetilde deg _ε(f)) , where C=frac s|A|_ max δ log ( frac s|A|_ max ε widetilde deg _ε(f)) .

[MASK]",quantum-complexity; query-complexity
2311.06999#10:paper-subarea:4,paper-subarea,2311.06999#10,2311.06999,theorem,quantum-complexity; query-complexity,"Assume that widetilde deg (f)=Ω( rm polylog (N)) . Then the ``entry estimation problem"" is PromiseBQP-complete.

[MASK]",quantum-complexity; query-complexity
2311.06999#13:bound-cloze:1,bound-cloze,2311.06999#13,2311.06999,corollary,quantum-complexity; query-complexity,"Let f(x):[-1,1] → [-1,1] be a continuous function. If there is a tridiagonal matrix of the form ( ) of size n such that le 1|f(A) |nrangle > ε ( respectively le 2|f(A) |n-1rangle > ε) , then widetilde deg _ ε (f_ rm odd )= [MASK] ( respectively widetilde deg _ ε (f_ rm even )= Ω(n)) .",Ω(n)
2311.06999#14:bound-cloze:2,bound-cloze,2311.06999#14,2311.06999,proposition,quantum-complexity; query-complexity,"Let f(x) be a continuous function with the property that there exist 1 ≥ x_m>y_m>x_ m-1 >y_ m-1 > ... >x_1>y_1 >0 such that f(x_i)=1 and f(y_i)=-1 for all i . Let h(x) be a polynomial of degree at most 2m-2 and |h(x)| ≤ 1 for all x ∈ [-1,1] . Then for any ε ∈ (0,1] , we have widetilde deg _ ε (f(x)+h(x)) = [MASK] . In particular, if f(x) is a periodic function with period Θ(1/m) and there exist x,y such that f(x)=1, f(y)=-1 , then widetilde deg _ ε (f(x)+h(x)) = Ω(m) .",Ω(m)
2311.06999#25:bound-cloze:3,bound-cloze,2311.06999#25,2311.06999,lemma,quantum-complexity; query-complexity,"Assume that n=2m is even. Let A = 0 & 1 & & & 1 & 0 & 1 & & & ddots & ddots & ddots & & & 1 & 0 & 1 & & & 1 & 0 _ n × n . Then the (1,n) -th entry of A^ -1 is (-1)^ m+1 . The condition number of A is [MASK] .",Θ(n)
2311.06999#30:bound-cloze:4,bound-cloze,2311.06999#30,2311.06999,lemma,quantum-complexity; query-complexity,"Let δ, ε' ∈ (0,1/2) . Suppose A is an s -sparse matrix of dimension n with |A| ≤ 1-δ for some δ > 0 . Then there is quantum circuit that implements a (1, 4+ log n, ε') -block-encoding of A with query complexity [MASK] .",O(frac s|A|_ max δ log frac s|A|_ max ε' )
2311.10634#5:paper-subarea:1,paper-subarea,2311.10634#5,2311.10634,theorem,meta-complexity; parameterized,"theorem mainmeta Assume that the Triangle Conjecture is true. When restricted to input queries of arity at most 2 , sc Meta can be solved in time 2^ O(ell ) · |Ψ|^ poly ( log |Ψ|) , where ell is the number of conjunctive queries in the union. Moreover, sc Meta is NP -hard and the following conditional lower bounds apply: If ETH is true, then sc Meta cannot be solved in time 2^ o(ell ) . If the non-uniform ETH is true then sc Meta ∉ cap_ ε>0 DTime (2^ ε · ell ) . The lower bounds remain true even if Ψ is a union of self-join-free and acyclic conjunctive queries over a binary signature (that is, of arity 2 ).

[MASK]",meta-complexity; parameterized
2311.10634#7:bound-cloze:1,bound-cloze,2311.10634#7,2311.10634,theorem,meta-complexity; parameterized,"theorem WLone There is an algorithm that computes a [MASK] -approximation of the WL-dimension k of a quantifier-free UCQ on labelled graphs Ψ=φ_1vee ... vee φ_ell in time |Ψ|^ O(1) · O(2^ell ) . Moreover, let f: Z _ >0 → Z _ >0 be any computable function. The problem of computing an f -approximation of dim _ WL (Ψ) given an input UCQ Ψ=φ_1vee ... vee φ_ell is NP-hard, and, assuming ETH, an f -approximation of dim _ WL (Ψ) cannot be computed in time 2^ o(ell ) .",O( sqrt log k )
2311.10634#7:paper-subarea:2,paper-subarea,2311.10634#7,2311.10634,theorem,meta-complexity; parameterized,"theorem WLone There is an algorithm that computes a O( sqrt log k ) -approximation of the WL-dimension k of a quantifier-free UCQ on labelled graphs Ψ=φ_1vee ... vee φ_ell in time |Ψ|^ O(1) · O(2^ell ) . Moreover, let f: Z _ >0 → Z _ >0 be any computable function. The problem of computing an f -approximation of dim _ WL (Ψ) given an input UCQ Ψ=φ_1vee ... vee φ_ell is NP-hard, and, assuming ETH, an f -approximation of dim _ WL (Ψ) cannot be computed in time 2^ o(ell ) .

[MASK]",meta-complexity; parameterized
2311.10634#8:paper-subarea:3,paper-subarea,2311.10634#8,2311.10634,theorem,meta-complexity; parameterized,"theorem WLtwo Let k be any fixed positive integer. The problem of deciding whether the WL-dimension of a quantifier-free UCQ on labelled graphs Ψ=φ_1vee ... vee φ_ell is at most k can be solved in time |Ψ|^ O(1) · O(2^ell ) . Moreover, the problem is NP -hard and, assuming ETH, cannot be solved in time 2^ o(ell ) .

[MASK]",meta-complexity; parameterized
2311.10634#9:bound-cloze:2,bound-cloze,2311.10634#9,2311.10634,conjecture,meta-complexity; parameterized,"3 -SAT cannot be solved in time exp ([MASK]) , where n denotes the number of variables of the input formula.",o(n)
2311.10634#11:bound-cloze:3,bound-cloze,2311.10634#11,2311.10634,conjecture,meta-complexity; parameterized,There exists γ>0 such that any (randomised) algorithm in the word RAM model with [MASK] bits which decides whether a graph with n vertices and m edges contains a triangle takes time at least Ω(m^ 1+γ ) in expectation.,O( log n)
2311.10634#26:paper-subarea:4,paper-subarea,2311.10634#26,2311.10634,theorem,meta-complexity; parameterized,"There is an algorithm A with the following properties: The input of A is a UCQ Ψ and a database D . A has oracle access to the function D ' mapsto ans (Ψ → D ') . The output of A is a list with entries (( A ,X), ans (( A ,X) → D )) for each ( A ,X) in the support of c_Ψ . A runs in time f(|Ψ|) · O(| D |) for some computable function f .

[MASK]",meta-complexity; parameterized
2311.10634#27:bound-cloze:4,bound-cloze,2311.10634#27,2311.10634,corollary,meta-complexity; parameterized,"Let Ψ be a UCQ. For each d ≥ 1 , computing the function D mapsto ans (Ψ → D ) can be done in time [MASK] if and only if for each \# minimal ( A ,X) with c_Ψ( A ,X) ≠ 0 the function D mapsto ans (( A ,X) → D ) can be computed in time O( vert D vert ^d) .",O( vert D vert ^d)
2311.17019#2:paper-subarea:1,paper-subarea,2311.17019#2,2311.17019,theorem,algebraic-complexity,"VNP = VF & up if and only if & up per ≤ _ up p-homlin up sf nc e_3, VNP ⊆ overline VF & up if and only if & up per trianglelefteq _ up p-homlin up sf nc e_3, VNP ⊆ VQP & up if and only if & up per ≤ _ up qp-homlin up sf nc e_3, VNP ⊆ overline VQP & up if and only if & up per trianglelefteq _ up qp-homlin up sf nc e_3.

[MASK]",algebraic-complexity
2311.17019#3:paper-subarea:2,paper-subarea,2311.17019#3,2311.17019,theorem,algebraic-complexity,"VNP ⊆ overline V3F & up Longrightarrow & up per trianglelefteq _ up p-homlin C, VNP ⊆ overline VF & up Longleftarrow & up per trianglelefteq _ up p-homlin C, VNP ⊆ overline VQP & up if and only if & up per trianglelefteq _ up qp-homlin C.

[MASK]",algebraic-complexity
2311.17019#7:bound-cloze:1,bound-cloze,2311.17019#7,2311.17019,lemma,algebraic-complexity,"Given an arithmetic circuit of size s computing a polynomial f , then there exists an IHL arithmetic circuit of size 6s and depth 3s computing widehat f . There exists a polynomial p such that: Given any arithmetic formula of size s computing a polynomial f , then there exists an IHL arithmetic formula of size p(s) and depth [MASK] computing widehat f .",O( log (s))
2311.17019#8:paper-subarea:3,paper-subarea,2311.17019#8,2311.17019,corollary,algebraic-complexity,"VP is the set of p-families for which the IHL ^+ circuit size is polynomially bounded. VF is the set of p-families for which the IHL ^+ formula size is polynomially bounded.

[MASK]",algebraic-complexity
2311.17019#11:paper-subarea:4,paper-subarea,2311.17019#11,2311.17019,corollary,algebraic-complexity,"Fix any nonzero linear form L on the space of 3 × 3 matrices. If L is supported outside the main diagonal, then the graded p-family up sf nc e_L is VF -complete under homogeneous linear projections. If L is supported on the main diagonal, then the graded p-family up sf nc e_L is VF -complete under homogeneous linear border projections.

[MASK]",algebraic-complexity
2311.17019#13:bound-cloze:2,bound-cloze,2311.17019#13,2311.17019,proposition,algebraic-complexity,Let f be a polynomial computed by a graded IHL formula of size s over the arity 3 basis. Then there exists a graded IHL formula over the arity 3 basis of size poly (s) and depth [MASK] computing f .,O( log (s))
2401.01453#6:bound-cloze:1,bound-cloze,2401.01453#6,2401.01453,fact,quantum-complexity; structural,"Let X_1, ... , X_n be independent random variables subject to a_i ≤ X_i ≤ b_i for all i . Let X = Σ _ i=1 ^n X_i and let μ = mathop bf E [X] . Then it holds that \[ mathop bf Pr [X - μ ≥ t] ≤ exp (- frac 2[MASK] Σ _ i=1 ^n (b_i - a_i)^2 ) \] and \[ mathop bf Pr [X - μ ≤ -t] ≤ exp (- frac 2t^2 Σ _ i=1 ^n (b_i - a_i)^2 ). \]",t^2
2401.01453#23:paper-subarea:1,paper-subarea,2401.01453#23,2401.01453,theorem,quantum-complexity; structural,"For any choice of c,s such that c-s ≥ 1/ poly (n) , it holds that QEΣ_ i xspace (c,s ) = QEΣ_ i xspace (tfrac 2 3 ,tfrac 1 3 ) .

[MASK]",quantum-complexity; structural
2401.01453#28:bound-cloze:2,bound-cloze,2401.01453#28,2401.01453,lemma,quantum-complexity; structural,"For any constant k ∈ N and any classical randomized Turing Machine M accepting k length- m inputs, if \[ max _ ρ_1 ∈ D _m min _ ρ_2 ∈ D _m max _ ρ_3 ∈ D _m ... Q^k _ ρ_k ∈ D _m mathop bf Pr [M(ρ_1, ... ,ρ_k) = 1 ] = v, \] then for any constant ε>0 , \[ max _ ρ_1 ∈ U_ t_k min _ ρ_2 ∈ U_ t_ k-1 max _ ρ_3 ∈ U_ t_ k-2 ... Q^k _ ρ_k ∈ U_ t_ 1 mathop bf Pr [M(ρ_1, ... ,ρ_k)=1 ] ∈ [v - kε, v+kε] , \] where t_i coloneqq lceil [MASK] /2ε^2 rceil , U_t denotes the set of uniform distributions over multi-sets of size at most t of strings in {0,1}^m , and Q^k denotes max if k is odd and min otherwise. The complement of this result also holds (i.e., when the sequence starts with min instead of max ).",m^ 2i
2401.01633#2:paper-subarea:1,paper-subarea,2401.01633#2,2401.01633,theorem,circuit-complexity; quantum-complexity; structural,"corollary preciseKL If up Precise - QCMA ⊆ up BQP _ /up mpoly , then QCPH = QCΣ _2 .

[MASK]",circuit-complexity; quantum-complexity; structural
2401.01633#3:paper-subarea:2,paper-subarea,2401.01633#3,2401.01633,theorem,circuit-complexity; quantum-complexity; structural,"theorem QCKL up (Karp-Lipton for QCPH ) If QCMA ⊆ up BQP _ /up mpoly , then QCPH = QCΣ _2= QCΠ _2 .

[MASK]",circuit-complexity; quantum-complexity; structural
2401.01633#25:bound-cloze:1,bound-cloze,2401.01633#25,2401.01633,lemma,circuit-complexity; quantum-complexity; structural,"Consider the function families f = {f_n: { 0, 1 }^n → { 0, 1 }} , g = {g_n: { 0, 1 }^n → { 0, 1 }^ t(n) } and h = {h_n: { 0, 1 }^n → { 0, 1 }} . Let the function f^s_n(x) = braket x s bmod 2 and g, h be such that f^s_n(x) = 1 ⟺ h_ t(n) (g_n(x)) = 1 . Given a non-uniform quantum circuit family {C_n} such that {C_ t(n) } computes h_ t(n) with probability 1-1/[MASK] , there is a non-uniform circuit family {C'_n} that takes {C_ t(n) } as advice and outputs s with probability 1- sqrt 1/2^ n-4 .",2^n
2401.01633#26:paper-subarea:3,paper-subarea,2401.01633#26,2401.01633,corollary,circuit-complexity; quantum-complexity; structural,"If UQCMA ⊆ up BQP _ /up mpoly , then QCΠ _2 ⊆ QCΣ _2 , and therefore the quantum-classical polynomial hierarchy collapses to the second level.

[MASK]",circuit-complexity; quantum-complexity; structural
2401.01633#28:paper-subarea:4,paper-subarea,2401.01633#28,2401.01633,theorem,circuit-complexity; quantum-complexity; structural,"If UQCMA ⊆ up BQP _ /up mpoly , then QCPH ⊆ QCS ^p_2 .

[MASK]",circuit-complexity; quantum-complexity; structural
2401.01633#31:bound-cloze:2,bound-cloze,2401.01633#31,2401.01633,lemma,circuit-complexity; quantum-complexity; structural,"Define d=d_1 ... d_n . Consider ket φ _ BC ∈ C^ [MASK] ⊗ C^ d' for some d'>0 . Suppose max _ ket ψ := ket ψ_1 ⊗ ... ⊗ ket ψ_n ∈ C^d quad bra φ_ BC [(ketbra ψ ψ ^ ⊗ m )_B ⊗ I_C]ket φ_ BC =1-ε for ε ≥ 0 . Then, given the state ket η _ ABC :=ket ψ _A ⊗ ket φ _ BC , the APT accepts with probability at most 1-ε/2mn .",d^m
2401.06725#1:paper-subarea:1,paper-subarea,2401.06725#1,2401.06725,theorem,quantum-complexity,"theorem prodStatesHard For any fixed set of 2-qubit Hamiltonian terms S , if every matrix in S is 1-local then S mhyphen up sc prodLH xspace is in P xspace , and otherwise S mhyphen up sc prodLH xspace is NP xspace -complete.

[MASK]",quantum-complexity
2401.06725#2:paper-subarea:2,paper-subarea,2401.06725#2,2401.06725,theorem,quantum-complexity,"corollary fLHeasyProdLHeasy For any fixed set of 2-qubit Hamiltonian terms S , the problem S up sc -LH xspace is in P xspace if and only if S mhyphen up sc prodLH xspace is in P xspace .

[MASK]",quantum-complexity
2401.06725#3:paper-subarea:3,paper-subarea,2401.06725#3,2401.06725,theorem,quantum-complexity,"corollary fLHhardProdLHhard For any fixed set of 2-qubit Hamiltonian terms S , the problem S up sc -LH xspace is NP xspace -hard if and only if S mhyphen up sc prodLH xspace is NP xspace -complete.

[MASK]",quantum-complexity
2401.06725#4:paper-subarea:4,paper-subarea,2401.06725#4,2401.06725,theorem,quantum-complexity,"theorem WlinMaxCutTheorem For any fixed non-negative W= diag (α,β,γ) with at least one of α,β,γ nonzero, W up sc -linear-Max-Cut xspace is NP xspace -complete.

[MASK]",quantum-complexity
2401.12604#3:paper-subarea:1,paper-subarea,2401.12604#3,2401.12604,theorem,proof-complexity; total-search,"definition ourpigeon For any positive integer n let t(n), M(n) , and N(n) be integer parameters satisfying M > (t-1)N . The tup sc -Pigeon ^ M _ N problem is defined as follows. (n, h) , where n is given in unary and h:[M] → [N] is a map of M pigeons to N holes represented by a rm upshape poly (n) -size circuit. A t -collision in h , which is a set of t pigeons that are all assigned to the same hole by the circuit.

[MASK]",proof-complexity; total-search
2401.12604#4:bound-cloze:1,bound-cloze,2401.12604#4,2401.12604,theorem,proof-complexity; total-search,"theorem ramseyinstantiated Whenever M ≥ [MASK] /4^t , tup sc -Pigeon ^ M _ N can be black-box reduced to ramsey and its bipartite variant biramsey .",N^ 4t
2401.12604#4:paper-subarea:2,paper-subarea,2401.12604#4,2401.12604,theorem,proof-complexity; total-search,"theorem ramseyinstantiated Whenever M ≥ N^ 4t /4^t , tup sc -Pigeon ^ M _ N can be black-box reduced to ramsey and its bipartite variant biramsey .

[MASK]",proof-complexity; total-search
2401.12604#9:paper-subarea:3,paper-subarea,2401.12604#9,2401.12604,theorem,proof-complexity; total-search,"theorem pihsep If t is a constant and M, N, M', N' are parameters chosen so that M' = rm upshape poly (M) , M ≥ tN + 1 , M' ≥ (t-1)N' + 1 , then (t+1)up sc -Pigeon ^ M _ N does not have an efficient black-box reduction to tup sc -Pigeon ^ M' _ N' . In particular, (t+1) - PPP ^ dt ⊄ t - PPP ^ dt for any constant t , and so PiH ^ dt forms a strict hierarchy in the black-box setting.

[MASK]",proof-complexity; total-search
2401.12604#12:paper-subarea:4,paper-subarea,2401.12604#12,2401.12604,theorem,proof-complexity; total-search,"theorem generalLB Let a(n), b(n) be functions such that a(n) is larger than b(n) and is not polynomially close to b(n) . Let M, N, M', N' be any parameters chosen so that M' = rm upshape poly (M) , M ≥ (a(n)-1)N + 1 , M' ≥ (b(n)-1)N' + 1 . Then a(n)up sc -Pigeon ^ M _ N does not have an efficient black-box reduction to b(n)up sc -Pigeon ^ M' _ N' .

[MASK]",proof-complexity; total-search
2401.12604#26:bound-cloze:2,bound-cloze,2401.12604#26,2401.12604,definition,proof-complexity; total-search,"For this problem, the input specifies a graph on N = [MASK] vertices; the parameter K(n) is a function satisfying R(K,K) ≤ N . A pair (n,C) , where C: {0,1}^n × {0,1}^n mapsto {0,1} is a circuit of rm upshape poly (n) size. We have two kinds of solutions. One is a certificate that C is not a valid bf encoding of a simple undirected graph: u for which C(u,u)=1 (self-loops) or u,v for which C(u,v) ≠ C(v,u) (directed edge). Else, we want to find K indices V = {v_1, v_2 ... v_ K } which form a bf clique or bf independent set .",2^n
2401.12604#27:bound-cloze:3,bound-cloze,2401.12604#27,2401.12604,definition,proof-complexity; total-search,"For this problem, the input specifies a bipartite graph with N vertices on each side, where N = [MASK] ; the parameter K(n) is a function satisfying R_b(K,K) ≤ N . A pair (n,C) , where C: {0,1}^n × {0,1}^n mapsto {0,1} is a circuit of rm upshape poly (n) size. (K,K) indices U = {u_1, u_2 ... u_ K } and V = {v_1, v_2 ... v_ K } such that (U, V) forms either a bf biclique or an bf independent set .",2^n
2401.12604#43:bound-cloze:4,bound-cloze,2401.12604#43,2401.12604,lemma,proof-complexity; total-search,"Let x_1, ... , x_n be a set of variables, and let t, d be chosen so that (t-1)[MASK] ≤ n . Let F be any family of degree ≤ d conjunctions over these variables, such that for every subset S ⊆ F with | S | = t , Π _ C ∈ S C equiv 0 . If widetilde E is a degree D ≥ (t-1)d^2 pseudoexpectation operator, then widetilde E [ F ] ≤ t-1 .",d^2
2402.00791#1:bound-cloze:1,bound-cloze,2402.00791#1,2402.00791,lemma,structural,"Let i ≥ 1 , j ≥ 0 , and k ≥ 1 , be integers. Then, smash prescript i 2 ^ [MASK] ⊄ O( prescript i+j 2 ^ n^ k ) .",O( prescript j 2 ^ n^k )
2402.00791#2:bound-cloze:2,bound-cloze,2402.00791#2,2402.00791,lemma,structural,"Let i, j, k ≥ 0 be integers. Then, smash prescript i 2 ^ [MASK] ⊆ O( prescript i+j 2 ^ n^ k+1 ) .",O( prescript j 2 ^ n^k )
2402.00791#3:bound-cloze:3,bound-cloze,2402.00791#3,2402.00791,lemma,structural,"Let i, j ≥ -1 be integers, and let smash f(n) ∈ O( prescript i 2 ^ mkern -2mu mathchoice Pmkern -3.5mu ol Pmkern -3.5mu ol Pmkern -2mu ol Pmkern -2mu ol mkern +1mu ) and smash g(n) ∈ O( prescript j 2 ^ mkern -2mu mathchoice Pmkern -3.5mu ol Pmkern -3.5mu ol Pmkern -2mu ol Pmkern -2mu ol mkern +1mu ) be functions. Then, [MASK] ⊆ O( prescript max { 0,i } 2 ^ mkern -2mu mathchoice Pmkern -3.5mu ol Pmkern -3.5mu ol Pmkern -2mu ol Pmkern -2mu ol mkern +1mu ) , for integer constants c,k ≥ 1 ; O(f(n) + g(n)) ⊆ O( prescript max { i,j } 2 ^ mkern -2mu mathchoice Pmkern -3.5mu ol Pmkern -3.5mu ol Pmkern -2mu ol Pmkern -2mu ol mkern +1mu ) ; O(f(n) · g(n)) ⊆ O( prescript max { 0,i,j } 2 ^ mkern -2mu mathchoice Pmkern -3.5mu ol Pmkern -3.5mu ol Pmkern -2mu ol Pmkern -2mu ol mkern +1mu ) ; O( f(n) ^ g(n) ) ⊆ O( prescript max { 1,i,j+1 } 2 ^ mkern -2mu mathchoice Pmkern -3.5mu ol Pmkern -3.5mu ol Pmkern -2mu ol Pmkern -2mu ol mkern +1mu ) ; and O(f(g(n))) ⊆ O( prescript max { i,i+j } 2 ^ mkern -2mu mathchoice Pmkern -3.5mu ol Pmkern -3.5mu ol Pmkern -2mu ol Pmkern -2mu ol mkern +1mu ) (by which, for i,j ≥ 0 , it holds prescript i 2 ^ O( prescript j 2 ^ mkern -2mu mathchoice Pmkern -3.5mu ol Pmkern -3.5mu ol Pmkern -2mu ol Pmkern -2mu ol mkern +1mu ) ⊆ O( prescript i+j 2 ^ mkern -2mu mathchoice Pmkern -3.5mu ol Pmkern -3.5mu ol Pmkern -2mu ol Pmkern -2mu ol mkern +1mu ) ).",O(c · f(n) ^k)
2402.00791#8:bound-cloze:4,bound-cloze,2402.00791#8,2402.00791,lemma,structural,"Let fcolon N → N be a timenbdash -constructible time (resp., a spacenbdash -constructible space) function, and let A be a language. If D ⊆ Σ^* × N is a Hausdorff predicate decidable in (non)deterministic f(n) time (resp., space), possibly with the aid of an oracle for A , then D is ([MASK] - 1) nbdash -long.",2^ f(n)
2402.00791#12:paper-subarea:1,paper-subarea,2402.00791#12,2402.00791,corollary,structural,"Let i ≥ 0 be an integer and let D be a complexity class. Then, normal normal hbox medmuskip =0mu i sc Exp xspace ^ D ifthenelse equal empty empty empty [empty ] xspace ( hbox medmuskip =0mu ast ) & = normal normal hbox medmuskip =0mu i sc Exp xspace ^ D ifthenelse equal empty empty empty [empty ] xspace normal normal hbox medmuskip =0mu i sc ExpSpace xspace ^ D ifthenelse equal empty empty empty [empty ] xspace ( hbox medmuskip =0mu ast ) & = normal normal hbox medmuskip =0mu i sc ExpSpace xspace ^ D ifthenelse equal empty empty empty [empty ] xspace .

[MASK]",structural
2402.00791#14:paper-subarea:2,paper-subarea,2402.00791#14,2402.00791,corollary,structural,"Let i ≥ 0 be an integer, let D be a complexity class, and let g and h be two Hausdorff length functions such that g(n) ≤ h(n) for all n ≥ 1 . Then, \[ normal normal N hbox medmuskip =0mu i sc Exp xspace ^ D ifthenelse equal empty empty empty [empty ] xspace ( hbox medmuskip =0mu g(n) ) ⊆ normal normal N hbox medmuskip =0mu i sc Exp xspace ^ D ifthenelse equal empty empty empty [empty ] xspace ( hbox medmuskip =0mu h(n) ). \]

[MASK]",structural
2402.00791#16:paper-subarea:3,paper-subarea,2402.00791#16,2402.00791,corollary,structural,"Let i ≥ 0 be an integer and let D be a complexity class. Then, \[ normal normal N hbox medmuskip =0mu i sc Exp xspace ^ D ifthenelse equal empty empty empty [empty ] xspace ( hbox medmuskip =0mu ast ) = normal normal N hbox medmuskip =0mu i sc Exp xspace ^ D ifthenelse equal empty empty empty [empty ] xspace ( hbox medmuskip =0mu prescript i+1 2 ^ mkern -2mu mathchoice Pmkern -3.5mu ol Pmkern -3.5mu ol Pmkern -2mu ol Pmkern -2mu ol mkern +1mu ). \]

[MASK]",structural
2402.00791#17:paper-subarea:4,paper-subarea,2402.00791#17,2402.00791,theorem,structural,"Let i,j,k ≥ 0 be integers with k ≤ i+j . Then, for all integers c ≥ 0 , \[normal normal hbox medmuskip =0mu i sc Exp xspace ^ normal normal hbox medmuskip =0mu j sc Exp xspace ^ normal Σ^ P _ c xspace ifthenelse equal empty empty empty [empty ] xspace ifthenelse equal empty empty empty [empty ] xspace ⊆ normal normal hbox medmuskip =0mu (i+j) sc Exp xspace ^ normal Σ^ P _ c xspace ifthenelse equal empty empty empty [empty ] xspace ⊆ normal normal hbox medmuskip =0mu k sc Exp xspace ^ normal normal hbox medmuskip =0mu (i+j-k) sc Exp xspace ^ normal Σ^ P _ c xspace ifthenelse equal empty empty empty [empty ] xspace ifthenelse equal 1 empty empty [1] xspace .\]

[MASK]",structural
2403.03933#1:bound-cloze:1,bound-cloze,2403.03933#1,2403.03933,theorem,proof-complexity,"For any n >0 , there exists a CNF tautology over [MASK] variables of width O( log n) which has PCR proofs of size O(n^3polylog (n)) over {0,1} but requires PC proofs of size 2^ Ω(n) over {+1,-1} .",O(n^2)
2403.03933#1:paper-subarea:1,paper-subarea,2403.03933#1,2403.03933,theorem,proof-complexity,"For any n >0 , there exists a CNF tautology over O(n^2) variables of width O( log n) which has PCR proofs of size O(n^3polylog (n)) over {0,1} but requires PC proofs of size 2^ Ω(n) over {+1,-1} .

[MASK]",proof-complexity
2403.03933#10:bound-cloze:2,bound-cloze,2403.03933#10,2403.03933,definition,proof-complexity,"Suppose that we have a set A of n elements. Let x_ ij , i,j ∈ [n], i ≠ j denote Boolean variables encoding a total order on the elements in A where x_ ij = 1 if and only if element i is ordered before element j . Then the unsatisfiable formula LOP_n is the following set of [MASK] clauses over O(n^2) variables, which states that there exists an ordering with no minimum element. vee_ i ≠ j x_ ij ∀ j bar x _ ij vee bar x _ jk vee x_ ik ∀ i,j,k bar x _ ij vee bar x _ ji ∀ i,j",O(n^3)
2403.03933#11:bound-cloze:3,bound-cloze,2403.03933#11,2403.03933,lemma,proof-complexity,"The formula LOP_n has resolution refutations of size [MASK] , where each clause in the refutation has at most two negative literals.",O(n^3)
2403.03933#17:bound-cloze:4,bound-cloze,2403.03933#17,2403.03933,definition,proof-complexity,"The tautology BOP_[MASK] is obtained from BOP_n by replacing each variable y_ jk by (z_ jk1 vee z_ jk2 ) wedge (z_ jk3 vee z_ jk4 ) for fresh variables z_ jk1 , ... , z_ jk4 , and replacing each variable x_ ij by w_ ij1 vee w_ ij2 for fresh variables w_ ij1 ,w_ ij2 . We define the graph variables that belong to the index j as w_ ijell for all i,ell and the gadget variables that belong to the index j as z_ jkell for all k,ell .",n^ lift
2403.03933#20:paper-subarea:2,paper-subarea,2403.03933#20,2403.03933,theorem,proof-complexity,"For any n > 0 and ell > 10 log n , any refutation of BOP^ vee _ ell ,n in PC over pm 1 requires size 2^ Ω(n)

[MASK]",proof-complexity
2403.06704#1:paper-subarea:1,paper-subarea,2403.06704#1,2403.06704,theorem,proof-complexity,"For any relational structure A such that CSP( A ) is in P : Theory W_1^1 proves the soundness of Zhuk's algorithm. That is, the theory proves the formula Reject_ A ( X ,W) ⇒ ¬ HOM( X , A ) . There exists a p -time algorithm F such that for any unsatisfiable instance X , i.e. such that ¬ HOM( X , A ) , the output F( X ) of F on X is a propositional proof of the proposition translation of formula ¬ HOM( X , A ) in propositional calculus G .

[MASK]",proof-complexity
2403.06704#7:paper-subarea:2,paper-subarea,2403.06704#7,2403.06704,theorem,proof-complexity,"Suppose that φ(bar x ,bar X ) is a Σ_ ∞ ^ 1,b formula such that W^1_1 vdash φ(bar x ,bar X ) . Then the propositional family ||φ(bar x ,bar X )|| has quantified propositional calculus proofs of polynomial size. That is, there is a polynomial p(bar m ,bar n ) such that for all 1 ≤ bar m ,bar n ∈ N , φ(bar x ,bar X )[bar m ,bar n ] has a G -proof of size at most p(bar m ,bar n ) . Furthermore, there is an algorithm that finds a G -proof of φ(bar x ,bar X )[bar m ,bar n ] in time bounded by a polynomial in (bar m ,bar n ) .

[MASK]",proof-complexity
2403.06704#11:paper-subarea:3,paper-subarea,2403.06704#11,2403.06704,theorem,proof-complexity,"Suppose Γ is a finite set of relations on a set A . Then CSP( Γ ) can be solved in polynomial time if there exists a WNU operation Ω on A preserving Γ ; CSP( Γ ) is NP-complete otherwise.

[MASK]",proof-complexity
2403.06704#20:paper-subarea:4,paper-subarea,2403.06704#20,2403.06704,theorem,proof-complexity,"Suppose Θ is a cycle-consistent irreducible CSP instance, and B is a non-trivial binary absorbing subuniverse of D_i . Then Θ has a solution if and only if Θ has a solution with x_i ∈ B .

[MASK]",proof-complexity
2403.06704#42:bound-cloze:1,bound-cloze,2403.06704#42,2403.06704,definition,proof-complexity,"We say that an instance Θ is a tree-formula if there is no path z_1 - C_1 - z_2 - ... - z_ l-1 - C_l - z_l such that l ≤ 3 , z_1=z_l , and all the constraints C_1,C_2,...,C_l are different. Since in our setting for any i,j<n we suppose that there is only one constraint relation E^ ij _ ddot A (we can do this because we have any intersection of any invariant relations in our list Γ_ A ), an instance Θ=( X ,ddot A ) is a tree-formula if it does not contain cycles. It can be expressed by the following Π^ 1,b _1 -formula: TreeInst( X , ddot A ) ⟺ ∀ t<[MASK], ∀ V_ C _t =t, ∀ E_ C _t ≤ 4t^2, ∀ H<le t,n rangle , CYCLE(V_ C _t ,E_ C _t )wedge HOM ( C _t, X ,H) → ∃ i_1 ≠ j_1<t, ∃ i_2 ≠ j_2<t, ∃ k_1,k_2<n, E_ C _t (i_1,i_2)wedge E_ C _t (j_1,j_2)wedge H(i_1,k_1)wedge H(i_2,k_2)wedge H(j_1,k_1)wedge H(j_2,k_2). That is, for any cycle C _t , any homomorphism from C _t to X must glue at least two different edges of C _t .",n^2
2403.06704#60:bound-cloze:2,bound-cloze,2403.06704#60,2403.06704,lemma,proof-complexity,"Suppose that mathscr R _ Θ is defined by a pp -formula [MASK] and Θ' is obtained from Θ by replacing some constraint relations ρ_1,...,ρ_s by constraint relations ρ'_1,...,ρ'_s such that ρ_k' absorbs ρ_k with a term operation T for every k . Then V^0 proves that the relation mathscr R _ Θ' defined by Θ'(x_0,...,x_ n-1 ) absorbs mathscr R _ Θ with the term operation T .","Θ(x_0,...,x_ n-1 )"
2403.06704#66:bound-cloze:3,bound-cloze,2403.06704#66,2403.06704,lemma,proof-complexity,"Suppose mathscr R _ Θ is defined by a pp -formula [MASK] and Θ' is obtained from Θ by replacement of some constraint relations ρ_1,...,ρ_s by constraint relations ρ'_1,...,ρ'_s such that ρ_k' is a central subuniverse for ρ_k with a term operation S for every k . Then V^1 proves that the relation mathscr R _ Θ' defined by Θ'(x_0,...,x_ n-1 ) is a central subuniverse for mathscr R _ Θ with the term operation S .","Θ(x_0,..., x_ n-1 )"
2404.08870#1:paper-subarea:1,paper-subarea,2404.08870#1,2404.08870,theorem,derandomization; fine-grained; hardness-of-approximation; parameterized,"Assume ETH. For any constant ε >0 and any computable function f(k) , any algorithm that approximates sc k -Clique within an ε ratio must take runtime f(k)n^ k^ 1-o(1) .

[MASK]",derandomization; fine-grained; hardness-of-approximation; parameterized
2404.08870#2:bound-cloze:1,bound-cloze,2404.08870#2,2404.08870,theorem,derandomization; fine-grained; hardness-of-approximation; parameterized,"Assume ETH. For some constant ε ∈ (0,1) , for any computable function f(k) , every algorithm that takes as input a satisfiable parameterized 2CSP instance with k variables, [MASK] constraints and size- n alphabet finds an assignment satisfying 1-ε fraction of the constraints, must take f(k)n^ k^ 1-o(1) time.",O(k)
2404.08870#2:paper-subarea:2,paper-subarea,2404.08870#2,2404.08870,theorem,derandomization; fine-grained; hardness-of-approximation; parameterized,"Assume ETH. For some constant ε ∈ (0,1) , for any computable function f(k) , every algorithm that takes as input a satisfiable parameterized 2CSP instance with k variables, O(k) constraints and size- n alphabet finds an assignment satisfying 1-ε fraction of the constraints, must take f(k)n^ k^ 1-o(1) time.

[MASK]",derandomization; fine-grained; hardness-of-approximation; parameterized
2404.08870#3:bound-cloze:2,bound-cloze,2404.08870#3,2404.08870,corollary,derandomization; fine-grained; hardness-of-approximation; parameterized,"Assume ETH. For any computable function f(k) and any constant ε ∈ (0,1) , every algorithm that takes as input a satisfiable parameterized 2CSP instance with k variables, [MASK] constraints and size- n alphabet finds an assignment satisfying 1-ε fraction of the constraints, must take f(k)n^ k^ Ω (1/ log (1/ε) ) time.",O(k)
2404.08870#3:paper-subarea:3,paper-subarea,2404.08870#3,2404.08870,corollary,derandomization; fine-grained; hardness-of-approximation; parameterized,"Assume ETH. For any computable function f(k) and any constant ε ∈ (0,1) , every algorithm that takes as input a satisfiable parameterized 2CSP instance with k variables, O(k) constraints and size- n alphabet finds an assignment satisfying 1-ε fraction of the constraints, must take f(k)n^ k^ Ω (1/ log (1/ε) ) time.

[MASK]",derandomization; fine-grained; hardness-of-approximation; parameterized
2404.08870#4:paper-subarea:4,paper-subarea,2404.08870#4,2404.08870,theorem,derandomization; fine-grained; hardness-of-approximation; parameterized,"Assume ETH. There exists some constant ρ ≥ 1 , such that for any computable function f(k) , any algorithm deciding (k, ρ · k) - sc ExactCover must take runtime f(k)| S |^ k^ 1-o(1) .

[MASK]",derandomization; fine-grained; hardness-of-approximation; parameterized
2404.08870#5:bound-cloze:3,bound-cloze,2404.08870#5,2404.08870,proposition,derandomization; fine-grained; hardness-of-approximation; parameterized,"Assume ETH. For any constant ρ ≥ 1 and computable function f(k) , any algorithm deciding (k, ρ · k) - sc ExactCover must take runtime f(k)| S |^ k^ [MASK] .",Ω(1/ log (ρ) )
2404.08870#20:bound-cloze:4,bound-cloze,2404.08870#20,2404.08870,theorem,derandomization; fine-grained; hardness-of-approximation; parameterized,"There exists an absolute constant 0<δ_star ≤ 2^ -100 such that sc CktVal has an ( O(1), log |w| + [MASK], δ_star , frac 12, {0,1} ) -PCPP verifier P _ sf ckt , where |w| is the input length of sc CktVal .",O( log ^ 0.1 |w|)
2405.10774#1:paper-subarea:1,paper-subarea,2405.10774#1,2405.10774,theorem,descriptive-logic; hardness-of-approximation,"Let B be a finite relational structure then: kl single choice holds in Pol ( B ) and CSP ( B ) is NP-complete, or kl single choice fails in Pol ( B ) and CSP ( B ) is tractable.

[MASK]",descriptive-logic; hardness-of-approximation
2405.10774#2:paper-subarea:2,paper-subarea,2405.10774#2,2405.10774,theorem,descriptive-logic; hardness-of-approximation,"Let ( A , B ) be a Boolean PCSP kl (PCSP) template . If Pol ( A , B ) consists of some linear threshold functions, then PCSP ( A , B ) is NP-hard or solvable in polynomial time.

[MASK]",descriptive-logic; hardness-of-approximation
2405.10774#9:paper-subarea:3,paper-subarea,2405.10774#9,2405.10774,theorem,descriptive-logic; hardness-of-approximation,"Let ( A , B ) be a PCSP kl (PCSP) template . If the kl injective layered condition holds in Pol ( A , B ) then PCSP ( A , B ) (in the decision version) is NP-hard.

[MASK]",descriptive-logic; hardness-of-approximation
2405.10774#10:paper-subarea:4,paper-subarea,2405.10774#10,2405.10774,theorem,descriptive-logic; hardness-of-approximation,"Let ( A , B ) be Boolean kl (PCSP) template such that Pol ( A , B ) ⊆ TheMinion , then: PCondition holds for Pol ( A , B ) and PCSP ( A , B ) is solvable in polynomial time, or PCondition fails in Pol ( A , B ) and PCSP ( A , B ) is NP-hard. In the first case constant, MIN , MAX , AT , or THR t (for some real number t ), or their kl negated counterparts, are included in Pol ( A , B ) .

[MASK]",descriptive-logic; hardness-of-approximation
2409.04549#2:paper-subarea:1,paper-subarea,2409.04549#2,2409.04549,theorem,derandomization,"For infinitely many N and all constant 0 < δ ≤ 0.99 , there exists an explicit, biregular, two-sided (K_ L , ε_L = 0.01, K_ R , ε_ R = 0.01) lossless expander Γ_ shortrightarrow : [N] × [D_L] → [M] where D_L = poly ( log N) , N^ 1.01δ - o(1) ≤ M ≤ D_L · N^ 1.01 δ , K_ L = N^ δ , and K_ R = min (O(M / D_L), O(N / (MD_L)) ) . On the other hand, for every such graph, there exists a set S ⊆ R , vertS vert = O(K_R) , on the right side which has less than 1/2 · D_R · vertS vert neighbors on the left.

[MASK]",derandomization
2409.04549#3:paper-subarea:2,paper-subarea,2409.04549#3,2409.04549,theorem,derandomization,"For infinitely many N and all constant 0 < δ < 0.99 , there exists an explicit regular (K, ε = 0.01) lossless expander G = (V, E) where |V| = N , the degree is D where N^ 1 - 1.01δ ≤ D ≤ N^ 1 - 1.01δ + o(1) and K = min (N^ δ , N^ 1 - 1.01δ - o(1) ) . Furthermore, G with one vertex is removed, is endowed with a free group action from the multiplicative group F _q , where q= poly ( log N) .

[MASK]",derandomization
2409.04549#4:bound-cloze:1,bound-cloze,2409.04549#4,2409.04549,theorem,derandomization,"For every field F _q and n, s ∈ N with 15 ≤ (s+1) < n < char( F _q) , and any δ>0 , there exists an explicit bipartite graph G = (Lsqcup R, E) with L = F _q^n, R = F _q^ s+2 with left degree d_L=q and right degree d_R= q^ n - (s+1) such that G is a two-sided (K_L, A_L, K_R, A_R) expander where K_L=[MASK] , A_L = q - n(s+2) , K_R=δ q^ min (s+1, n - (s+1)) , A_R = (1 - O (δ · (q-1)/(q) ) )q^ n - (s+1) .",Ω(q^ s+1 )
2409.04549#4:paper-subarea:3,paper-subarea,2409.04549#4,2409.04549,theorem,derandomization,"For every field F _q and n, s ∈ N with 15 ≤ (s+1) < n < char( F _q) , and any δ>0 , there exists an explicit bipartite graph G = (Lsqcup R, E) with L = F _q^n, R = F _q^ s+2 with left degree d_L=q and right degree d_R= q^ n - (s+1) such that G is a two-sided (K_L, A_L, K_R, A_R) expander where K_L=Ω(q^ s+1 ) , A_L = q - n(s+2) , K_R=δ q^ min (s+1, n - (s+1)) , A_R = (1 - O (δ · (q-1)/(q) ) )q^ n - (s+1) .

[MASK]",derandomization
2409.04549#6:paper-subarea:4,paper-subarea,2409.04549#6,2409.04549,theorem,derandomization,"The KT graph G is a right (K_R,A_R) -lossless expander where K_R=δ min ( vertR vert , vertL vert / vertR vert ) , ε_R=O(δ · (q-1)/(q)) for arbitrary 0 < δ < 1 . In other words, for any subset T ⊆ R , vertT vert ≤ K_R , T has at least (1-ε_R)d_R|T| neighbors on the left.

[MASK]",derandomization
2409.04549#35:bound-cloze:2,bound-cloze,2409.04549#35,2409.04549,theorem,derandomization,"For infinitely many N and all 0 < δ < 0.99 , there exists an explicit biregular two-sided (K_ L , ε_L = 0.01, K_ R , ε_ R = 0.01) lossless expander Γ_ shortrightarrow : [N] × [D_L] → [M] where D_L ≤ [MASK] , N^ 1.01 · δ - o(1) ≤ M ≤ D_L · N^ 1.01 · δ , K_ L = N^ δ , K_ R = (1)/(50) · (1 / D_L) · min (M, N / M) .",O( log ^ 204 (N))
2409.04549#36:bound-cloze:3,bound-cloze,2409.04549#36,2409.04549,lemma,derandomization,"Let α, ε_L, ε_R ∈ (0, 1) and K_ R , n, k_L, q ∈ N be such that q is a prime number, frac h^ 1+α 2 ≤ q ≤ h^ 1+α where h = (4nk_L/ε_L)^ 1/α and such that both (4)/(k_L) log (2n/ε_L) ≤ α and k_L(1+α) ≤ n . Then, there exists an explicit biregular (K_ L , ε_L, K_ R , ε_ R ) two-sided lossless expander Γ_ shortrightarrow : [N] × [D_L] → [M] where N = q^n, K_ L = q^ k_L , K_ L ^ 1+α - 1 / log (h) ≤ M ≤ D_L · K_ L ^ 1+α , D_L ≤ [MASK]^ 1 + 1/α + o(1) , frac K_ R q^ min (s+2, n-s) · (q-1)/(2) ≤ ε_R where s+2 = lceil k_L / log _q(h) rceil .",O( log (N) log (K_ L ) / ε_L)
2409.07285#13:bound-cloze:1,bound-cloze,2409.07285#13,2409.07285,definition,descriptive-logic,"A fractional operation ω ∈ mathscr F _A^ (ell ) improves a valued relation R ∈ mathscr R ^ (k) _A if for all [MASK], ... ,t^ ell ∈ A^k E := E_ω[f mapsto R(f(t^1, ... ,t^ ell ))] exists, and quad E ≤ frac 1 ell Σ _ j = 1 ^ ell R(t^j).",t^1
2409.07285#17:paper-subarea:1,paper-subarea,2409.07285#17,2409.07285,theorem,descriptive-logic,"Let A be a valued structure over a finite signature such that Aut (Q;<) ⊆ Aut ( A ) . Then VCSP ( A ) is in NP.

[MASK]",descriptive-logic
2409.07285#23:paper-subarea:2,paper-subarea,2409.07285#23,2409.07285,theorem,descriptive-logic,"If A is a relational structure such that Aut ( A ) = Sym (Q) , then exactly one of the following cases applies. const ∈ Pol ( A ) or inj ∈ Pol ( A ) . In this case, for every reduct A ' of A with a finite signature, CSP ( A ') is in P. The relation Dis has a primitive positive definition in A . In this case, A pp-constructs K_3 and A has a reduct A ' with a finite signature such that CSP ( A ') is NP-complete.

[MASK]",descriptive-logic
2409.07285#28:paper-subarea:3,paper-subarea,2409.07285#28,2409.07285,theorem,descriptive-logic,"Let A be a valued structure with a countably infinite domain Q over a finite relational signature such that Aut ( A ) = Sym (Q). Then exactly one of the following two cases applies. ( ≠ )_0^ ∞ ∈ le A rangle and Dis ∈ le A rangle . In this case, A pp-constructs K_3 , and VCSP ( A ) is NP-complete. const ∈ fPol ( A ) or inj ∈ fPol ( A ) . In both of these cases, VCSP ( A ) is in P.

[MASK]",descriptive-logic
2409.07285#39:paper-subarea:4,paper-subarea,2409.07285#39,2409.07285,theorem,descriptive-logic,"Let A be a relational structure with Aut (Q; <) ⊆ Aut ( A ) . Then exactly one of the following is true. At least one of the operations const , min , mx , mi , ll , or one of their duals lies in Pol ( A ) . In this case, for every reduct A ' of A with a finite signature, CSP ( A ') is P. A primitively positively defines one of the relations Betw , Cycl , Sep , T_3 , -T_3 , or Dis . In this case, A has a reduct A ' with a finite signature such that CSP ( A ') is NP-complete. Moreover, if A has a finite signature, then it is decidable whether item 1 or item 2 holds.

[MASK]",descriptive-logic
2410.11557#5:paper-subarea:1,paper-subarea,2410.11557#5,2410.11557,theorem,counting-complexity,"Suppose F is a finite set of sf EO signatures with arity less or equal than 4. Then \#sf EO ( F ) is either polynomial time computable or \#P-hard. The classification criterion is explicit.

[MASK]",counting-complexity
2410.11557#6:paper-subarea:2,paper-subarea,2410.11557#6,2410.11557,theorem,counting-complexity,"Suppose F is a finite set of pure-up (pure-down) sf EO signatures. Then \#sf EO ( F ) is either polynomial time computable or \#P-hard. The classification criterion is explicit.

[MASK]",counting-complexity
2410.11557#16:paper-subarea:3,paper-subarea,2410.11557#16,2410.11557,theorem,counting-complexity,"Suppose F is a finite set of signatures mapping Boolean inputs to complex numbers. If F ⊆ mathscr A or F ⊆ mathscr P , then \#sf CSP ( F ) is computable in polynomial time. Otherwise, \#sf CSP ( F ) is \#P-hard.

[MASK]",counting-complexity
2410.11557#19:paper-subarea:4,paper-subarea,2410.11557#19,2410.11557,theorem,counting-complexity,"Let f be a quaternary sf EO signature, then sf Holant ( ≠ _2mid f) is \#P-hard except for the following cases: a. f ∈ mathscr P (equivalently, f ∈ sf EO ^ M and τ(f) ⊆ mathscr P ); b. f ∈ mathscr A (equivalently, f ∈ sf EO ^ M and τ(f) ⊆ mathscr A ); c. f ∈ mathscr M ⊗ Δ_1 ; d. f ∈ widetilde mathscr M ⊗ Δ_0 ; in which cases sf Holant ( ≠ _2mid f) is computable in polynomial time.

[MASK]",counting-complexity
2410.11557#27:bound-cloze:1,bound-cloze,2410.11557#27,2410.11557,lemma,counting-complexity,"Suppose f ∈ mathscr P is a non-trivial sf EO signature of arity 4. Then one of the following statements holds up to variable reordering: i. f ∈ mathscr P _1 , and f=λΔ_0^ ⊗ 2 ⊗ Δ_1^ ⊗ 2 ,λ ≠ 0 . ii. f ∈ mathscr P _2 , and either (1) or (2) holds. (1) f=Δ_0 ⊗ Δ_1 ⊗ ≠ _2^ a,b ,ab ≠ 0 . (2) f=( ≠ _4^ a,b ), ab ≠ 0. iii. f ∈ mathscr P _4 , and f=( ≠ _2^ a,b ⊗ ≠ _[MASK] ), abcd ≠ 0 .","2^ c,d"
2410.20935#2:paper-subarea:1,paper-subarea,2410.20935#2,2410.20935,theorem,counting-complexity; quantum-complexity; structural,"If P^ \# P =BPP_ parallel ^ NP then P^ \# P =ZPP^ NP .

[MASK]",counting-complexity; quantum-complexity; structural
2410.20935#4:bound-cloze:1,bound-cloze,2410.20935#4,2410.20935,lemma,counting-complexity; quantum-complexity; structural,"If function f is non-adaptively k(n) random-reducible to g then for all t(n) , f is non-adaptively 24t(n)k(n) random-reducible to g where condition (1) holds for at least 1-[MASK] of the r's in {0,1}^ 24t(n)k(n) .",2^ -t(n)
2410.20935#6:paper-subarea:2,paper-subarea,2410.20935#6,2410.20935,theorem,counting-complexity; quantum-complexity; structural,"If P^ \# P = BPP_ parallel ^ NP then P^ \# P is random reducible to NP .

[MASK]",counting-complexity; quantum-complexity; structural
2410.20935#8:bound-cloze:2,bound-cloze,2410.20935#8,2410.20935,lemma,counting-complexity; quantum-complexity; structural,"For all L in BPP^ NP _ parallel there exists polynomial time computable functions σ_ B , φ_ B such that Pr _ r ( L(x)=φ_ B (x,r, SAT (σ_ B (1,x,r)), ... , SAT (σ_ B (m, x, r))) ) ≥ 1-[MASK] .",2^ -n
2410.20935#10:paper-subarea:3,paper-subarea,2410.20935#10,2410.20935,theorem,counting-complexity; quantum-complexity; structural,"Any language that is random-reducible to a language in NP is also in coNP/poly ∩ NP/poly .

[MASK]",counting-complexity; quantum-complexity; structural
2410.20935#11:paper-subarea:4,paper-subarea,2410.20935#11,2410.20935,theorem,counting-complexity; quantum-complexity; structural,"Checkable sets in NP/poly ∩ coNP/poly are low for Σ_2^P .

[MASK]",counting-complexity; quantum-complexity; structural
2410.20935#20:bound-cloze:3,bound-cloze,2410.20935#20,2410.20935,lemma,counting-complexity; quantum-complexity; structural,"Given a Boolean function f:{0,1}^n → {0,1} and a post selection criteria h:{0,1}^n → {0,1} let p=Pr _ x ∈ {0,1}^n [f(x)=1| h(x)=1] =frac Σ _ x ∈ { 0 ,1 }^n f(x)h(x) Σ _ x ∈ { 0 ,1 }^n h(x) . Then for all g ≥ 1+ (1)/([MASK]) , there exists an FBPP_ parallel ^ NP^ f,h machine that approximates p to within a multiplicative factor of g.",poly(n)
2410.20935#21:bound-cloze:4,bound-cloze,2410.20935#21,2410.20935,lemma,counting-complexity; quantum-complexity; structural,"Given a Boolean function f:{0,1}^n → {0,1} , let p=Pr _ x ∈ {0,1}^n [f(x)=1]=(1)/(2^n) Σ _ x ∈ { 0 ,1 }^n f(x). Then for all g ≥ 1+ (1)/([MASK]) , there exists an FBPP_ parallel ^ NP^f machine that approximates p to within a multiplicative factor of g.",poly(n)
2410.23958#1:paper-subarea:1,paper-subarea,2410.23958#1,2410.23958,theorem,interactive-proofs; quantum-complexity; space-complexity,"normal sf NP xspace = texorpdfstring normal sf QIPL superscript normal HC xspace ⊆ normal sf QIPL xspace .

[MASK]",interactive-proofs; quantum-complexity; space-complexity
2410.23958#2:paper-subarea:2,paper-subarea,2410.23958#2,2410.23958,theorem,interactive-proofs; quantum-complexity; space-complexity,"The following holds : \[normal sf SAC xspace ^1 ∪ normal sf BQL xspace ⊆ texorpdfstring normal sf QIP subscript normal U sf L xspace ⊆ ∪ _ c(n)-s(n) ≥ 1/ poly (n) normal sf QIPL xspace _ O(1) [c,s] ⊆ normal sf P xspace .\]

[MASK]",interactive-proofs; quantum-complexity; space-complexity
2410.23958#3:paper-subarea:3,paper-subarea,2410.23958#3,2410.23958,theorem,interactive-proofs; quantum-complexity; space-complexity,"For any c(n)-s(n) ≥ Ω(1) , normal sf QIPL xspace _ O(1) [c,s] ⊆ normal sf NC xspace .

[MASK]",interactive-proofs; quantum-complexity; space-complexity
2410.23958#4:paper-subarea:4,paper-subarea,2410.23958#4,2410.23958,theorem,interactive-proofs; quantum-complexity; space-complexity,"texorpdfstring normal sf QSZK subscript normal U sf L xspace = texorpdfstring normal sf QSZK subscript normal U sf L subscript normal HV xspace = normal sf BQL xspace .

[MASK]",interactive-proofs; quantum-complexity; space-complexity
2410.23958#5:bound-cloze:1,bound-cloze,2410.23958#5,2410.23958,theorem,interactive-proofs; quantum-complexity; space-complexity,"Let c(n) , s(n) , and m(n) be functions such that 0 ≤ s(n) < c(n) ≤ 1 , c(n)-s(n) ≥ 1/ poly (n) , and 1 ≤ m(n) ≤ poly (n) . Then, it holds that : bf Closure under perfect completeness . \[ normal sf QIPL xspace _m[c,s] ⊆ normal sf QIPL xspace _ m+2 [1,1-(c-s)^2/2] and texorpdfstring normal sf QIP subscript normal U sf L xspace _m[c,s] ⊆ texorpdfstring normal sf QIP subscript normal U sf L xspace _ m+2 [1,1-(c-s)^2/2]. \] bf Error reduction . For any polynomial k(n) , \[ normal sf QIPL xspace _m[c,s] ⊆ normal sf QIPL xspace _ m' [1,[MASK] ] and texorpdfstring normal sf QIP subscript normal U sf L xspace _m[c,s] ⊆ texorpdfstring normal sf QIP subscript normal U sf L xspace _ m' [1,2^ -k ].\] Here, m' coloneqq O (km/ log frac 1 1-(c-s)^2/2 ) . bf Parallelization . texorpdfstring normal sf QIP subscript normal U sf L xspace _ 4m+1 [1,s] ⊆ texorpdfstring normal sf QIP subscript normal U sf L xspace _ 2m+1 [1,(1+ sqrt s )/2] .",2^ -k
2410.23958#14:bound-cloze:2,bound-cloze,2410.23958#14,2410.23958,definition,interactive-proofs; quantum-complexity; space-complexity,"Let us define three types of quantum circuits: bf Unitary quantum circuit . A unitary quantum circuit consists of a sequence of unitary quantum gates, each of which belongs to some fixed gate set that is universal for quantum computation, such as {normal sc H xspace , normal sc CNOT xspace , normal sc T xspace } . bf Almost-unitary quantum circuit . An almost-unitary quantum circuit generalizes a unitary quantum circuit acting on [MASK] qubits by allowing O(s(n)) single-qubit measurement gates normal sc M xspace in the computational basis, which are defined by a pinching channel : See Section 4.1.1 (particularly Definition 4.4) in for further details. This type of channel, also referred to as a completely phase-damping channel, is discussed in . \[Φ^ normal sc M xspace (ρ) coloneqq ket 0 bra 0 Tr rbra * M_0 ρ + ket 1 bra 1 Tr rbra * M_1 ρ , where M_b coloneqq ket b bra b for b ∈ {0,1}.\] bf Isometric quantum circuit . An isometric quantum circuit extends a unitary quantum circuit acting on O(s(n)) qubits by allowing O(s(n)) ancillary gates. An ancillary gate is a non-unitary gate that takes no input and produces a single qubit in the state ket 0 as output. For convenience, we treat almost-unitary quantum circuits as a special case of isometric quantum circuits. More specifically, by applying the principle of deferred measurements (e.g., ) to an almost-unitary quantum circuit, we obtain an isometric quantum circuit in which each measurement gate is simulated by an ancillary gate, and all ancillary qubits are measured at the end. For a promise problem I = ( I _ rm yes , I _ rm no ) , a family of unitary, almost-unitary, or isometric quantum circuits {C_x: x ∈ I } is called s(n) -space-bounded if there is a deterministic Turing machine that, given any input x ∈ I with input length n coloneqq |x| , runs in space O(s(n)) (and hence time 2^ O(s(n)) ) and outputs a description of C_x , where C_x accepts if x ∈ I _ rm yes , rejects if x ∈ I _ rm no , acts on O(s(n)) qubits, and consists of 2^ O(s(n)) gates.",O(s(n))
2410.23958#15:bound-cloze:3,bound-cloze,2410.23958#15,2410.23958,definition,interactive-proofs; quantum-complexity; space-complexity,"Let α(n) , β(n) , r(n) be logspace computable functions such that 0 ≤ β(n) < α(n) ≤ 1 , α(n)-β(n) ≥ 1/ poly (n) and 1 ≤ r(n) ≤ [MASK] . Let Q_0 and Q_1 be polynomial-size unitary quantum circuits acting on O( log n) qubits, with r(n) specified output qubits. Here, n represents the total number of gates in Q_0 and Q_1 . For b ∈ {0,1} , let ρ_b denote the quantum states obtained by running Q_b on the all-zero state ket bar 0 and tracing out the non-output qubits, then the promise is that one of the following holds: Yes instances: A pair of quantum circuits (Q_0,Q_1) such that T (ρ_0,ρ_1) ≥ α(n) ; No instances: A pair of quantum circuits (Q_0,Q_1) such that T (ρ_0,ρ_1) ≤ β(n) .",O( log n)
2410.23958#19:bound-cloze:4,bound-cloze,2410.23958#19,2410.23958,definition,interactive-proofs; quantum-complexity; space-complexity,"A Boolean circuit C colon {0,1}^n → {0,1} is defined as an normal sf SAC xspace ^1 circuit if it has depth [MASK] , includes unbounded fan-in OR ( vee ) gates, bounded fan-in AND ( wedge ) gates ( e.g., with fan-in 2 ) , and has negation ( ¬ ) gate restricted to the input level. The problem is to decide whether a given (logspace-)uniform normal sf SAC xspace ^1 circuit C , whose description can be computed by a deterministic logspace Turing machine, evaluates to 1 .",O( log n )
2412.06395#1:bound-cloze:1,bound-cloze,2412.06395#1,2412.06395,lemma,query-complexity,"Let n be a positive integer. Then, \[ D _ u ( IND _n) = [MASK], qquad R _ u ( IND _n) = Θ(2^n), qquad Q _ u ( IND _n) = Θ(2^ n/2 ). \]",Θ(2^n)
2412.06395#3:paper-subarea:1,paper-subarea,2412.06395#3,2412.06395,theorem,query-complexity,"For f : {0, 1}^n → {0, 1} , we have \[ D _ u (f) = O( R _ u (f)^3), qquad D _ u (f) = O( Q _ u (f)^6). \]

[MASK]",query-complexity
2412.06395#6:bound-cloze:2,bound-cloze,2412.06395#6,2412.06395,definition,query-complexity,"For an integer n > 0 , and a string x ∈ {0, 1}^n , let bin (x) denote the integer in [[MASK]] whose binary representation is given by x . Define the Indexing function on n + 2^n variables, denoted IND _ n : {0, 1}^ n + 2^n → {0, 1} by \[ IND _n(x, y) = y_ bin (x) . \] We refer to the x -variables as addressing variables and the y -variables as target variables .",2^n
2412.06395#7:bound-cloze:3,bound-cloze,2412.06395#7,2412.06395,definition,query-complexity,"For an even integer n > 0 , define mIND _n , as follows: The function mIND _n is defined on n + binom n n/2 (which is [MASK] ) variables, where the latter binom n n/2 variables are indexed by all n -bit strings of Hamming weight exactly n/2 . For (x, y) ∈ {0, 1}^ n + binom n n/2 , define \[ mIND _n(x, y) = 0 & |x| < n/2 1 & |x| > n/2 y_x & normal otherwise . \]",Θ(2^n/ sqrt n )
2412.06395#16:bound-cloze:4,bound-cloze,2412.06395#16,2412.06395,fact,query-complexity,"Let n be a positive integer. Then, \[ D ( IND _n) = n+1, qquad R ( IND _n) = [MASK], qquad Q ( IND _n) = Ω(n). \]",Ω(n)
2412.06395#24:paper-subarea:2,paper-subarea,2412.06395#24,2412.06395,theorem,query-complexity,"Algorithm correctly computes f_ u , and makes at most O( C _ u (f) bs _ u (f)) queries. Thus D _ u (f) = O( C _ u (f) · bs _ u (f)) .

[MASK]",query-complexity
2412.20114#2:bound-cloze:1,bound-cloze,2412.20114#2,2412.20114,corollary,algebraic-complexity; circuit-complexity; proof-complexity,"Assume that n ≥ 1 and 1 ≤ d ≤ n , F \ is a field of characteristic strictly greater than max ([MASK],n^d) , and f( overline x ) is a symmetric polynomial of degree d such that f( overline x )-β has no 0-1 solution, for β ∈ F . Suppose that g is a multilinear polynomial such that \[ g(overline x ) · (f( overline x ) - β) = 1 mod overline x ^2 - overline x . \] Then, the degree of g( overline x ) is at least n-d+1 . Accordingly, the degree of every Nullstellensatz refutation of f( overline x ) - β is at least n+1 .",2^n
2412.20114#2:paper-subarea:1,paper-subarea,2412.20114#2,2412.20114,corollary,algebraic-complexity; circuit-complexity; proof-complexity,"Assume that n ≥ 1 and 1 ≤ d ≤ n , F \ is a field of characteristic strictly greater than max (2^n,n^d) , and f( overline x ) is a symmetric polynomial of degree d such that f( overline x )-β has no 0-1 solution, for β ∈ F . Suppose that g is a multilinear polynomial such that \[ g(overline x ) · (f( overline x ) - β) = 1 mod overline x ^2 - overline x . \] Then, the degree of g( overline x ) is at least n-d+1 . Accordingly, the degree of every Nullstellensatz refutation of f( overline x ) - β is at least n+1 .

[MASK]",algebraic-complexity; circuit-complexity; proof-complexity
2412.20114#3:bound-cloze:2,bound-cloze,2412.20114#3,2412.20114,claim,algebraic-complexity; circuit-complexity; proof-complexity,"Let n ≥ 1 and 1 ≤ d ≤ n . If k is such that k ≤ n-d , then e _ d,n (overline x ) · e _ k,n (overline x ) = [MASK] · e _ d+k,n (overline x ) + [ small degree ≤ d+k-1 terms ] mod overline x ^2- overline x .",2^ d+k
2412.20114#5:bound-cloze:3,bound-cloze,2412.20114#5,2412.20114,corollary,algebraic-complexity; circuit-complexity; proof-complexity,"Let n ≥ 1 , m= n choose 2 , and F be a field with char ( F )>max (2^ 4n+2m ,n^d) . Let f ∈ F [ overline q @ifnextchar ^ ] be a symmetric polynomial with n variables of degree d=[MASK] , and f^star ( overline z @ifnextchar ^ , overline x ) be as in Cref eq:intro:1588:15 . Let β ∈ F be such that f^star ( overline z @ifnextchar ^ , overline x )-β=0 and f( overline q @ifnextchar ^ )-β=0 are each unsatisfiable over Boolean values. Then, any up roABP-texorpdfstring up IPS _ up LIN ' xspace IPS-LIN' \ refutation (in any variable order) of f^star ( overline z @ifnextchar ^ , overline x )-β=0 (together with the Boolean axioms to the overline x - and overline z @ifnextchar ^ -variables) requires 2^ Ω(n) -size.",O( log n)
2412.20114#5:paper-subarea:2,paper-subarea,2412.20114#5,2412.20114,corollary,algebraic-complexity; circuit-complexity; proof-complexity,"Let n ≥ 1 , m= n choose 2 , and F be a field with char ( F )>max (2^ 4n+2m ,n^d) . Let f ∈ F [ overline q @ifnextchar ^ ] be a symmetric polynomial with n variables of degree d=O( log n) , and f^star ( overline z @ifnextchar ^ , overline x ) be as in Cref eq:intro:1588:15 . Let β ∈ F be such that f^star ( overline z @ifnextchar ^ , overline x )-β=0 and f( overline q @ifnextchar ^ )-β=0 are each unsatisfiable over Boolean values. Then, any up roABP-texorpdfstring up IPS _ up LIN ' xspace IPS-LIN' \ refutation (in any variable order) of f^star ( overline z @ifnextchar ^ , overline x )-β=0 (together with the Boolean axioms to the overline x - and overline z @ifnextchar ^ -variables) requires 2^ Ω(n) -size.

[MASK]",algebraic-complexity; circuit-complexity; proof-complexity
2412.20114#6:bound-cloze:4,bound-cloze,2412.20114#6,2412.20114,theorem,algebraic-complexity; circuit-complexity; proof-complexity,"Let F be a field of characteristic ≥ 5 and let P(overline u , overline z ) be as defined above. Then P(overline u , overline z ), {u_i^2-u_i}_i, {z_i^2-z_i}_i is unsatisfiable as long as β ∉ {-1, 0, 1} . And any up roABP-texorpdfstring up IPS _ up LIN ' xspace IPS-LIN' \ refutation of P(overline u , overline z ), {u_i^2-u_i}_i, {z_i^2-z_i}_i requires exp ([MASK]) size. Moreover, any multilinear-formula-IPS refutation requires n^ Ω( log n) size and any product-depth- Δ multilinear-formula-IPS requires size n^ Ω((n/ log n)^ 1/Δ /Δ^2) .",Ω(n)
2412.20114#6:paper-subarea:3,paper-subarea,2412.20114#6,2412.20114,theorem,algebraic-complexity; circuit-complexity; proof-complexity,"Let F be a field of characteristic ≥ 5 and let P(overline u , overline z ) be as defined above. Then P(overline u , overline z ), {u_i^2-u_i}_i, {z_i^2-z_i}_i is unsatisfiable as long as β ∉ {-1, 0, 1} . And any up roABP-texorpdfstring up IPS _ up LIN ' xspace IPS-LIN' \ refutation of P(overline u , overline z ), {u_i^2-u_i}_i, {z_i^2-z_i}_i requires exp (Ω(n)) size. Moreover, any multilinear-formula-IPS refutation requires n^ Ω( log n) size and any product-depth- Δ multilinear-formula-IPS requires size n^ Ω((n/ log n)^ 1/Δ /Δ^2) .

[MASK]",algebraic-complexity; circuit-complexity; proof-complexity
2412.20114#7:paper-subarea:4,paper-subarea,2412.20114#7,2412.20114,corollary,algebraic-complexity; circuit-complexity; proof-complexity,"Let P(overline u , overline z ) be as defined above. Let g(overline u , overline z ) be a polynomial that agrees with 1/P(overline u , overline z ) over the Boolean cube. Then, any multilinear formula that agrees with g(overline u , overline z ) over the Boolean cube must have size exp (Ω(n)) .

[MASK]",algebraic-complexity; circuit-complexity; proof-complexity
2501.00831#4:paper-subarea:1,paper-subarea,2501.00831#4,2501.00831,theorem,query-complexity,"theorem muxsize 2 · 4^n ≤ size _ u ( MUX _n) ≤ 4^ n+1 - 3^n .

[MASK]",query-complexity
2501.00831#5:paper-subarea:2,paper-subarea,2501.00831#5,2501.00831,theorem,query-complexity,"theorem dthfdt 2 size (f)-1 ≤ size _ u (f) ≤ 2^ size (f) - 1 .

[MASK]",query-complexity
2501.00831#7:bound-cloze:1,bound-cloze,2501.00831#7,2501.00831,theorem,query-complexity,"theorem kbitdthfdt Let T be a Boolean decision tree of size s and depth d for f . Then, there exists a k -bit hazard-free decision tree of size at most s^ [MASK] - 1 and depth at most 2^k · d for f .",2^ k+1
2501.00831#7:paper-subarea:3,paper-subarea,2501.00831#7,2501.00831,theorem,query-complexity,"theorem kbitdthfdt Let T be a Boolean decision tree of size s and depth d for f . Then, there exists a k -bit hazard-free decision tree of size at most s^ 2^ k+1 - 1 and depth at most 2^k · d for f .

[MASK]",query-complexity
2501.00831#8:bound-cloze:2,bound-cloze,2501.00831#8,2501.00831,theorem,query-complexity,"theorem smalldepth For any n ≥ 1 , there is a non-degenerate Boolean function on n+[MASK] -1 inputs that has a hazard-free decision tree of depth 2n+1 .",2^ n+1
2501.00831#8:paper-subarea:4,paper-subarea,2501.00831#8,2501.00831,theorem,query-complexity,"theorem smalldepth For any n ≥ 1 , there is a non-degenerate Boolean function on n+2^ n+1 -1 inputs that has a hazard-free decision tree of depth 2n+1 .

[MASK]",query-complexity
2501.00831#10:bound-cloze:3,bound-cloze,2501.00831#10,2501.00831,corollary,query-complexity,"Let N = 3n for n ≥ 1 . Let CM _N be the N -input Chandra-Markowsky function . Then, size _ u ( CM _N) ≥ binom N N/3 binom 2N/3 N/3 3^N/[MASK] .",N^2
2501.00831#16:bound-cloze:4,bound-cloze,2501.00831#16,2501.00831,theorem,query-complexity,"For k ∈ [0, n] , any optimal depth decision tree that correctly computes the hazard-free extension of MUX _n on inputs with at most k unstable values has depth [MASK] + n .",2^k
2501.02626#1:bound-cloze:1,bound-cloze,2501.02626#1,2501.02626,theorem,average-case,"Let t(X) ∈ F_2[X]/(X^n-1) be a fixed polynomial with τ nonzero coefficients, and let R(X) = Σ _ i=0 ^ n-1 R_iX^i be such that each R_i arrow Ber (ω) independently. Let I(X) = Σ _ i=0 ^ n-1 I_iX^i where each I_i arrow Ber (τω) independently. Assuming ω ≥ [MASK] , the statistical distance between t(X)R(X) and I(X) is Ω( sqrt n 2^ -2ω ) .",Ω( log n)
2501.02626#1:paper-subarea:1,paper-subarea,2501.02626#1,2501.02626,theorem,average-case,"Let t(X) ∈ F_2[X]/(X^n-1) be a fixed polynomial with τ nonzero coefficients, and let R(X) = Σ _ i=0 ^ n-1 R_iX^i be such that each R_i arrow Ber (ω) independently. Let I(X) = Σ _ i=0 ^ n-1 I_iX^i where each I_i arrow Ber (τω) independently. Assuming ω ≥ Ω( log n) , the statistical distance between t(X)R(X) and I(X) is Ω( sqrt n 2^ -2ω ) .

[MASK]",average-case
2501.02626#9:paper-subarea:2,paper-subarea,2501.02626#9,2501.02626,corollary,average-case,"Let t, R, I ∈ F_2[X] / (X^n - 1) , with t fixed and invertible and R arrow Ber (ω)^ ⊗ n , and I arrow Ber (weight t ω)^ ⊗ n . Then \[ D(t R | I) = n Θ(2^ -2 ω ). \]

[MASK]",average-case
2501.02626#13:paper-subarea:3,paper-subarea,2501.02626#13,2501.02626,corollary,average-case,"Assuming ω ≥ log (n) the statistical distance Δ_ tv (t R, I) can be bounded to the range \[ Δ_ tv (t R, I) ∈ bracks n · Θ(2^ -2 ω ), sqrt n · Θ(2^ -ω ) \ . \]

[MASK]",average-case
2501.02626#14:bound-cloze:2,bound-cloze,2501.02626#14,2501.02626,corollary,average-case,"Let ω ≤ log (n) , and τ ≥ 2 s , and t_1(X), ... , t_s(X) be vectors that have an arithmetic progression with the same common difference. Then the divergence to I stackrel rm def = Ber (τ ω)^ ⊗ n can be bounded to the range \[ D(t_1 R_1 + ... + t_s R_s, I) = [MASK]. \] Notably, this value is negligible when s ω ≥ log (n)^2 .",Θ(n 2^ -4 s ω )
2501.02626#14:paper-subarea:4,paper-subarea,2501.02626#14,2501.02626,corollary,average-case,"Let ω ≤ log (n) , and τ ≥ 2 s , and t_1(X), ... , t_s(X) be vectors that have an arithmetic progression with the same common difference. Then the divergence to I stackrel rm def = Ber (τ ω)^ ⊗ n can be bounded to the range \[ D(t_1 R_1 + ... + t_s R_s, I) = Θ(n 2^ -4 s ω ). \] Notably, this value is negligible when s ω ≥ log (n)^2 .

[MASK]",average-case
2501.03001#2:paper-subarea:1,paper-subarea,2501.03001#2,2501.03001,theorem,total-search,"In a zero-sum game G , for any strategy profile bm σ =(bm σ _i,bm σ _ -i ) , bf NashD (bm σ ) ≥ 0 , and bm σ is an NE if and only if bf NashD (bm σ ) = 0 .

[MASK]",total-search
2501.03001#3:paper-subarea:2,paper-subarea,2501.03001#3,2501.03001,theorem,total-search,"In a game G where the utility function u_i of each player i is convex, there exists a constant L_ G that, with the learning rate γ_t ≤ 1/L_ G , the gradient descent algorithm locally minimizes function bf NashD (bm σ ) with convergence rate O(L_ G /T) where T is the number of iterations.

[MASK]",total-search
2501.08905#1:bound-cloze:1,bound-cloze,2501.08905#1,2501.08905,definition,total-search,"A (normal-form) game Γ consists of A finite set of players N := {1, ... , N} , where N ≥ 2 denotes the number of players, A finite set of actions A^i := {1, ... , [MASK]} for each player i ∈ N , where m^i denotes the number of actions, and A utility payoff function u^i: A^1 × ... × A^N → R for each player i ∈ N .",m^i
2501.08905#6:bound-cloze:2,bound-cloze,2501.08905#6,2501.08905,theorem,total-search,"prop totalsymmpoly We can determine whether a game is totally symmetric, for A^* = A^1 = ... = A^N with the current action numbering, in polytime O ([MASK] · |A|) .",N^2
2501.08905#6:paper-subarea:1,paper-subarea,2501.08905#6,2501.08905,theorem,total-search,"prop totalsymmpoly We can determine whether a game is totally symmetric, for A^* = A^1 = ... = A^N with the current action numbering, in polytime O (N^2 · |A|) .

[MASK]",total-search
2501.08905#7:bound-cloze:3,bound-cloze,2501.08905#7,2501.08905,theorem,total-search,prop onePLactspoly We can compute (a generator set of) the group of 1PL-actions symmetries of a game Γ in polytime O ( N · max _i ([MASK])^2 · |A| ) .,m^i
2501.08905#7:paper-subarea:2,paper-subarea,2501.08905#7,2501.08905,theorem,total-search,"prop onePLactspoly We can compute (a generator set of) the group of 1PL-actions symmetries of a game Γ in polytime O ( N · max _i (m^i)^2 · |A| ) .

[MASK]",total-search
2501.08905#13:paper-subarea:3,paper-subarea,2501.08905#13,2501.08905,theorem,total-search,"thm allsymmcomp We can compute (a generator set of) the group normal Sym (Γ) of symmetries of a game Γ in time 2^ O (| A |) .

[MASK]",total-search
2501.08905#18:paper-subarea:4,paper-subarea,2501.08905#18,2501.08905,theorem,total-search,"rem symmpresnes For any symmetry φ of Γ , we have that strategy profile s ∈ S is a Nash equilibrium if and only if φ( s ) is.

[MASK]",total-search
2502.02012#2:paper-subarea:1,paper-subarea,2502.02012#2,2502.02012,theorem,counting-complexity,"Let F be a set of EO signatures. Then \#sf EO ( F ) is either in FP ^ NP or \#P-hard.

[MASK]",counting-complexity
2502.02012#12:paper-subarea:2,paper-subarea,2502.02012#12,2502.02012,theorem,counting-complexity,"Suppose F is a finite set of signatures mapping Boolean inputs to complex numbers. If F ⊆ mathscr A or F ⊆ mathscr P , then \#sf CSP ( F ) is computable in polynomial time. Otherwise, \#sf CSP ( F ) is \#P-hard.

[MASK]",counting-complexity
2502.02012#14:paper-subarea:3,paper-subarea,2502.02012#14,2502.02012,theorem,counting-complexity,"For any signature set F , \#sf CSP ( F ) equiv _T \#sf EO (π( F )).

[MASK]",counting-complexity
2502.02012#16:paper-subarea:4,paper-subarea,2502.02012#16,2502.02012,theorem,counting-complexity,"Let f be a quaternary sf EO signature, then sf Holant ( ≠ _2mid f) is \#P-hard except for the following cases: a. f ∈ mathscr P (equivalently, f ∈ sf EO ^ M and τ(f) ⊆ mathscr P ); b. f ∈ mathscr A (equivalently, f ∈ sf EO ^ M and τ(f) ⊆ mathscr A ); c. f ∈ mathscr M ⊗ Δ_1 ; d. f ∈ widetilde mathscr M ⊗ Δ_0 ; in which cases sf Holant ( ≠ _2mid f) is computable in polynomial time.

[MASK]",counting-complexity
2502.05325#6:paper-subarea:1,paper-subarea,2502.05325#6,2502.05325,theorem,query-complexity,"proposition propTRAcompet For (n,m) ∈ N ^2 , Algorithm achieves a competitive ratio of C_ TRA ^ (n,m) , defined as: C_ TRA ^ (n,m) = frac 2 Π _ j=1 ^m (s_j + 1) - 1 n + 1 ≤ frac 2 (1 + frac n m )^m - 1 n + 1 , where s_i is the number of split levels along the i -th feature within the tree f_n .

[MASK]",query-complexity
2502.05597#1:paper-subarea:1,paper-subarea,2502.05597#1,2502.05597,theorem,counting-complexity,"Let F be a set of signatures and f , g be two signatures. Then one of the following holds. up sf Holant ( F ,f,g)equiv _Tup sf Holant ( F ,f ⊗ g) ; up sf Holant ( F ,f ⊗ g) is in FP ^ NP .

[MASK]",counting-complexity
2502.05597#2:paper-subarea:2,paper-subarea,2502.05597#2,2502.05597,theorem,counting-complexity,"Let F be a set of signatures that contains a non-trivial signature of odd arity. Then one of the following holds. up sf Holant ( F ) is \#P-hard; up sf Holant ( F ) is in FP ^ NP .

[MASK]",counting-complexity
2502.05597#10:paper-subarea:3,paper-subarea,2502.05597#10,2502.05597,theorem,counting-complexity,"For any T ∈ GL _2( C ) , up sf Holant ( F mid G ) equiv _T up sf Holant ( F T^ -1 mid T G ).

[MASK]",counting-complexity
2502.05597#14:bound-cloze:1,bound-cloze,2502.05597#14,2502.05597,lemma,counting-complexity,"In the setting of up sf K-Holant (widehat F ) , if (n+1) pairwise linearly independent unary signatures with [MASK] -size can be realized in poly(n) time for any n ∈ N _+ in the setting of up sf K-Holant , then up sf K-Holant (widehat F ,[1,-1]) ≤ _Tup sf K-Holant (widehat F ) .",poly(n)
2502.05597#19:paper-subarea:4,paper-subarea,2502.05597#19,2502.05597,theorem,counting-complexity,"Suppose F is a finite set of signatures mapping Boolean inputs to complex numbers. If F ⊆ mathscr A or F ⊆ mathscr P , then \#up sf CSP ( F ) is computable in polynomial time. Otherwise, \#up sf CSP ( F ) is \#P-hard.

[MASK]",counting-complexity
2502.05597#22:bound-cloze:2,bound-cloze,2502.05597#22,2502.05597,theorem,counting-complexity,"Let F be a set of complex-valued signatures. If F ⊆ mathscr P or F ⊆ mathscr A _[MASK] for some r ∈ [d] , the up sf \#CSP _d( ≠ _2, F ) is tractable; otherwise, up sf \#CSP _d( ≠ _2, F ) is \#P-hard.",d^r
2502.05597#49:bound-cloze:3,bound-cloze,2502.05597#49,2502.05597,lemma,counting-complexity,"Suppose g is a symmetric signature of GHZ type, then there exists an invertible matrix N such that up sf Holant ( F ,g,Δ_0)equiv _Tup sf \#CSP (=_2N,Δ_0N, [MASK] F , N^ -1 Δ_0)",N^ -1
2502.05597#57:bound-cloze:4,bound-cloze,2502.05597#57,2502.05597,lemma,counting-complexity,"Suppose [-1,1,0,0],widehat g ∈ widehat F , where widehat g is an irreducible binary signature and not a multiple of [0,1,0] . Then one of the following holds: There exists an invertible matrix N such that up sf Holant ( F ,Δ_0)equiv _Tup sf \#CSP (=_2N,Δ_0N, [MASK] F , N^ -1 Δ_0) . up sf K-Holant (widehat F ,[1,1])equiv _T up sf Holant ^c( F ) .",N^ -1
2502.06621#1:paper-subarea:1,paper-subarea,2502.06621#1,2502.06621,theorem,descriptive-logic,"Let A be a finite relational structure. Either A pp-constructs K _3 and CSP xspace ( A ) is NP-complete, or Pol ( A ) satisfies the Siggers identity s(x,y,z,x,y,z) ≈ s(y,z,x,z,x,y) and CSP xspace ( A ) is solvable in polynomial time.

[MASK]",descriptive-logic
2502.06621#8:bound-cloze:1,bound-cloze,2502.06621#8,2502.06621,theorem,descriptive-logic,"theorem maintheorem Let B be a countable structure over a finite relational signature. Then (( Q ;<) wr B , ≠ ) is a countably infinite structure without algebraicity over a finite relational signature. If B is ω -categorical, then so is (( Q ;<) wr B , ≠ ) . If B is homogeneous, then so is (( Q ;<) wr B , ≠ ) . In this case, B is Ramsey if and only if (( Q ;<) wr B , ≠ ) is Ramsey. If B is finitely bounded, then so is smash (( Q ;<) wr B , ≠ ) . Moreover, if A is a non-contractible reduct of B , then addtocounter enumi 4 ( Q wr A , ≠ ) is a non-contractible CSP-injective reduct of (( Q ;<) wr B , ≠ ) . CSP xspace ( A ) and CSP xspace ( Q wr A , ≠ ) are Datalog-interreducible. If A is ω -categorical, then so is ( Q wr A , ≠ ) , and A is a model-complete core if and only if ( Q wr A , ≠ ) is. If the number of orbits of d -tuples of A grows slower than 2^ [MASK] , then A pp-constructs K _3 if and only if ( Q wr A , ≠ ) pp-constructs K _3 .",2^ d
2502.06621#8:paper-subarea:2,paper-subarea,2502.06621#8,2502.06621,theorem,descriptive-logic,"theorem maintheorem Let B be a countable structure over a finite relational signature. Then (( Q ;<) wr B , ≠ ) is a countably infinite structure without algebraicity over a finite relational signature. If B is ω -categorical, then so is (( Q ;<) wr B , ≠ ) . If B is homogeneous, then so is (( Q ;<) wr B , ≠ ) . In this case, B is Ramsey if and only if (( Q ;<) wr B , ≠ ) is Ramsey. If B is finitely bounded, then so is smash (( Q ;<) wr B , ≠ ) . Moreover, if A is a non-contractible reduct of B , then addtocounter enumi 4 ( Q wr A , ≠ ) is a non-contractible CSP-injective reduct of (( Q ;<) wr B , ≠ ) . CSP xspace ( A ) and CSP xspace ( Q wr A , ≠ ) are Datalog-interreducible. If A is ω -categorical, then so is ( Q wr A , ≠ ) , and A is a model-complete core if and only if ( Q wr A , ≠ ) is. If the number of orbits of d -tuples of A grows slower than 2^ 2^ d , then A pp-constructs K _3 if and only if ( Q wr A , ≠ ) pp-constructs K _3 .

[MASK]",descriptive-logic
2502.06621#10:paper-subarea:3,paper-subarea,2502.06621#10,2502.06621,theorem,descriptive-logic,"theorem maintheoremtwo The structures ( Q wr A , ≠ ,I_4) and (( Q ;<) wr B , ≠ ,I_4 ) enjoy all properties of ( Q wr A , ≠ ) and (( Q ;<) wr B , ≠ ) from Theorem except that CSP-injectivity is replaced by Pol-injectivity.

[MASK]",descriptive-logic
2502.06621#12:paper-subarea:4,paper-subarea,2502.06621#12,2502.06621,theorem,descriptive-logic,"theorem sandwichthm Let A be a non-contractible reduct of a countable finitely bounded homogeneous structure B . Then there exists a reduct A ' of a countable finitely bounded homogeneous structure B ' together with Datalog-reductions J and J ' from CSP xspace ( A ) to CSP xspace ( A ') and vice versa such that, for every n ∈ N , there exists a finite PCSP template ( S _1, S _2) with the following properties: A ' is a cheese for PCSP xspace ( S _1, S _2) ; thus, PCSP xspace ( S _1, S _2) reduces to CSP xspace ( A ) via J ' . J is correct as a reduction from CSP xspace ( A ) to PCSP xspace ( S _1, S _2) when limited to instances X with the property that X homomorphically maps to A if and only if X homomorphically maps to a substructure of A of size ≤ n . Every finite cheese for PCSP xspace ( S _1, S _2) pp-constructs K _3 ; thus PCSP xspace ( S _1, S _2) is not finitely tractable. A pp-constructs K _3 if and only if A ' pp-constructs K _3 . If A is a model-complete core, then A ' is a model-complete core as well. If B is Ramsey, then B ' is Ramsey as well.

[MASK]",descriptive-logic
2502.07308#1:bound-cloze:1,bound-cloze,2502.07308#1,2502.07308,theorem,derandomization,"For every ρ, ε ∈ (0,1) and k ∈ N , there exist an explicit family of codes C ⊆ Σ^n , such that ρ( C ) ≥ ρ and for any g ∈ Σ^n and any H ⊆ C with abs H ≤ k \[ Ex h ∈ H Δ(g,h) ≥ frac abs H -1 abs H · (1 - ρ - ε) . \] Moreover, the code C has alphabet size 2^ (k^k/ε)^ O(1) and is characterized by parity checks of size [MASK] .",O((k^k/ε)^ O(1) )
2502.07308#1:paper-subarea:1,paper-subarea,2502.07308#1,2502.07308,theorem,derandomization,"For every ρ, ε ∈ (0,1) and k ∈ N , there exist an explicit family of codes C ⊆ Σ^n , such that ρ( C ) ≥ ρ and for any g ∈ Σ^n and any H ⊆ C with abs H ≤ k \[ Ex h ∈ H Δ(g,h) ≥ frac abs H -1 abs H · (1 - ρ - ε) . \] Moreover, the code C has alphabet size 2^ (k^k/ε)^ O(1) and is characterized by parity checks of size O((k^k/ε)^ O(1) ) .

[MASK]",derandomization
2502.07308#2:paper-subarea:2,paper-subarea,2502.07308#2,2502.07308,corollary,derandomization,"For every ρ, ε ∈ (0,1) , there exist an explicit family of codes C ⊆ Σ^n , such that ρ( C ) ≥ ρ and for any g ∈ Σ^n , the list L (g,1-ρ-ε) at radius 1-ρ - ε satisfies \[ abs L (g,1-ρ-ε) = abs {h ∈ C mid Δ(g,h) ≤ 1 - ρ - ε } = O(1/ε) . \] Moreover, the code C has alphabet size 2^ 2^ (1/ε)^ O(1) and is characterized by parity checks of size 2^ (1/ε)^ O(1) .

[MASK]",derandomization
2502.07308#4:paper-subarea:3,paper-subarea,2502.07308#4,2502.07308,theorem,derandomization,"For every ρ, ε ∈ (0,1) and k ∈ N , there exist an explicit family of codes C ⊆ Σ^n , such that ρ( C ) ≥ ρ and for any g ∈ Σ^n and any H ⊆ C with abs H ≤ k \[ Ex h ∈ H Δ(g,h) ≥ frac abs H -1 abs H · (1 - ρ - ε) . \] The code C has alphabet size 2^ (k^k/ε)^ O(1) , and can be list decoded from radius frac k-1 k (1-ρ-ε) deterministically in time n^ 2^ (k^k/ε)^ O(1) with a list of size at most k-1 .

[MASK]",derandomization
2502.07308#8:bound-cloze:2,bound-cloze,2502.07308#8,2502.07308,definition,derandomization,"A code C of block length n , distance δ and rate ρ over the alphabet size Σ is a set C ⊆ Σ^n such that, \[ ρ = frac log _ |Σ| | C | n and δ = min _ h_1,h_2 ∈ C colon h_1 ≠ h_2 Δ (h_1,h_2). \] Such codes are succinctly represented as [n,ρ,δ]_Σ . We say C is a linear code if Σ can be identified with a finite field F _q , and C is a linear subspace of F _[MASK] .",q^n
2502.07308#17:bound-cloze:3,bound-cloze,2502.07308#17,2502.07308,corollary,derandomization,"For every ρ, ε ∈ (0,1) and k ∈ N , there exist explicit inner codes C _ in and an infinite family of explicit codes C _ AEL ⊆ ( F _q^d)^n obtained via the AEL construction that satisfy: ρ( C _ AEL ) ≥ ρ . For any g ∈ ( F _q^d)^n and any H ⊆ C _ AEL with abs H ≤ k that \[ Σ _ h ∈ H Δ(g,h) ≥ (abs H -1) · (1 - ρ - ε) . \] The alphabet size q^d of the code C _ AEL can be taken to be 2^ [MASK] . C _ AEL is characterized by parity checks of size O(k^ 2k /ε^ 11 ) over the field F _q .",O(k^ 3k /ε^9)
2502.07308#17:paper-subarea:4,paper-subarea,2502.07308#17,2502.07308,corollary,derandomization,"For every ρ, ε ∈ (0,1) and k ∈ N , there exist explicit inner codes C _ in and an infinite family of explicit codes C _ AEL ⊆ ( F _q^d)^n obtained via the AEL construction that satisfy: ρ( C _ AEL ) ≥ ρ . For any g ∈ ( F _q^d)^n and any H ⊆ C _ AEL with abs H ≤ k that \[ Σ _ h ∈ H Δ(g,h) ≥ (abs H -1) · (1 - ρ - ε) . \] The alphabet size q^d of the code C _ AEL can be taken to be 2^ O(k^ 3k /ε^9) . C _ AEL is characterized by parity checks of size O(k^ 2k /ε^ 11 ) over the field F _q .

[MASK]",derandomization
2502.07308#21:bound-cloze:4,bound-cloze,2502.07308#21,2502.07308,corollary,derandomization,"Let C be a random linear code as generated above for q ≥ 2^ nfrac (10L+2) ε . Then, with probability at least (1-[MASK] ) , C is (1-ρ,L,ε) average-radius list decodable with erasures.",2^ -n/3
2502.13065#1:bound-cloze:1,bound-cloze,2502.13065#1,2502.13065,theorem,average-case,"Under the polynomial hardness of the learning parity with noise assumption over a field F , there is a collection of trapdoored matrices for which, given the trapdoor, n × n matrix-vector multiplication can be performed in time [MASK] for an arbitrarily small constant ε>0 . Assuming sub-exponential hardness, this can be done in time n · poly ( log n) .",n^ 1+ε
2502.13065#1:paper-subarea:1,paper-subarea,2502.13065#1,2502.13065,theorem,average-case,"Under the polynomial hardness of the learning parity with noise assumption over a field F , there is a collection of trapdoored matrices for which, given the trapdoor, n × n matrix-vector multiplication can be performed in time n^ 1+ε for an arbitrarily small constant ε>0 . Assuming sub-exponential hardness, this can be done in time n · poly ( log n) .

[MASK]",average-case
2502.13065#2:bound-cloze:2,bound-cloze,2502.13065#2,2502.13065,theorem,average-case,"Under the polynomial hardness of the McEliece assumption over a field F , there is a collection of trapdoored matrices for which, given the trapdoor, n × n matrix-vector multiplication can be performed in time [MASK] for an arbitrarily small constant ε>0 . Assuming sub-exponential hardness, this can be done in time n · poly ( log n) .",n^ 1+ε
2502.13065#2:paper-subarea:2,paper-subarea,2502.13065#2,2502.13065,theorem,average-case,"Under the polynomial hardness of the McEliece assumption over a field F , there is a collection of trapdoored matrices for which, given the trapdoor, n × n matrix-vector multiplication can be performed in time n^ 1+ε for an arbitrarily small constant ε>0 . Assuming sub-exponential hardness, this can be done in time n · poly ( log n) .

[MASK]",average-case
2502.13065#3:paper-subarea:3,paper-subarea,2502.13065#3,2502.13065,theorem,average-case,"Let D be any distribution that is either Haar-invariant or symmetrically Haar-invariant. Under the psuedorandomness of Kac's random walks, there is a collection of trapdoored matrices over the distribution D for which, given the trapdoor, n × n matrix-vector multiplication can be performed in time n · poly ( log n) .

[MASK]",average-case
2502.13065#4:bound-cloze:3,bound-cloze,2502.13065#4,2502.13065,theorem,average-case,"Let F _p be a finite field of order p , and assume the existence of a trapdoored matrix family over F _p and let ε>0 . Let M : F _p^ n × n × F _p^ n × n → F _p^ n × n be an algorithm running in time T(n) such that for every sufficiently large n , \[ E _ A,B F _p^ n × n [ dist (A · B, \ M (A,B ) ) ] ≤ ( 1-frac 1 p -ε )[MASK]. \] Then, we can construct an algorithm that for bf any matrices A,B ∈ F _p^ n × n computes the multiplication A · B bf exactly with high probability, in time tilde O (T(n) ) .",n^2
2502.13065#4:paper-subarea:4,paper-subarea,2502.13065#4,2502.13065,theorem,average-case,"Let F _p be a finite field of order p , and assume the existence of a trapdoored matrix family over F _p and let ε>0 . Let M : F _p^ n × n × F _p^ n × n → F _p^ n × n be an algorithm running in time T(n) such that for every sufficiently large n , \[ E _ A,B F _p^ n × n [ dist (A · B, \ M (A,B ) ) ] ≤ ( 1-frac 1 p -ε )n^2. \] Then, we can construct an algorithm that for bf any matrices A,B ∈ F _p^ n × n computes the multiplication A · B bf exactly with high probability, in time tilde O (T(n) ) .

[MASK]",average-case
2502.13065#9:bound-cloze:4,bound-cloze,2502.13065#9,2502.13065,conjecture,average-case,"The subexponential learning parity with noise (Subexp-LPN) assumption with parameters k,n,p , conjectures that there exists a constant α<1 such that for n ≤ [MASK] , for all probabilistic 2^ k^ α -time adversaries A : Pr [A( D _ lpn ) = 1] - Pr [A( D _ unif ) = 1] ≤ 2^ -k^α",2^ k^α
2502.13830#1:paper-subarea:1,paper-subarea,2502.13830#1,2502.13830,theorem,average-case; hardness-of-approximation; quantum-complexity; structural,"There exists a ω(1) -round, black-box construction of PQ-2PC (with full simulation), from the minimal assumption of post-quantum, semi-honest oblivious transfers (OTs).

[MASK]",average-case; hardness-of-approximation; quantum-complexity; structural
2502.13830#4:class-cloze:1,class-cloze,2502.13830#4,2502.13830,corollary,average-case; hardness-of-approximation; quantum-complexity; structural,"There exists a classical oracle relative to which classical-communication and quantum-secure MPC exist, yet P = [MASK] .",NP
2502.13830#4:paper-subarea:2,paper-subarea,2502.13830#4,2502.13830,corollary,average-case; hardness-of-approximation; quantum-complexity; structural,"There exists a classical oracle relative to which classical-communication and quantum-secure MPC exist, yet P = NP .

[MASK]",average-case; hardness-of-approximation; quantum-complexity; structural
2502.13830#14:bound-cloze:1,bound-cloze,2502.13830#14,2502.13830,definition,average-case; hardness-of-approximation; quantum-complexity; structural,"A post-quantum commitment scheme ⟨ C, R ⟩ (as per ) is parallelly extractable with ε -simulation if for any integer n= [MASK] , there exists a QPT algorithm SE (called the parallel ε -simulation extractor) such that for any noticeable ε(λ) and any non-uniform QPT C^*(ρ) , & { SE ^ C^*(ρ) (1^λ,1^ ε^ -1 ) }_λ stackrel s ≈ _ε & { (Γ_ {b_ com ,j }_ j=1 ^ n ({ val (τ_j)}_ j=1 ^ n ), ST _ C^* ):({τ_j}_ j=1 ^ n , ST _ C^* ,{b_ com ,j }_ j=1 ^ n )gets ⟨ C^*(ρ), R^n ⟩ (1^ λ ) }_λ where ({τ_j}_ j=1 ^ n , ST _ C^* ,{b_ com ,j }_ j=1 ^ n )gets ⟨ C^*(ρ), R^n ⟩ (1^ λ ) means that C^*(ρ) interacts with n copies of the honest receiver R in parallel and the execution results in transcripts {τ_j}_ j=1 ^ n , the final state ST _ C^* , and outputs {b_ com ,j }_ j=1 ^ n of each copy of R and Γ_ {b_ com ,j }_ j=1 ^ n ({ val (τ_j)}_ j=1 ^ n ) coloneqq { val _ Π (τ_j)}_ j=1 ^ n & if ∀ j ∈ [n] b_ com ,j = top bot & otherwise .",poly (λ)
2502.13830#27:bound-cloze:2,bound-cloze,2502.13830#27,2502.13830,lemma,average-case; hardness-of-approximation; quantum-complexity; structural,"satisfies the following properties: The Commit Stage is a statistically binding commitment. If the x committed in the Commit Stage satisfies φ(x) = 1 , then R accepts with probability 1. If the x committed in the Commit Stage satisfies φ(x) = 0 , then R rejects except for with probability [MASK] , even if C^* is a malicious QPT machine and φ is picked by C^* .",O(2^k)
2502.13830#36:bound-cloze:3,bound-cloze,2502.13830#36,2502.13830,lemma,average-case; hardness-of-approximation; quantum-complexity; structural,"Let H ^ M _λ _ pre (λ, m, ρ_λ) be as defined in . There exists a QPT machine K such that for any noticeable ε(λ) , there is a noticeable ε_1(λ) ≤ ε(λ) that can be efficiently computed form ε , such that for any noticeable ε_2(λ) and any tuple pref' = ( st _ M , st _R, τ, τ ,η, VI _ η ) in the support of H ^ M _λ _ pre (λ, m, ρ_λ) , the following holds (Almost Uniqueness:) K takes as input (1^λ, 1^ ε_1^ -1 , 1^ ε_2^ -1 , pref ') . It outputs a value Val ∈ {0,1} ^ ℓ (λ) ∪ {bot } such that Pr [ Val ∉ { val ( τ ) , bot } : Val → K (1^λ, 1^ ε_1^ -1 , 1^ ε_2^ -1 , pref ') ] ≤ ε_2(λ) + negl (λ) . (Extraction:) If p^ Sim _ pref' [ε_1] ≥ ε(λ) , then it holds that Pr [ Val = val ( τ ) : Val gets K (1^λ, 1^ ε_1^ -1 ,1^ ε_2^ -1 , pref ') ] ≥ frac ε'(λ)-ε_2(λ) t , where p^ Sim _ pref ' [ε_1] is defined in and ε'(λ) coloneqq (ε(λ))/(10[MASK]) .",t^2
2502.13830#50:bound-cloze:4,bound-cloze,2502.13830#50,2502.13830,lemma,average-case; hardness-of-approximation; quantum-complexity; structural,"Let G be a QPT algorithm that takes the security parameter 1^λ , an error parameter 1^ γ^ -1 , a quantum state ρ , and a classical string z as input, and outputs d ∈ {top ,bot } and a quantum state ρ_ out . Suppose that there exists a QPT algorithm K (referred to as the simulation-less extractor) that takes as input the security parameter 1^λ , two error parameters 1^ γ^ -1 and 1^ ζ^ -1 , a quantum state ρ , and a classical string z , and outputs s ∈ {0,1}^ [MASK] ∪ {bot } satisfying the following w.r.t.\ some sequence of classical strings {s^*_ z }_ z ∈ {0,1}^* . ynote The index of s^* is changed from λ to z . (Imagine that s^* is the committed message and z is the partial transcript. Then this should be a more natural formalization.) For any λ , ρ_λ , z_λ , and any noticeable functions γ(λ) and ζ(λ) , it holds that Pr [s ∉ {s^*_ z_λ , bot } : s arrow K (1^λ,1^ γ^ -1 , 1^ ζ^ -1 , ρ_λ, z_λ )] ≤ ζ(λ) + negl (λ). ynote I modified the statement to match . For any noticeable function γ(λ) , there exists a noticeable function δ(λ) , which is efficiently computable from γ(λ) , so that the following requirement is satisfied: For any noticeable function ζ(λ) and any sequence {ρ_λ, z_λ }_ λ ∈ N of polynomial-size quantum states and classical strings, if Pr [d=top : (d,ρ_ out ) arrow G (1^λ,1^ γ^ -1 ,ρ_λ, z_λ )] ≥ 8γ(λ), then Pr [s =s^*_ z_λ : s arrow K (1^λ,1^ γ^ -1 , 1^ ζ^ -1 , ρ_λ, z_λ )] ≥ δ(λ)-ζ(λ)- negl (λ). Then, there exists a QPT algorithm SE such that for any noticeable function ε=ε(λ) , there exists a noticeable function γ=γ(λ) ≤ ε(λ) that is efficiently computable from ε and satisfies the following: For any sequence {ρ_λ, z_λ }_ λ ∈ N of polynomial-size quantum states and classical strings, { SE (1^λ,1^ ε^ -1 ,ρ_λ, z_λ )}_ λ ∈ N stackrel s ≈ _ ε {(ρ_ out ,Γ_d(s^*_ z_λ )) : (d,ρ_ out ) arrow G (1^λ,1^ γ^ -1 ,ρ_λ, z_ λ )}_ λ ∈ N , where Γ_d(s^*_ z_λ ):= s^*_ z_λ & if d=top bot & otherwise .",poly (λ)
2502.13830#74:paper-subarea:3,paper-subarea,2502.13830#74,2502.13830,theorem,average-case; hardness-of-approximation; quantum-complexity; structural,"Assuming the existence of post-quantum OWFs, there is a black-box construction of ω(1) -round equivocal commitment schemes. ynote Are you okay with this convention?

[MASK]",average-case; hardness-of-approximation; quantum-complexity; structural
2502.13830#75:paper-subarea:4,paper-subarea,2502.13830#75,2502.13830,theorem,average-case; hardness-of-approximation; quantum-complexity; structural,"The scheme wEqCom ( ) is constant-round and satisfies computational hiding, equivocality (as per ), and (2^ -k + negl (λ)) -statistical binding, which is defined similarly to statistical binding (as per ) except that we only require the malicious committer's winning probability to be at most 2^ -k + negl (λ) instead of negl (λ) .

[MASK]",average-case; hardness-of-approximation; quantum-complexity; structural
2502.15330#1:bound-cloze:1,bound-cloze,2502.15330#1,2502.15330,theorem,space-complexity,"There is a single-pass randomized tilde [MASK] space streaming algorithm that, with high probability, outputs a maximal matching in any dynamic graph stream with at most K deletions.",O (n · sqrt K )
2502.15330#1:paper-subarea:1,paper-subarea,2502.15330#1,2502.15330,theorem,space-complexity,"There is a single-pass randomized tilde O (n · sqrt K ) space streaming algorithm that, with high probability, outputs a maximal matching in any dynamic graph stream with at most K deletions.

[MASK]",space-complexity
2502.15330#2:bound-cloze:2,bound-cloze,2502.15330#2,2502.15330,theorem,space-complexity,Any possibly randomized single-pass streaming algorithm that outputs a maximal matching with probability at least 2/3 in dynamic graph streams with at most K deletions requires [MASK] space.,Ω(n · sqrt K )
2502.15330#2:paper-subarea:2,paper-subarea,2502.15330#2,2502.15330,theorem,space-complexity,"Any possibly randomized single-pass streaming algorithm that outputs a maximal matching with probability at least 2/3 in dynamic graph streams with at most K deletions requires Ω(n · sqrt K ) space.

[MASK]",space-complexity
2502.15330#3:bound-cloze:3,bound-cloze,2502.15330#3,2502.15330,theorem,space-complexity,"There is a single-pass streaming algorithm that uses tilde [MASK] space and outputs a maximal matching in any dynamic graph stream with at most K deletions. Moreover, any deterministic algorithm for sf Maximal Matching requires Ω(n · K) space.",O (n · K)
2502.15330#3:paper-subarea:3,paper-subarea,2502.15330#3,2502.15330,theorem,space-complexity,"There is a single-pass streaming algorithm that uses tilde O (n · K) space and outputs a maximal matching in any dynamic graph stream with at most K deletions. Moreover, any deterministic algorithm for sf Maximal Matching requires Ω(n · K) space.

[MASK]",space-complexity
2502.15330#4:bound-cloze:4,bound-cloze,2502.15330#4,2502.15330,theorem,space-complexity,"For any ε > 0 , there is a deterministic single-pass streaming algorithm that uses [MASK] space and outputs a (2+ε) -approximation to sf Maximum Matching in any dynamic graph stream with at most K deletions.",O((n + K/ε) · log n)
2502.15330#4:paper-subarea:4,paper-subarea,2502.15330#4,2502.15330,theorem,space-complexity,"For any ε > 0 , there is a deterministic single-pass streaming algorithm that uses O((n + K/ε) · log n) space and outputs a (2+ε) -approximation to sf Maximum Matching in any dynamic graph stream with at most K deletions.

[MASK]",space-complexity
2502.17779#5:bound-cloze:1,bound-cloze,2502.17779#5,2502.17779,theorem,space-complexity,Every decision problem solvable by a t(n) -time d -dimensional multitape Turing machine can be decided in [MASK] space (on a typical one-dimensional multitape Turing machine).,O((t(n) log t(n))^ 1-1/(d+1) )
2502.17779#5:paper-subarea:1,paper-subarea,2502.17779#5,2502.17779,theorem,space-complexity,"Every decision problem solvable by a t(n) -time d -dimensional multitape Turing machine can be decided in O((t(n) log t(n))^ 1-1/(d+1) ) space (on a typical one-dimensional multitape Turing machine).

[MASK]",space-complexity
2502.17779#6:bound-cloze:2,bound-cloze,2502.17779#6,2502.17779,lemma,space-complexity,"For every time-constructible b(n),t(n) such that log t(n) ≤ b(n) ≤ t(n) and every t(n) -time ell -tape Turing machine M , there is an equivalent [MASK] -time block-respecting (ell +1) -tape Turing machine M' with blocks of length b(n) .",O(t(n))
2502.17779#7:bound-cloze:3,bound-cloze,2502.17779#7,2502.17779,theorem,space-complexity,"sc Tree Evaluation on trees of bit-length b , maximum height h , and fan-in at most d , can be computed in [MASK] space.",O(d · b + h log (d · b))
2502.17779#7:paper-subarea:2,paper-subarea,2502.17779#7,2502.17779,theorem,space-complexity,"sc Tree Evaluation on trees of bit-length b , maximum height h , and fan-in at most d , can be computed in O(d · b + h log (d · b)) space.

[MASK]",space-complexity
2502.17779#8:bound-cloze:4,bound-cloze,2502.17779#8,2502.17779,theorem,space-complexity,"For every function t(n) ≥ [MASK] , sf TIME [t(n)] ⊆ sf SPACE [ sqrt t(n) log t(n)] .",n^2
2502.17779#8:paper-subarea:3,paper-subarea,2502.17779#8,2502.17779,theorem,space-complexity,"For every function t(n) ≥ n^2 , sf TIME [t(n)] ⊆ sf SPACE [ sqrt t(n) log t(n)] .

[MASK]",space-complexity
2502.17779#9:paper-subarea:4,paper-subarea,2502.17779#9,2502.17779,theorem,space-complexity,"For every time- t(n) multitape Turing machine M , there is an equivalent time- T(n) two-tape Turing machine M' which is oblivious, with T(n) ≤ O(t(n) log t(n)) . Furthermore, given n and i ∈ [T(n)] specified in O( log t(n)) bits, the two head positions of M' on a length- n input at time step i can be computed in poly ( log t(n)) time.

[MASK]",space-complexity
2503.11131#1:bound-cloze:1,bound-cloze,2503.11131#1,2503.11131,definition,derandomization,"An instance of NCP over a finite field F_q consists of an affine subspace V ⊆ F_[MASK] , where V is encoded using any basis. The goal is to find the minimum Hamming weight of any vector x ∈ V .",q^ n
2503.11131#2:bound-cloze:2,bound-cloze,2503.11131#2,2503.11131,definition,derandomization,An instance of MDP over a finite field F_q consists of a subspace V ⊆ F_[MASK] . The goal is to find the minimum Hamming weight of any nonzero vector x ∈ V .,q^ n
2503.11131#3:paper-subarea:1,paper-subarea,2503.11131#3,2503.11131,theorem,derandomization,"For any finite field F_q , it is NP-Hard to approximate MDP within any constant factor, and for any fixed ε>0 , it is Quasi-NP-Hard to approximate MDP within 2^ log ^ 1-ε n .

[MASK]",derandomization
2503.11131#4:paper-subarea:2,paper-subarea,2503.11131#4,2503.11131,theorem,derandomization,"For any finite field F_q , it is NP-Hard to approximate NCP within any constant factor, and for any fixed ε>0 , it is Quasi-NP-Hard to approximate NCP within 2^ log ^ 1-ε n .

[MASK]",derandomization
2503.11131#5:bound-cloze:3,bound-cloze,2503.11131#5,2503.11131,proposition,derandomization,"Fix any finite field F_q . Given n variables x_1, ... ,x_n and m quadratic equations Q_1(xx^T)=0, ... , Q_m(xx^T)=0 , it is NP-hard to distinguish between the following two cases: sep=0ex (YES) There exists a non-zero vector x ∈ {0,1}^n satisfying all m equations. (NO) There is no non-zero x ∈ F_[MASK] satisfying all m equations. Furthermore, the hardness holds with the distinguished-coordinate property, i.e., in the YES case, there is a non-zero vector x satisfying all equations as well as x_n=1 .",q^n
2503.11131#6:bound-cloze:4,bound-cloze,2503.11131#6,2503.11131,observation,derandomization,"For any subspaces U ⊆ F _[MASK] and V ⊆ F _q^m , |U ⊗ V|_0 = |U|_0 · |V|_0 .",q^n
2503.12996#1:bound-cloze:1,bound-cloze,2503.12996#1,2503.12996,lemma,space-complexity,"Let ρ be a graph parameter, and let k ≥ 0 be an integer. If there exists a streaming algorithm for deciding ρ(G) ≤ k , and a streaming algorithm for deciding ρ(G) ≤ k-1 , both with space complexity s(n) bits on n -node graphs G , then there exists a streaming algorithm for ρ(G)= k with space complexity [MASK] bits. The same holds under the assumption that there exist streaming algorithms for deciding ρ(G) ≥ k and for deciding ρ(G) ≥ k+1 , both with space complexity s(n) bits.",O(s(n))
2503.12996#2:bound-cloze:2,bound-cloze,2503.12996#2,2503.12996,theorem,space-complexity,"All the following problems require [MASK] bits of memory to be decided by a (possibly randomized) streaming algorithm: sc MaxMatching _ ≤ and sc MaxMatching _ ≥ , sc Degeneracy _ ≤ and sc Degeneracy _ ≥ , sc MinVC _ ≤ and sc MinVC _ ≥ , sc MaxIS _ ≤ and sc MaxIS _ ≥ , sc MaxClique _ ≤ and sc MaxClique _ ≥ , and sc Coloring _ ≥ . Furthermore, sc Diameter xspace _ ≤ 2 , sc Diameter xspace _ ≥ 3 , and sc Coloring _ ≤ 3 also require Ω(n^2) bits of memory to be decided by a (possibly randomized) streaming algorithm.",Ω(n^2)
2503.12996#2:paper-subarea:1,paper-subarea,2503.12996#2,2503.12996,theorem,space-complexity,"All the following problems require Ω(n^2) bits of memory to be decided by a (possibly randomized) streaming algorithm: sc MaxMatching _ ≤ and sc MaxMatching _ ≥ , sc Degeneracy _ ≤ and sc Degeneracy _ ≥ , sc MinVC _ ≤ and sc MinVC _ ≥ , sc MaxIS _ ≤ and sc MaxIS _ ≥ , sc MaxClique _ ≤ and sc MaxClique _ ≥ , and sc Coloring _ ≥ . Furthermore, sc Diameter xspace _ ≤ 2 , sc Diameter xspace _ ≥ 3 , and sc Coloring _ ≤ 3 also require Ω(n^2) bits of memory to be decided by a (possibly randomized) streaming algorithm.

[MASK]",space-complexity
2503.12996#3:bound-cloze:3,bound-cloze,2503.12996#3,2503.12996,theorem,space-complexity,"There exists a semi-streaming certification schemes for sc MaxMatching . Specifically: sloppy There exist a certification scheme for sc MaxMatching _ ≥ with certificate size [MASK] bits, and a verifier's space complexity of O( log n) bits for all n -node graphs and threshold k ≥ 1 . There exist a certification scheme for sc MaxMatching _ ≥ with certificate size O(n log Δ) bits, and verifier's space complexity of O(n) bits for all n -node graphs of maximum degree Δ . There exists a certification scheme for sc MaxMatching _ ≤ with certificate size O(n) bits, and verifier's space complexity is O(n log n) bits for all n -node graphs.",O(k log n)
2503.12996#3:paper-subarea:2,paper-subarea,2503.12996#3,2503.12996,theorem,space-complexity,"There exists a semi-streaming certification schemes for sc MaxMatching . Specifically: sloppy There exist a certification scheme for sc MaxMatching _ ≥ with certificate size O(k log n) bits, and a verifier's space complexity of O( log n) bits for all n -node graphs and threshold k ≥ 1 . There exist a certification scheme for sc MaxMatching _ ≥ with certificate size O(n log Δ) bits, and verifier's space complexity of O(n) bits for all n -node graphs of maximum degree Δ . There exists a certification scheme for sc MaxMatching _ ≤ with certificate size O(n) bits, and verifier's space complexity is O(n log n) bits for all n -node graphs.

[MASK]",space-complexity
2503.12996#4:bound-cloze:4,bound-cloze,2503.12996#4,2503.12996,lemma,space-complexity,"There exists a semi-streaming certification scheme for sc MaxMatching _ ≥ . Specifically, the certificate size of the scheme is [MASK] bits, and the space complexity of the algorithm is O( log n) bits.",O(k log n)
2503.12996#7:paper-subarea:3,paper-subarea,2503.12996#7,2503.12996,theorem,space-complexity,"Any streaming certification scheme for sc MaxMatching _ ≥ using c -bit certificates and using m bits of work-memory for n -node graphs satisfies c+m=Ω(n) .

[MASK]",space-complexity
2503.12996#8:paper-subarea:4,paper-subarea,2503.12996#8,2503.12996,theorem,space-complexity,"There exists a semi-streaming certification scheme for sc Degeneracy . Specifically: There exists a semi-streaming certification scheme for sc Degeneracy _ ≤ with certificate size O(n log n) bits, and verifier's space complexity O(n log k) bits for all n -node graphs and thresholds k ≥ 1 . There exists a semi-streaming certification scheme for sc Degeneracy _ ≥ with certificate size min {k log n, n} bits, and verifier's space complexity O(n log k) bits for all n -node graphs and thresholds k ≥ 1 .

[MASK]",space-complexity
2503.13699#2:bound-cloze:1,bound-cloze,2503.13699#2,2503.13699,theorem,derandomization; interactive-proofs; quantum-complexity,"Let G (H) be the Hamiltonian game for a XZ local Hamiltonian H . If provers P^* , with some strategy S , win G (H) with probability 1 - ε , then the extractor with oracle access to S outputs a quantum state ζ such that Tr (Hζ) ≤ λ_0(H) + [MASK] ε.",O( poly (n))
2503.13699#2:paper-subarea:1,paper-subarea,2503.13699#2,2503.13699,theorem,derandomization; interactive-proofs; quantum-complexity,"Let G (H) be the Hamiltonian game for a XZ local Hamiltonian H . If provers P^* , with some strategy S , win G (H) with probability 1 - ε , then the extractor with oracle access to S outputs a quantum state ζ such that Tr (Hζ) ≤ λ_0(H) + O( poly (n)) ε.

[MASK]",derandomization; interactive-proofs; quantum-complexity
2503.13699#6:bound-cloze:2,bound-cloze,2503.13699#6,2503.13699,definition,derandomization; interactive-proofs; quantum-complexity,"The XZ k -Local Hamiltonian problem, for k ∈ N and parameters α, β ∈ [0,1] with α<β , is the following promise problem. Let n be the number of qubits of a quantum system. The input is a sequence of m(n) values γ_1,...,γ_ m(n) ∈ [-1,1] and m(n) Hamiltonians H_1, ... , H_ m(n) where m is a polynomial in n , and for each i ∈ [m(n)] , H_i is of the form otimes_ j ∈ n σ_ W_j ∈ {σ_X, σ_Z, σ_I}^ ⊗ n with |{j | j ∈ [n] rm and σ_ W_j ≠ σ_I }| ≤ k . For H = frac 1 m(n) Σ _ j = 1 ^ m(n) γ_j H_j , one of the following two conditions hold. There exists a state ket ψ ∈ C ^ [MASK] such that bra ψ H ket ψ ≤ α(n) For all states ket ψ ∈ C ^ 2^ n it holds that bra ψ H ket ψ ≥ β(n) .",2^ n
2503.13699#13:bound-cloze:3,bound-cloze,2503.13699#13,2503.13699,theorem,derandomization; interactive-proofs; quantum-complexity,"There exists a constant C>0 such that the following holds. For any ε>0 , n ∈ N , and strategy S =(τ^A,τ^B,ket ψ _ AB ∈ H _A ⊗ H _B) for the n -qubit LWPBT with winning probability 1-ε , there are isometries V_A: H _A → ( C ^2)^ ⊗ n ⊗ H _A^ aux ,V_B: H _B → ( C ^2)^ ⊗ n ⊗ H _B^ aux and a unit vector ket aux ∈ H _A^ aux ⊗ H _B^ aux such that lVert (V_A ⊗ V_B) (Id_ H _A ⊗ W_B(a)ket ψ _ AB )- (Id_ C ^ [MASK] ⊗ σ_W(a)ket Φ^+ ^ ⊗ n ) ⊗ ket aux rVert ≤ Cn^ 6 ε^ 1/4 for all W(a) ∈ I _B . In particular, we have lVert W_B(a)ket ψ _ AB -V_B^dagger σ_W(a)V_Bket ψ _ AB rVert ≤ Cn^ 6 ε^ 1/4 for all W(a) ∈ I _B .",2^n
2503.13699#13:paper-subarea:2,paper-subarea,2503.13699#13,2503.13699,theorem,derandomization; interactive-proofs; quantum-complexity,"There exists a constant C>0 such that the following holds. For any ε>0 , n ∈ N , and strategy S =(τ^A,τ^B,ket ψ _ AB ∈ H _A ⊗ H _B) for the n -qubit LWPBT with winning probability 1-ε , there are isometries V_A: H _A → ( C ^2)^ ⊗ n ⊗ H _A^ aux ,V_B: H _B → ( C ^2)^ ⊗ n ⊗ H _B^ aux and a unit vector ket aux ∈ H _A^ aux ⊗ H _B^ aux such that lVert (V_A ⊗ V_B) (Id_ H _A ⊗ W_B(a)ket ψ _ AB )- (Id_ C ^ 2^n ⊗ σ_W(a)ket Φ^+ ^ ⊗ n ) ⊗ ket aux rVert ≤ Cn^ 6 ε^ 1/4 for all W(a) ∈ I _B . In particular, we have lVert W_B(a)ket ψ _ AB -V_B^dagger σ_W(a)V_Bket ψ _ AB rVert ≤ Cn^ 6 ε^ 1/4 for all W(a) ∈ I _B .

[MASK]",derandomization; interactive-proofs; quantum-complexity
2503.13699#16:bound-cloze:4,bound-cloze,2503.13699#16,2503.13699,lemma,derandomization; interactive-proofs; quantum-complexity,"Let H=frac 1 m Σ ^m_ ell =1 γ_ell H_ell be a 6 -local, n -qubit Hamiltonian of XZ -type. Assume that ζ is the output state of the extractor. For any η ∈ (0,1) , let p=frac 4η^ nicefrac 3 4 3^ nicefrac 3 4 (1+C)[MASK] where C is the constant given in Cref thm:rigidity . Then ω ( G (H,p) ) ≤ ω(S_ sh ) + η, where ω(S_ sh )=1-p (frac 1 2m Σ _ ell ∈ [m] |γ_ell | +frac 1 2 Tr (Hζ) ) .",n^ 6
2503.13699#18:paper-subarea:3,paper-subarea,2503.13699#18,2503.13699,theorem,derandomization; interactive-proofs; quantum-complexity,"Let H=frac 1 m Σ _ ell ∈ [m] γ_ell H_l be an XZ-Hamiltonian for which γ := frac 1 m Σ _ ell ∈ [m] |γ_ell | ≤ 1 . For any value 0 ≤ α ≤ γ take p^* and η^* to be as defined in cref eq:eta and cref eq:p . If provers P^* , with some strategy S , wins G (H,p^*) with probability 1 - ε > 1-η^* , then the extractor of Cref fig:extractor , with oracle access to S , outputs a quantum state ζ such that Tr (Hζ) ≤ α + O( poly (n)) ε.

[MASK]",derandomization; interactive-proofs; quantum-complexity
2503.13699#19:paper-subarea:4,paper-subarea,2503.13699#19,2503.13699,theorem,derandomization; interactive-proofs; quantum-complexity,"Consider an instance x of a QMA problem A = (A_ yes , A_ no ) , and define (H_x, α, β) as the XZ Hamiltonian obtained by applying the circuit-to-local Hamiltonian construction to the verification circuit V_x of . Additionally, let Q denote the standard QMA verification circuit for (H_x, α, β) . There exists polynomials q, r such that game G (H, p^*) is a statistical zero-knowledge classical proof of quantum knowledge for QMA relation R_ Q, 1-q(n, ε) with knowledge error κ=1-frac 1 r(n) .

[MASK]",derandomization; interactive-proofs; quantum-complexity
2503.19188#2:paper-subarea:1,paper-subarea,2503.19188#2,2503.19188,corollary,structural,"If NP ⊆ P/poly , then PH = L_2^ scriptscriptstyle P = P ^ prMA .

[MASK]",structural
2503.19188#4:bound-cloze:1,bound-cloze,2503.19188#4,2503.19188,corollary,structural,E ^ prSBP contains a language of circuit complexity [MASK]/n .,2^n
2503.19188#4:paper-subarea:2,paper-subarea,2503.19188#4,2503.19188,corollary,structural,"E ^ prSBP contains a language of circuit complexity 2^n/n .

[MASK]",structural
2503.19188#5:paper-subarea:3,paper-subarea,2503.19188#5,2503.19188,theorem,structural,"P ^ prO_2^ scriptscriptstyle P ⊆ O_2^ scriptscriptstyle P .

[MASK]",structural
2503.19188#12:problem-name:1,problem-name,2503.19188#12,2503.19188,definition,structural,"\ sc [MASK] is the following total search problem. Input: circuit C with n inputs and m>n outputs. Output: y ∈ {0,1}^ m \ Im C .",Avoid
2503.19188#13:problem-name:2,problem-name,2503.19188#13,2503.19188,definition,structural,"\ sc [MASK] is the following total search problem. bf Input: ordering relation mathrel < raisebox 1.5pt scalebox 0.4 E given as a Boolean circuit E with 2n inputs. bf Output: either the minimum for mathrel < raisebox 1.5pt scalebox 0.4 E (that is, x such that ∀ y ∈ {0,1}^n \ {x}\ xmathrel < raisebox 1.5pt scalebox 0.4 E y ) or a counterexample, if mathrel < raisebox 1.5pt scalebox 0.4 E is not a strict linear order. A counterexample is either a pair satisfying xmathrel < raisebox 1.5pt scalebox 0.4 E ymathrel < raisebox 1.5pt scalebox 0.4 E x or a triple satisfying xmathrel < raisebox 1.5pt scalebox 0.4 E ymathrel < raisebox 1.5pt scalebox 0.4 E zmathrel < raisebox 1.5pt scalebox 0.4 E x .",LOP
2503.19188#20:bound-cloze:2,bound-cloze,2503.19188#20,2503.19188,definition,structural,"A language L is in SBP if there exist ε > 0 , k,ell ∈ N and a polynomial-time computable predicate B(x,r) such that If x ∈ L then ⇒ Pr _ r [B(x,r) = 1] ≥ (1 + ε) · frac 1 [MASK] , If x ∉ L then ⇒ Pr _ r [B(x,r) = 1] ≤ (1 - ε) · frac 1 2^ n^k . where n = | x | and r is uniformly distributed on {0,1}^ n^ell .",2^ n^k
2503.19188#37:paper-subarea:4,paper-subarea,2503.19188#37,2503.19188,theorem,structural,"P ^ prO_2^ scriptscriptstyle P ⊆ O_2^ scriptscriptstyle P .

[MASK]",structural
2504.01354#3:paper-subarea:1,paper-subarea,2504.01354#3,2504.01354,theorem,counting-complexity,"Let G be a finite set of graphs. If G ∩ H ≠ ∅ , then \#PM[ G ] can be solved in polynomial time; otherwise it is \#P -hard.

[MASK]",counting-complexity
2504.01354#5:paper-subarea:2,paper-subarea,2504.01354#5,2504.01354,theorem,counting-complexity,"For \#CSP on Boolean domain with complex range: \#CSP ( F )[K_4] can be computed in linear time for arbitrary finite F ; \#CSP ( F )[K_5] is computable in polynomial time if \#CSP ( F )le PL rangle is polynomial-time computable; otherwise it is \#P -hard. \#CSP ( F )[K_6] is computable in polynomial time if \#CSP ( F ) is polynomial-time computable; otherwise it is \#P -hard. For any constant k ∈ N ^+ , maximum degree k \#CSP ( F )[ K_7 ] is computable in polynomial time if \#CSP ( F )le PL rangle is polynomial-time computable; otherwise it is \#P -hard. For for any integer k ≥ 3 , maximum degree k \#CSP ( F )[ K_8 ] is computable in polynomial time if \#CSP ( F ) is polynomial-time computable; otherwise it is \#P -hard.

[MASK]",counting-complexity
2504.01354#9:bound-cloze:1,bound-cloze,2504.01354#9,2504.01354,theorem,counting-complexity,"Given a graph G and a constant k , there is an algorithm that can either report sf tw (G)> k , or give a tree decomposition of G with width at most k in [MASK] time, where f is a computable function.",O(f(k)|G|)
2504.01354#9:paper-subarea:3,paper-subarea,2504.01354#9,2504.01354,theorem,counting-complexity,"Given a graph G and a constant k , there is an algorithm that can either report sf tw (G)> k , or give a tree decomposition of G with width at most k in O(f(k)|G|) time, where f is a computable function.

[MASK]",counting-complexity
2504.01354#13:paper-subarea:4,paper-subarea,2504.01354#13,2504.01354,theorem,counting-complexity,"sf svg preceq sf p _ ga+ ,sf p _ ga3 preceq sf svg .

[MASK]",counting-complexity
2504.01354#15:bound-cloze:2,bound-cloze,2504.01354#15,2504.01354,theorem,counting-complexity,"For a graph H which is a minor of H_k and a graph G , in [MASK] time where f(k) is some computable function, we can find either the fact that H is a minor of G , or alternatively a tree decomposition (T,β) of G whose ga3 -width is less than c(k) , where c(k) is some computable function that depends only on k .",O(f(k) · |G|^3)
2504.01354#24:bound-cloze:3,bound-cloze,2504.01354#24,2504.01354,lemma,counting-complexity,"Suppose that there is a sequence of signatures f_1,f_2,...,f_k,... , where f_k=[1,0,f(k)] and f: N ^+ → C is a computable function satisfying f(i) ≠ f(j) whenever i ≠ j . If for each k ∈ N ^+ , f_k can be realized by a gadget GG_k of Holant ( F ) of size [MASK] , then for any c ∈ C , Holant ( F ∪ {[1,0,c]}) ≤ _T Holant ( F )",poly(k)
2504.01354#34:bound-cloze:4,bound-cloze,2504.01354#34,2504.01354,lemma,counting-complexity,"A matchgate signature of arity k can be realized by a matchgate with at most [MASK] vertices, which can be constructed in O(k^4) time.",O(k^4)
2504.02115#2:paper-subarea:1,paper-subarea,2504.02115#2,2504.02115,theorem,query-complexity,"Let H be a Hilbert space, and let |ψ rangle ∈ H be a state. Let |bot rangle be any computational basis state. We can implement an operation C_ |bot rangle , |ψ rangle that implements |bot rangle mapsto |ψ rangle in time widetilde O ( log (dim ( H ))) , using a QROM of size widetilde O (dim ( H )) .

[MASK]",query-complexity
2504.02115#3:paper-subarea:2,paper-subarea,2504.02115#3,2504.02115,theorem,query-complexity,"Let H be a Hilbert space and |ψ rangle ∈ H be a state. We can reflect through Span { |ψ rangle } in time widetilde O ( log (dim ( H ))) , and using a QROM of size widetilde O (dim ( H )) .

[MASK]",query-complexity
2504.02115#4:bound-cloze:1,bound-cloze,2504.02115#4,2504.02115,theorem,query-complexity,"Let n,m ∈ N , let |bot rangle be a computational basis state in C ^n , and let |ψ rangle = frac 1 sqrt m Σ _ j=1 ^m |j rangle ∈ C ^n . Then, we can implement an operation that maps |bot rangle mapsto |ψ rangle in time widetilde [MASK] .",O ( log (n))
2504.02115#4:paper-subarea:3,paper-subarea,2504.02115#4,2504.02115,theorem,query-complexity,"Let n,m ∈ N , let |bot rangle be a computational basis state in C ^n , and let |ψ rangle = frac 1 sqrt m Σ _ j=1 ^m |j rangle ∈ C ^n . Then, we can implement an operation that maps |bot rangle mapsto |ψ rangle in time widetilde O ( log (n)) .

[MASK]",query-complexity
2504.02115#8:paper-subarea:4,paper-subarea,2504.02115#8,2504.02115,theorem,query-complexity,"Let P be a span program on D , and α > 0 . Then, for all x ∈ D W _+(x,α P ) = W _+(x, P ) · α , and so w_+(x,α P ) = w_+(x, P ) · α . W _-(x,α P ) = W _-(x, P )/α , and so w_-(x,α P ) = w_-(x, P )/α . W_+(α P ) = α W_+( P ) , W_-(α P ) = W_-( P )/α , and so C(α P ) = C( P ) . If P computes f , then so does α P .

[MASK]",query-complexity
2504.02115#27:bound-cloze:2,bound-cloze,2504.02115#27,2504.02115,theorem,query-complexity,"Let G = (V,E) be a graph with resistances r : E → R _ >0 , and let T be a tree-parallel decomposition of the circulation space of G , with depth d . For every ell ∈ [d] , let k_ ell be the maximum number of children of nodes in the (ell -1) th vertex layer. We use a Hilbert space C ^ [k_1] ∪ {bot } ⊗ ... ⊗ C ^ [k_d] ∪ {bot } , with dimension K = (k_1+1) ... (k_d+1) . Every node u in T is connected to its root by a unique path. If u is in the ell th vertex layer, we write u = (j_1, ... , j_ell ) , if u is reached through starting at the root node and taking the j_ ell ' th child at the (ell '-1) th vertex layer, for all ell ' ∈ [ell ] . Moreover, since every leaf u = (j_1, ... , j_d) is uniquely labeled by a singleton {e} , we identify \[ |e rangle := |j_1, ... , j_d rangle .\] Next, let an internal node u ∈ V be labeled by E_u , and let u_1, ... , u_k be its children, labeled by E_ u_1 , ... , E_ u_k . Suppose that G|_ E_ u_1 , ... , G|_ E_ u_k is a parallel decomposition of G|_ E_u , with source and sink nodes s and t . For all j ∈ [k] , we write \[ |ψ_u rangle := Σ _ j=1 ^k frac 1 | |f_ u,j rangle | |j rangle , qquad with qquad |f_ u,j rangle := |f^ min _ G|_ E_ u_j , s, t, r|_ E_ u_j rangle .\] Now, for every ell ∈ [d] , we write the operation E _ ell that for all u = (j_1, ... , j_ ell -1 ) in the (ell -1) th layer of T acts for all j ∈ [k] , \[ E _ ell : |j_1, ... ,j_ ell -1 rangle |j rangle |bot rangle ^ ⊗ (d-ell ) mapsto |j_1, ... ,j_ ell -1 rangle |j rangle |bot rangle ^ ⊗ (d-ell ) , & if u is the root of a tree decomposition , |j_1, ... ,j_ ell -1 rangle |j rangle frac |f_ u,j rangle | |f_ u,j rangle | , & otherwise . \] Similarly, for all ell ∈ [d] , we write U_ ell as the operation that for all u = (j_1, ... , j_ ell -1 ) in the (ell -1) th layer of T acts as \[U_ ell : |j_1, ... ,j_ ell -1 rangle |bot rangle |bot rangle ^ ⊗ (d-ell ) mapsto |j_1, ... ,j_ ell -1 rangle |bot rangle |bot rangle ^ ⊗ (d-ell ) , & if u is the root of a tree decomposition , |j_1, ... , j_ ell -1 rangle |ψ_u rangle |bot rangle ^ ⊗ (d-ell ) , & otherwise . \] Then, we can implement the reflection through C _ G,r in the circuit model with two calls to all the E _ ell 's and U_ ell 's, and widetilde [MASK] auxiliary elementary gates.",O (d log (K))
2504.02115#28:bound-cloze:3,bound-cloze,2504.02115#28,2504.02115,theorem,query-complexity,"Let G = (V,E) be a graph with resistances r : E → R _ >0 , and let T be a tree-parallel decomposition of G , with depth d . For every ell ∈ [d] , let k_ ell be the maximum number of children nodes of vertices in the (ell -1) th vertex layer, and let K = (k_1 + 1) ... (k_d + 1) . Then, we can implement R_ C _ G,r in the QROM-model with widetilde O (|E|K) ⊆ widetilde [MASK] bits of QROM, and widetilde O (d log (K)) ⊆ widetilde O (d^2 log |E|) elementary gates.",O (|E|^ d+1 )
2504.02115#36:bound-cloze:4,bound-cloze,2504.02115#36,2504.02115,theorem,query-complexity,"Let n ∈ N , D ⊆ {0,1}^n , and φ : D → {0,1} be a boolean formula. Let J(φ) be the multiset of the indices being queried by φ , e.g., J((x_ j_1 ∧ x_ j_2 ) ∨ ( ¬ x_ j_1 ∧ ¬ x_ j_2 )) = {j_1,j_2,j_1,j_2} . Let P _1, ... , P _n be span programs on D , such that P _j computes the j th bit of x ∈ D . Then we can build a graph composition P on D of a series-parallel graph G that computes φ with complexity \[C( P )^2 ≤ Σ _ j ∈ J(φ) C( P _j)^2.\] Moreover, in the QROM-model, we can implement the reflection through the circulation space using a QROM with widetilde [MASK] bits, and with widetilde O (d^2 log |J(φ)| ) elementary gates, where d is the depth of the AND-OR-tree representation of φ .",O (|J(φ)|^ d+1 )
2504.08444#3:bound-cloze:1,bound-cloze,2504.08444#3,2504.08444,theorem,derandomization; space-complexity,"For all s := s(n) , c := c(n) such that log n ≤ s ≤ c ≤ 2^s , CNSPACE [s,c] ⊆ CSPACE [[MASK],O(c)].",O(s^2)
2504.08444#3:paper-subarea:1,paper-subarea,2504.08444#3,2504.08444,theorem,derandomization; space-complexity,"For all s := s(n) , c := c(n) such that log n ≤ s ≤ c ≤ 2^s , CNSPACE [s,c] ⊆ CSPACE [O(s^2),O(c)].

[MASK]",derandomization; space-complexity
2504.08444#4:bound-cloze:2,bound-cloze,2504.08444#4,2504.08444,theorem,derandomization; space-complexity,"For all s := s(n) , c := c(n) such that log n ≤ s ≤ c ≤ 2^s , coCNSPACE [s,c] ⊆ CNSPACE [[MASK],O(c)].",O(s)
2504.08444#4:paper-subarea:2,paper-subarea,2504.08444#4,2504.08444,theorem,derandomization; space-complexity,"For all s := s(n) , c := c(n) such that log n ≤ s ≤ c ≤ 2^s , coCNSPACE [s,c] ⊆ CNSPACE [O(s),O(c)].

[MASK]",derandomization; space-complexity
2504.08444#5:bound-cloze:3,bound-cloze,2504.08444#5,2504.08444,theorem,derandomization; space-complexity,"For all s := s(n) , c := c(n) such that log n ≤ s ≤ c ≤ 2^s and all α ∈ [0,1/2] , CBPSPACE [s,c] ⊆ CSPACE [[MASK],O(c+s^ 2-α )].",O(s^ 1+α )
2504.08444#5:paper-subarea:3,paper-subarea,2504.08444#5,2504.08444,theorem,derandomization; space-complexity,"For all s := s(n) , c := c(n) such that log n ≤ s ≤ c ≤ 2^s and all α ∈ [0,1/2] , CBPSPACE [s,c] ⊆ CSPACE [O(s^ 1+α ),O(c+s^ 2-α )].

[MASK]",derandomization; space-complexity
2504.08444#6:bound-cloze:4,bound-cloze,2504.08444#6,2504.08444,theorem,derandomization; space-complexity,"For all s := s(n) , c := c(n) such that log n ≤ s ≤ c ≤ 2^s , CPSPACE [s,c] ⊆ CSPACE [[MASK],O(c)].",O(s^2)
2504.08444#6:paper-subarea:4,paper-subarea,2504.08444#6,2504.08444,theorem,derandomization; space-complexity,"For all s := s(n) , c := c(n) such that log n ≤ s ≤ c ≤ 2^s , CPSPACE [s,c] ⊆ CSPACE [O(s^2),O(c)].

[MASK]",derandomization; space-complexity
2504.09991#7:bound-cloze:1,bound-cloze,2504.09991#7,2504.09991,definition,derandomization; space-complexity,"We define CSPACE [s,c] to be the family of functions computable by catalytic Turing machines with space s and catalytic space c . We also define sf catalytic logspace as CL := cup_ d ∈ N CSPACE [d log n, [MASK]] Furthermore we define CLP as the family of functions computable by CL machines that are additionally restricted to run in polynomial time for every initial catalytic tape τ .",n^d
2504.09991#14:paper-subarea:1,paper-subarea,2504.09991#14,2504.09991,theorem,derandomization; space-complexity,"Let G = (V = L ∪ R, E) be a bipartite graph, and let W:E → Z _ ≤ poly (n) be a weight assignment that isolates a perfect matching M_ unique in G . Then there exists an Logspace ^ DET machine which, given input (G, e ∈ E) and access to W , determines whether e ∈ M_ unique .

[MASK]",derandomization; space-complexity
2504.09991#29:bound-cloze:2,bound-cloze,2504.09991#29,2504.09991,lemma,derandomization; space-complexity,"Let G = (V = L ∪ R, E) be a bipartite graph, and let τ be a string of length poly (n) such that we interpret the initial substring of τ as a weight assignment W:E → Z _ ≤ [MASK] which isolates a matching of size k but does not isolate a matching of size k+1 . We interpret an additional 5 log n bits on the catalytic tape as a reserve weight r ∈ Z _ ≤ n^5 . Then there exist catalytic subroutines Comp , Decomp with the following behavior: Comp (G,k) replaces (W,r) with (W', k, e, 0^ 2 log n ) for some edge e , where W'(e') = W(e') for all e' ≠ e and W'(e) = r , and leaves all other catalytic memory unchanged Decomp (G,k,u,v) inverts Comp",n^5
2504.09991#31:paper-subarea:2,paper-subarea,2504.09991#31,2504.09991,theorem,derandomization; space-complexity,"There exist NC algorithms A _1 , A _2 which, given a bipartite graph G = (V, E) with as input, have the following behaviour: A _1 outputs NC circuits Comp :{0, 1}^ f(n) → {0, 1}^ f(n) - 1 and Decomp :{0, 1}^ f(n) - 1 → {0, 1}^ f(n) such that both Comp and Decomp have depth polylog (n) and size poly (n) . Furthermore, f(n) ∈ poly (n) . Given any x ∈ {0, 1}^ f(n) such that Decomp (Comp (x)) ≠ x , A _2 outputs a maximum matching of G .

[MASK]",derandomization; space-complexity
2504.09991#32:paper-subarea:3,paper-subarea,2504.09991#32,2504.09991,corollary,derandomization; space-complexity,"The following search problems are in CLP : minimum weight maximum matching with polynomially bounded weights directed s - t maximum flow in general graphs with polynomially bounded capacities global minimum cut in general graphs

[MASK]",derandomization; space-complexity
2504.14074#1:paper-subarea:1,paper-subarea,2504.14074#1,2504.14074,theorem,counting-complexity,"If there is a holographic transformation mapping signature grid Ω to Ω' , then Holant _ Ω = Holant _ Ω' .

[MASK]",counting-complexity
2504.14074#2:paper-subarea:2,paper-subarea,2504.14074#2,2504.14074,corollary,counting-complexity,"Suppose T is an orthogonal matrix, T^intercal T = I , and let Ω = (G, F , π) be a signature grid. Under a holographic transformation by T , we get a new signature grid Ω' = (G, T F , π) and Holant _ Ω = Holant _ Ω' .

[MASK]",counting-complexity
2504.14074#8:paper-subarea:3,paper-subarea,2504.14074#8,2504.14074,theorem,counting-complexity,"Let F be a set of nondegenerate symmetric signatures over C in Boolean variables. Then Holant^*_2 ( F ) is computable in polynomial time for the following three classes of F . In all other cases, Holant^*_2 ( F ) is \#P -hard. Every signature in F is of arity ≤ 2 . There exists a and b (not both 0 , depending only on F ), such that every signature in F either (1) has type I (a,b) or (2) has arity 2 and is of the form [2a λ, b λ, -2 a λ] . Every signature in F either (1) has type II or (2) has arity 2 and is of the form [λ, 0, λ] .

[MASK]",counting-complexity
2504.14074#9:paper-subarea:4,paper-subarea,2504.14074#9,2504.14074,theorem,counting-complexity,"Let F be a symmetric, complex valued, ternary signature over domain { B , G , R } . Then Holant^*_3 ( F ) \#P -hardxspace unless F is one of the following forms, in which case the problem is solvable in polynomial time. There exists three vectors α , β , γ ∈ C ^3 such that le α , β rangle = 0 , le α , γ rangle = 0 , and le β , γ rangle = 0 , and \[ F = α ^ ⊗ 3 + β ^ ⊗ 3 + γ ^ ⊗ 3 \] There exists three vectors α , β _1, β _2 ∈ C ^3 such that le α , β _1 rangle = 0 , le α , β _2 rangle = 0 , le β _1, β _1 rangle = 0 , le β _2, β _2 rangle = 0 and \[ F = α ^ ⊗ 3 + β _1^ ⊗ 3 + β _2^ ⊗ 3 \] There exists two vectors β , γ ∈ C ^3 and a signature F _ β of arity 3 , such that β ≠ 0 , le β , β rangle = 0 , le F _ β , β rangle = 0 and \[ F = F _ β + β ^ ⊗ 2 ⊗ γ + β ⊗ γ ⊗ β + γ ⊗ β ^ ⊗ 2 \] These cases are equivalent to an existence of an orthogonal transformation T , such that For some a, b, c ∈ C \[ T^ ⊗ 3 F = a e _1^ ⊗ 3 + b e _2^ ⊗ 3 + c e _3^ ⊗ 3 \] For some c ≠ 0 and λ ∈ C , \[ c T^ ⊗ 3 F = β _0^ ⊗ 3 + overline β _0 ^ ⊗ 3 + λ e _3 ^ ⊗ 3 \] where β _0 = frac 1 sqrt 2 (1, i, 0)^intercal and overline β is its conjugate frac 1 sqrt 2 (1, -i, 0)^intercal . For ε ∈ {0, 1} , \[ T^ ⊗ 3 F = F _0 + ε ( β ^ ⊗ 2 ⊗ overline β + β ⊗ overline β ⊗ β + overline β ⊗ β ^ ⊗ 2 ) \] where F _0 satisfies the annihilation condition le F _0, β _0 rangle = 0 .

[MASK]",counting-complexity
2504.14074#41:bound-cloze:1,bound-cloze,2504.14074#41,2504.14074,proposition,counting-complexity,"Let v _1, v _2, v _3 ∈ R ^3 be pairwise orthogonal vectors. Let F _k = v _1^ ⊗ k + v _[MASK] + v _3^ ⊗ k . Then, for any k ≥ 3 and any set of signatures mathscr F , \[ Holant^*_3 (mathscr F ∪ { F _k}) =_T Holant^*_3 (mathscr F ∪ { F _i : i ≥ 3}) . \]",2^ ⊗ k
2504.14074#44:bound-cloze:2,bound-cloze,2504.14074#44,2504.14074,lemma,counting-complexity,"Let F be a nondegenerate real-valued symmetric signature of arity n ≥ 3 . Then, Holant^*_3 ( F ) is tractable if there exists some real orthogonal matrix T such that one of the following conditions holds. T^ ⊗ n F = a e _1^ ⊗ n + b e _[MASK] + c e _3^ ⊗ n for some a, b, c ∈ R . T^ ⊗ n F = β ^ ⊗ n + overline β ^ ⊗ n + λ e _3^ ⊗ n where β = frac 1 sqrt 2 (1, i, 0)^intercal for some λ ∈ R . Otherwise Holant^*_3 ( F ) is \#P -hardxspace .",2^ ⊗ n
2504.16820#12:paper-subarea:1,paper-subarea,2504.16820#12,2504.16820,theorem,descriptive-logic; proof-complexity,"For every FPC -sentence ψ with signature τ , there exists an FOC -definable mapping cal F _ψ that takes every finite τ -structure A to a polynomial equation system cal F _ψ( A ) over bbQ such that: | cal F _ψ( A )| ≤ upshape poly (| A |) . Aut ( A ) has a natural action on the variables of cal F _ψ( A ) , and cal F _ψ( A ) is Aut ( A ) -invariant. cal F _ψ( A ) is unsatisfiable if, and only if, A models ψ . If cal F _ψ( A ) is unsatisfiable, then cal F _ψ( A ) has an Aut ( A ) -symmetric deg _2 - upshape IPS _ LIN refutation of size upshape poly (| cal F _ψ( A )|) .

[MASK]",descriptive-logic; proof-complexity
2504.16820#17:bound-cloze:1,bound-cloze,2504.16820#17,2504.16820,theorem,descriptive-logic; proof-complexity,"theorem CFIupperbound Let (G_n)_ n ∈ bbN be an arbitrary family of 3 -regular graphs, and let Γ_n be the subgroup of bbF _[MASK] defined above. For every n ∈ bbN , there exists a non- vec y -linear Γ_n - upshape sym-IPS -refutation over bbF _2 of the unsatisfiable equation system cal F _ CFI (G_n, u_n, 1) (regardless of the choice of u_n ∈ V(G_n)) , which has size at most upshape poly (| cal F _ CFI (G_n, u_n, 1)|) .",2^ E(G_n)
2504.16820#17:paper-subarea:2,paper-subarea,2504.16820#17,2504.16820,theorem,descriptive-logic; proof-complexity,"theorem CFIupperbound Let (G_n)_ n ∈ bbN be an arbitrary family of 3 -regular graphs, and let Γ_n be the subgroup of bbF _2^ E(G_n) defined above. For every n ∈ bbN , there exists a non- vec y -linear Γ_n - upshape sym-IPS -refutation over bbF _2 of the unsatisfiable equation system cal F _ CFI (G_n, u_n, 1) (regardless of the choice of u_n ∈ V(G_n)) , which has size at most upshape poly (| cal F _ CFI (G_n, u_n, 1)|) .

[MASK]",descriptive-logic; proof-complexity
2504.16820#18:bound-cloze:2,bound-cloze,2504.16820#18,2504.16820,theorem,descriptive-logic; proof-complexity,"theorem CFIupperboundLinear Let the setting be as in Theorem . For every n ∈ bbN , there exists a Γ_n - upshape sym-IPS _ LIN -refutation over bbF _2 of the unsatisfiable equation system cal F _ CFI ( cal G _n, u_n, 1) , which has size at most cal O ([MASK] ) .",2^ |E_n|
2504.16820#18:paper-subarea:3,paper-subarea,2504.16820#18,2504.16820,theorem,descriptive-logic; proof-complexity,"theorem CFIupperboundLinear Let the setting be as in Theorem . For every n ∈ bbN , there exists a Γ_n - upshape sym-IPS _ LIN -refutation over bbF _2 of the unsatisfiable equation system cal F _ CFI ( cal G _n, u_n, 1) , which has size at most cal O (2^ |E_n| ) .

[MASK]",descriptive-logic; proof-complexity
2504.16820#20:paper-subarea:4,paper-subarea,2504.16820#20,2504.16820,theorem,descriptive-logic; proof-complexity,"theorem subsetsumUpperBound The polynomial equation system cal F _ sum (vec x) (n,bbF ,β) has a Sym _n - upshape sym-IPS _ LIN -refutation of size at most upshape poly (| cal F _ sum (n,bbF ,β) |) , for all n, bbF , β such that the system is unsatisfiable. The same is true for cal F _ sum (vec x vec y) (n,bbF ,β) . Moreover, there is no constant k ∈ bbN such that deg _k - IPS can refute cal F _ sum (vec x) (n,bbF ,β) and cal F _ sum (vec x vec y) (n,bbF ,β) for all n ∈ bbN .

[MASK]",descriptive-logic; proof-complexity
2504.16820#31:bound-cloze:3,bound-cloze,2504.16820#31,2504.16820,lemma,descriptive-logic; proof-complexity,"The polynomial B(vec x, vec y) is vec y -linear and satisfies: B(vec x, vec 0) = 0 . B(vec x, cal F _ CFI (G,u,1)) = 1 + Σ _ (i_1,...,i_ m ) ∈ bbF _[MASK] x^ e_1 _ i_1 · ... · x^ e_ m _ i_ m . There exists a Γ -symmetric circuit B with |B| ≤ upshape poly (| cal F _ CFI (G,u,1)|) that computes B(vec x, vec y) .",2^ m
2504.18868#3:paper-subarea:1,paper-subarea,2504.18868#3,2504.18868,theorem,total-search,"If ψ^T was produced by an external regret minimizer with regret bounded by O ( sqrt T ) after T iterations and ψ^T is ε -EFM, then rm NashGap (overline bm σ ^T) ≤ O (1/ sqrt T )+ 2 M sqrt 2ε , where M = max _ i ∈ N max _ z ∈ Z | u_i(z)| .

[MASK]",total-search
2504.18868#7:paper-subarea:2,paper-subarea,2504.18868#7,2504.18868,theorem,total-search,"If rm CCE\ Gap ( bm δ ) = γ and bm δ is ε -normal-form-marginalizable, then rm NashGap (μ( bm δ )) ≤ γ + 2M sqrt 2 ε where M = max _ i ∈ N max _ bm ρ ∈ bm P | u_i( bm ρ )| .

[MASK]",total-search
2504.18868#9:paper-subarea:3,paper-subarea,2504.18868#9,2504.18868,theorem,total-search,"If ψ^T was produced by an external regret minimizer with regret bounded by O ( sqrt T ) after T iterations and ψ^T is ε -EFM, then rm NashGap (overline bm σ ^T) ≤ O (1/ sqrt T )+ 2 M sqrt 2ε , where M = max _ i ∈ N max _ z ∈ Z | u_i(z)| .

[MASK]",total-search
2504.19054#1:bound-cloze:1,bound-cloze,2504.19054#1,2504.19054,theorem,algebraic-complexity; fine-grained,"theorem recursionTheorem ifthmt@thisistheone (Informal) There exists an algorithm that, for any invertible RDDL matrix M ∈ R ^ n × n with entries given in L -bit floating-point representation, and ε ∈ (0,1) , computes a matrix Z such that Z overset underline ≈ _ ε N ^ -1 using widetilde O ([MASK] · (L + log frac 1 ε ) ) bit operations. else Let M ∈ R ^ n × n be an RDDL matrix, and let v ∈ R _ ≤ 0 ^n with at least one entry of v strictly smaller than zero. Suppose the entries of M and v are given in L -bit floating-point representation. Define N ∈ R ^ n × n such that for i ≠ j , N _ ij = M _ ij , and for i ∈ [n] , N _ ii = - ( v _i + Σ _ j ∈ [n] \ {i} M _ ij ) . If N is invertible, then hyperref [alg:RecursiveInversion] sc RecursiveInversion ( M , v , ε) returns a matrix Z such that Z overset underline ≈ _ ε N ^ -1 using widetilde O (n^3 · (L + log frac 1 ε ) ) bit operations.fi",n^3
2504.19054#1:paper-subarea:1,paper-subarea,2504.19054#1,2504.19054,theorem,algebraic-complexity; fine-grained,"theorem recursionTheorem ifthmt@thisistheone (Informal) There exists an algorithm that, for any invertible RDDL matrix M ∈ R ^ n × n with entries given in L -bit floating-point representation, and ε ∈ (0,1) , computes a matrix Z such that Z overset underline ≈ _ ε N ^ -1 using widetilde O (n^3 · (L + log frac 1 ε ) ) bit operations. else Let M ∈ R ^ n × n be an RDDL matrix, and let v ∈ R _ ≤ 0 ^n with at least one entry of v strictly smaller than zero. Suppose the entries of M and v are given in L -bit floating-point representation. Define N ∈ R ^ n × n such that for i ≠ j , N _ ij = M _ ij , and for i ∈ [n] , N _ ii = - ( v _i + Σ _ j ∈ [n] \ {i} M _ ij ) . If N is invertible, then hyperref [alg:RecursiveInversion] sc RecursiveInversion ( M , v , ε) returns a matrix Z such that Z overset underline ≈ _ ε N ^ -1 using widetilde O (n^3 · (L + log frac 1 ε ) ) bit operations.fi

[MASK]",algebraic-complexity; fine-grained
2504.19054#2:bound-cloze:2,bound-cloze,2504.19054#2,2504.19054,theorem,algebraic-complexity; fine-grained,"theorem APSPreduction ifthmt@thisistheone (Informal) Let c,δ>0 . Assuming the APSP conjecture, there does not exist any algorithm that computes an entrywise 0.7 -approximation of an RDDL matrix L ∈ R ^ n × n with integer entries in [1,M] in time widetilde [MASK] . else Let n ≥ 3 and G=([n],E,w) be a (directed or undirected) graph with integer edge weights in [1,M] . Then computing the distances d_w(u,v) for all pairs u,v ∈ [n] can be performed by computing an entrywise 0.7 -approximation of the inverse of an RDDL matrix M where the entries of M are represented with O( log n + log M) bits in floating-point representation. More precisely, M ∈ R ^ n × n is a matrix defined as M _ ij = 1 & i = j, 0 & (i, j) ∉ E, -2^ -n^2 M w_ ij & (i,j) ∈ E. Matrix M is symmetric if G is undirected. fi",O (n^ 3-δ log ^c M)
2504.19054#2:paper-subarea:2,paper-subarea,2504.19054#2,2504.19054,theorem,algebraic-complexity; fine-grained,"theorem APSPreduction ifthmt@thisistheone (Informal) Let c,δ>0 . Assuming the APSP conjecture, there does not exist any algorithm that computes an entrywise 0.7 -approximation of an RDDL matrix L ∈ R ^ n × n with integer entries in [1,M] in time widetilde O (n^ 3-δ log ^c M) . else Let n ≥ 3 and G=([n],E,w) be a (directed or undirected) graph with integer edge weights in [1,M] . Then computing the distances d_w(u,v) for all pairs u,v ∈ [n] can be performed by computing an entrywise 0.7 -approximation of the inverse of an RDDL matrix M where the entries of M are represented with O( log n + log M) bits in floating-point representation. More precisely, M ∈ R ^ n × n is a matrix defined as M _ ij = 1 & i = j, 0 & (i, j) ∉ E, -2^ -n^2 M w_ ij & (i,j) ∈ E. Matrix M is symmetric if G is undirected. fi

[MASK]",algebraic-complexity; fine-grained
2504.19054#3:paper-subarea:3,paper-subarea,2504.19054#3,2504.19054,theorem,algebraic-complexity; fine-grained,"theorem rddlQuadraticSolve ifthmt@thisistheone There exists an algorithm that, for any ε, δ ∈ (0,1) and U ≥ 2 , given an n × n invertible RDDL matrix L with m nonzero integer entries in [-U, U] and a nonnegative vector b with integer entries in [0, U] , produces a vector widetilde x such that widetilde x overset underline ≈ _ ε L ^ -1 b , with probability at least 1 - δ and using widetilde O (mn^ 1+o(1) log ^ O(1) (U κ ε^ -1 δ^ -1 ) ) bit operations, where κ is the condition number of L . else For hyperref [alg:RDDLSolver] sc RDDLSolver , given the inputs L , b , T, ε, κ under the assumption of Cref thm:ThresDec-correctness and δ ∈ (0,1) , if L has m nonzero entries, with probability 1-δ , hyperref [alg:RDDLSolver] sc RDDLSolver produces a vector widetilde x and a set A ⊆ [n] such that widetilde x has support A , with the following properties hold: For any i ∈ [n] with ( L ^ -1 b )_i ≥ (nU)^ -(T+1) lVert b rVert _1 , we have i ∈ A . Our output is an entrywise exp (ε) -approximation, widetilde x _A overset underline ≈ _ ε ( L ^ -1 b )_A . Specifically, when T = n , we have A = [n] and widetilde x overset underline ≈ _ ε L ^ -1 b . It runs in widetilde O ((m+n^ 1+o(1) ) · T log ^ O(1) (Uκε^ -1 δ^ -1 )) bit operations. fi

[MASK]",algebraic-complexity; fine-grained
2504.19054#4:bound-cloze:3,bound-cloze,2504.19054#4,2504.19054,theorem,algebraic-complexity; fine-grained,"theorem quadSDDMInv ifthmt@thisistheone There exists an algorithm that, for any ε, δ ∈ (0,1) and U ≥ 2 , given an n × n invertible SDDM matrix L with m nonzero integer entries in [-U, U] , produces a matrix Z such that Z overset underline ≈ _ ε L ^ -1 with probability at least 1 - δ , using widetilde O (mn log ^2(U ε^ -1 δ^ -1 ) ) bit operations. else For hyperref [alg:InvertSDDM] sc InvertSDDM , given ε ∈ (0, 1) , an invertible SDDM matrix L with m nonzero entries, the algorithm runs in widetilde [MASK] bit operations and outputs a matrix Z such that Z overset underline ≈ _ ε L ^ -1 . fi",O ( mn log ^2 (Uε^ -1 δ^ -1 ))
2504.19054#4:paper-subarea:4,paper-subarea,2504.19054#4,2504.19054,theorem,algebraic-complexity; fine-grained,"theorem quadSDDMInv ifthmt@thisistheone There exists an algorithm that, for any ε, δ ∈ (0,1) and U ≥ 2 , given an n × n invertible SDDM matrix L with m nonzero integer entries in [-U, U] , produces a matrix Z such that Z overset underline ≈ _ ε L ^ -1 with probability at least 1 - δ , using widetilde O (mn log ^2(U ε^ -1 δ^ -1 ) ) bit operations. else For hyperref [alg:InvertSDDM] sc InvertSDDM , given ε ∈ (0, 1) , an invertible SDDM matrix L with m nonzero entries, the algorithm runs in widetilde O ( mn log ^2 (Uε^ -1 δ^ -1 )) bit operations and outputs a matrix Z such that Z overset underline ≈ _ ε L ^ -1 . fi

[MASK]",algebraic-complexity; fine-grained
2504.19054#5:bound-cloze:4,bound-cloze,2504.19054#5,2504.19054,theorem,algebraic-complexity; fine-grained,"theorem mrootnthm ifthmt@thisistheone There exists an algorithm that, for any ε, δ ∈ (0,1) and U ≥ 2 , given an n × n invertible SDDM matrix L with m nonzero integer entries in [-U, U] and a nonnegative vector b with integer entries in [0, U] , produces a vector widetilde x such that widetilde x overset underline ≈ _ ε L ^ -1 b , with probability at least 1 - δ and using widetilde [MASK] bit operations. else Let L , b , ε be inputs satisfying the assumptions of Cref thm:ThresDec-correctness . Let L be an SDDM matrix with m nonzero integer entries in [-U,U] . Then hyperref [alg:SDDMSolverFast] sc SDDMSolverFast runs in widetilde O ( m sqrt n log ^2 (Uε^ -1 δ^ -1 )) bit operations and outputs vector widetilde x such that widetilde x overset underline ≈ _ ε L ^ -1 b . fi",O ( m sqrt n log ^2 (Uε^ -1 δ^ -1 ))
2504.19966#10:bound-cloze:1,bound-cloze,2504.19966#10,2504.19966,theorem,circuit-complexity; quantum-complexity,"Suppose ψ is an n qubit state satisfying: The mutual information between any pair of qubits is at least α The mutual information between any two disjoint regions of size s is at most β . for some constants α, β with k < α ≤ β < k+ 1 , and integers k ≥ 0 , s ≥ 1 . If a Clifford circuit C and a QNC circuit U approximately prepares ket ψ to within trace distance ε , then U has depth at least [MASK] . In particular, when s = ω(1) this state can not be prepared by A _ 1 CQ to within o(1) error.","Ω ( log min { s , 1/ε } )"
2504.19966#10:paper-subarea:1,paper-subarea,2504.19966#10,2504.19966,theorem,circuit-complexity; quantum-complexity,"Suppose ψ is an n qubit state satisfying: The mutual information between any pair of qubits is at least α The mutual information between any two disjoint regions of size s is at most β . for some constants α, β with k < α ≤ β < k+ 1 , and integers k ≥ 0 , s ≥ 1 . If a Clifford circuit C and a QNC circuit U approximately prepares ket ψ to within trace distance ε , then U has depth at least Ω ( log min { s , 1/ε } ) . In particular, when s = ω(1) this state can not be prepared by A _ 1 CQ to within o(1) error.

[MASK]",circuit-complexity; quantum-complexity
2504.19966#11:bound-cloze:2,bound-cloze,2504.19966#11,2504.19966,theorem,circuit-complexity; quantum-complexity,"Suppose U ∈ U _ 2n is a 2n qubit quantum circuit for n ≥ 2 such that ket α sf CAT _ 2n = U ket β sf CAT _ n ⊗ ket β sf CAT _ n For some α, β ∈ [0,1] . If H(α) ≠ 2 H(β) , then U requires depth [MASK] . Furthermore, if α and β satisfy | H(α) - 2H(β) | = Ω(1) then even ε -approximately preparing the state requires depth Ω( log min {n , 1/ε}) .",Ω( log n)
2504.19966#11:paper-subarea:2,paper-subarea,2504.19966#11,2504.19966,theorem,circuit-complexity; quantum-complexity,"Suppose U ∈ U _ 2n is a 2n qubit quantum circuit for n ≥ 2 such that ket α sf CAT _ 2n = U ket β sf CAT _ n ⊗ ket β sf CAT _ n For some α, β ∈ [0,1] . If H(α) ≠ 2 H(β) , then U requires depth Ω( log n) . Furthermore, if α and β satisfy | H(α) - 2H(β) | = Ω(1) then even ε -approximately preparing the state requires depth Ω( log min {n , 1/ε}) .

[MASK]",circuit-complexity; quantum-complexity
2504.19966#13:bound-cloze:3,bound-cloze,2504.19966#13,2504.19966,theorem,circuit-complexity; quantum-complexity,theorem thmcathistorystaterobustlb There is some ε ≥ [MASK] such that preparing a state that is ε -close in trace distance to the state ket Ψ^ sf CAT starting from a stabilizer state requires a circuit that has depth at least Ω( log n),Ω(1/n^3)
2504.19966#13:paper-subarea:3,paper-subarea,2504.19966#13,2504.19966,theorem,circuit-complexity; quantum-complexity,"theorem thmcathistorystaterobustlb There is some ε ≥ Ω(1/n^3) such that preparing a state that is ε -close in trace distance to the state ket Ψ^ sf CAT starting from a stabilizer state requires a circuit that has depth at least Ω( log n)

[MASK]",circuit-complexity; quantum-complexity
2504.19966#14:bound-cloze:4,bound-cloze,2504.19966#14,2504.19966,theorem,circuit-complexity; quantum-complexity,"theorem thmdimrobustlb Suppose H = Σ _ i=1 ^m h_i is an ell -local Hamiltonian with m ≥ n , each norm h_i _ ∞ ≤ 1 , and gap Δ ≤ 1 . Let C be the groundspace of H and suppose it has distance d . If the dimension of C is not a power of two then there exists an ε ≥ [MASK] such that preparing a state ε close to C starting with a stabilizer state requires a circuit with depth ≥ frac 1 2 log (d/ell )",Ω(Δ/m)
2504.19966#14:paper-subarea:4,paper-subarea,2504.19966#14,2504.19966,theorem,circuit-complexity; quantum-complexity,"theorem thmdimrobustlb Suppose H = Σ _ i=1 ^m h_i is an ell -local Hamiltonian with m ≥ n , each norm h_i _ ∞ ≤ 1 , and gap Δ ≤ 1 . Let C be the groundspace of H and suppose it has distance d . If the dimension of C is not a power of two then there exists an ε ≥ Ω(Δ/m) such that preparing a state ε close to C starting with a stabilizer state requires a circuit with depth ≥ frac 1 2 log (d/ell )

[MASK]",circuit-complexity; quantum-complexity
2504.19966#20:relation-cloze:1,relation-cloze,2504.19966#20,2504.19966,fact,circuit-complexity; quantum-complexity,The quantum PCP conjecture and sf QMA [MASK] sf NP implies Cref conj:nltsCQ .,≠
2505.00181#1:bound-cloze:1,bound-cloze,2505.00181#1,2505.00181,definition,space-complexity,"A streaming algorithm is a sequence of maps [MASK] and u^ (t) as follows. Let β : {-1} ∪ N → N be a buffer size function with β(-1) = 1 . Denote the state at time t by s^ (t) ∈ R ^ β(t) . Initially, the state is s^ (-1) = 0 ∈ R . Upon receiving z_ t , the algorithm updates its internal state: s^ (t) = u^ (t) (s^ (t-1) , z_ t ), where u^ (t) : R ^ β(t-1) × R → R ^ β(t) . The algorithm then outputs m^ (t) (s^ (t) ) where m^ (t) : R ^ β(t) → R . We assume that the state maps are continuous; for each t , the map (z_0, ... ,z_t) mapsto s^ (t) is assumed to be continuous. The algorithm solves the streaming problem defined by M ∈ R ^ N × N if for every z and every t , m^ (t) (s^ (t) ) = (M z)_t .",m^ (t)
2505.00181#4:bound-cloze:2,bound-cloze,2505.00181#4,2505.00181,lemma,space-complexity,"If the algorithm defined by the maps { (u^ (t) , [MASK] ) : t ∈ N } always outputs a linear function of z , then there is an algorithm that uses only linear maps that computes the same function of z .",m^ (t)
2505.00894#9:paper-subarea:1,paper-subarea,2505.00894#9,2505.00894,theorem,space-complexity,"Let X be a set of size N . Let Q_X = Q_ X_1, ... ,X_N be the uniform distribution over bijections from [N] to X , and let P_X = P_ X_1, ... ,X_N be another distribution over such bijections. Let { f_j }_ j ∈ [m] be a read- k family of functions, with f_j: X ^N mapsto [0,1] for all j . Denote p_j = E _ P_X [f_j(X)] and let p = frac 1 m · Σ _ j ∈ [m] p_j be the average of the expectations. Similarly, denote q_j = E _ Q_X [f_j(X)] and q = frac 1 m · Σ _ j ∈ [m] q_j . Then 2k · D_ KL ( P_X | Q_X ) ≥ m · D_ KL ( p | q ), where D_ KL ( p | q ) = p log (frac p q ) + (1-p) log (frac 1-p 1-q ) is the KL-divergence between two Bernoulli distributions with parameters p and q .

[MASK]",space-complexity
2505.00894#27:paper-subarea:2,paper-subarea,2505.00894#27,2505.00894,theorem,space-complexity,"For any choice of a probability vector (θ_A, A ⊆ [N]) on subsets of [N] and every function f:S_N → R _ ≥ 0 , \[ Σ _ A ⊆ [N] θ_A Ent ( E _A[f]) ≤ (1-κ) Ent (f), \] where κ = min _ i ≠ j Σ _ A ⊇ {i,j} θ_A .

[MASK]",space-complexity
2505.08496#32:paper-subarea:1,paper-subarea,2505.08496#32,2505.08496,theorem,space-complexity,"theorem BoundSoundAndComplete A wARS is bounded if there exists an rm embedding e : A → S \ {top } such that e (a) succcurlyeq f _ mathtt NF (a) for all a ∈ mathtt NF _ → and e (a) succcurlyeq Aggr _ a → B [ e (b) mid b ∈ B ] for all a → B . Then e (a) succcurlyeq llbracket a rrbracket ^ _ for all a ∈ A . The reverse (``only if'') holds if ⊕ and odot are continuous.

[MASK]",space-complexity
2505.08496#41:paper-subarea:2,paper-subarea,2505.08496#41,2505.08496,theorem,space-complexity,"theorem Loops Let T be a finite RT where both the root r and a leaf v_0 ≠ r are labeled with a . Moreover, let t ∈ S with oplus_ i = 1 ^ ∞ t = top . If P _ v_0 ( T )(s) succcurlyeq s ⊕ t for all s ∈ S , then llbracket a rrbracket ^ _ = top .

[MASK]",space-complexity
2506.07700#5:bound-cloze:1,bound-cloze,2506.07700#5,2506.07700,lemma,proof-complexity,"Given any odd n ∈ N , there exists a graph H with n vertices and maximum degree Δ_ H = 5 such that Polynomial Calculus over any field of characteristic different from 2 requires degree [MASK] to refute Card (H, 1 ) .",Θ(n)
2506.07700#6:bound-cloze:2,bound-cloze,2506.07700#6,2506.07700,lemma,proof-complexity,"Given any odd n ∈ N , there exists a graph H with n vertices and maximum degree Δ_ H = 5 such that SoS refutations requires degree [MASK] to refute Card (H, 1 ) .",Θ(n)
2506.16956#1:bound-cloze:1,bound-cloze,2506.16956#1,2506.16956,theorem,proof-complexity,"The search version of the Proof Analysis Problem for Resolution can be solved in deterministic polynomial time whenever the size parameter s is at least [MASK] . That is, there is an algorithm that, given a CNF formula φ over n variables and poly (n) clauses and a Resolution refutation π of normal scshape Ref _ s (φ) with s ≥ n^3 , extracts a satisfying assignment for φ in time polynomial in n , s and the size |π| of π , whenever φ is satisfiable.",n^3
2506.16956#1:paper-subarea:1,paper-subarea,2506.16956#1,2506.16956,theorem,proof-complexity,"The search version of the Proof Analysis Problem for Resolution can be solved in deterministic polynomial time whenever the size parameter s is at least n^3 . That is, there is an algorithm that, given a CNF formula φ over n variables and poly (n) clauses and a Resolution refutation π of normal scshape Ref _ s (φ) with s ≥ n^3 , extracts a satisfying assignment for φ in time polynomial in n , s and the size |π| of π , whenever φ is satisfiable.

[MASK]",proof-complexity
2506.16956#3:paper-subarea:2,paper-subarea,2506.16956#3,2506.16956,theorem,proof-complexity,"For every propositional proof system S that p-simulates Extended Frege, the Proof Analysis Problem for S is NP -complete.

[MASK]",proof-complexity
2506.16956#4:bound-cloze:2,bound-cloze,2506.16956#4,2506.16956,theorem,proof-complexity,"Let S be a reasonably strong propositional proof system. Assuming that there is some δ >0 such that TSAT ∉ io SIZE [2^ δ n ] , the following are equivalent: sep=0pt the proof system S is analyzable; for every unsatisfiable 3-CNF formula φ over n variables, every S -proof of the formula ¬ normal scshape Ref _ poly (n) (φ) requires size at least 2^ [MASK] .",Ω(n)
2506.16956#4:paper-subarea:3,paper-subarea,2506.16956#4,2506.16956,theorem,proof-complexity,"Let S be a reasonably strong propositional proof system. Assuming that there is some δ >0 such that TSAT ∉ io SIZE [2^ δ n ] , the following are equivalent: sep=0pt the proof system S is analyzable; for every unsatisfiable 3-CNF formula φ over n variables, every S -proof of the formula ¬ normal scshape Ref _ poly (n) (φ) requires size at least 2^ Ω(n) .

[MASK]",proof-complexity
2506.16956#5:bound-cloze:3,bound-cloze,2506.16956#5,2506.16956,theorem,proof-complexity,"The theory PV_1 proves the statement that for every CNF formula φ over n variables and every size parameter s ∈ N , if φ is unsatisfiable and π is a correct Resolution refutation of normal scshape Ref _ s (φ) , then |π| ≥ 2^ [MASK] .",Ω(s/n^2)
2506.16956#5:paper-subarea:4,paper-subarea,2506.16956#5,2506.16956,theorem,proof-complexity,"The theory PV_1 proves the statement that for every CNF formula φ over n variables and every size parameter s ∈ N , if φ is unsatisfiable and π is a correct Resolution refutation of normal scshape Ref _ s (φ) , then |π| ≥ 2^ Ω(s/n^2) .

[MASK]",proof-complexity
2506.16956#6:bound-cloze:4,bound-cloze,2506.16956#6,2506.16956,theorem,proof-complexity,"For every CNF formula φ over n variables and every size parameter s ∈ N , if φ is unsatisfiable and π is a correct Resolution refutation of normal scshape Ref _s(φ) , then |π| ≥ 2^ [MASK] .",Ω(s/n)
2506.20221#3:paper-subarea:1,paper-subarea,2506.20221#3,2506.20221,theorem,proof-complexity,"[after ] Assume M is a non-standard model of T_ tiny PV and let φ ∈ M be a propositional formula (in the sense of the model). The following two statements are equivalent: φ has no proof in M in any proof system. There exists an extension M ' ⊇ M such that M ' \ models \ T_ tiny PV \ +\ ( ¬ φ) ∈ SAT \ .

[MASK]",proof-complexity
2506.20221#5:relation-cloze:1,relation-cloze,2506.20221#5,2506.20221,theorem,proof-complexity,Assume that Problem has the affirmative solution. Then Hypothesis (ST) implies NP [MASK] co NP .,≠
2506.20221#5:paper-subarea:2,paper-subarea,2506.20221#5,2506.20221,theorem,proof-complexity,"Assume that Problem has the affirmative solution. Then Hypothesis (ST) implies NP ≠ co NP .

[MASK]",proof-complexity
2507.08693#2:paper-subarea:1,paper-subarea,2507.08693#2,2507.08693,theorem,descriptive-logic; hardness-of-approximation,"Let Γ be a constraint language such that sc MinCostCSP (Γ) has a constant-factor approximation, then Γ has a NU polymorphism, unless P = NP.

[MASK]",descriptive-logic; hardness-of-approximation
2507.08693#3:paper-subarea:2,paper-subarea,2507.08693#3,2507.08693,theorem,descriptive-logic; hardness-of-approximation,"Let Γ be a constraint language over some domain D that contains all permutation relations over D . Then sc MinCostCSP (Γ) can be |D| -approximated if Γ has an NU polymorphism, and is NP-hard to approximate within any constant factor otherwise.

[MASK]",descriptive-logic; hardness-of-approximation
2507.08693#20:bound-cloze:1,bound-cloze,2507.08693#20,2507.08693,observation,descriptive-logic; hardness-of-approximation,"Let [MASK] be the values of t when A is returned. For every u ∈ V , t^ end (u, A(u)) = 0 .",t^ end
2507.08693#21:bound-cloze:2,bound-cloze,2507.08693#21,2507.08693,observation,descriptive-logic; hardness-of-approximation,"The value of t never increases during the algorithm. In particular, for every u ∈ V and a ∈ D , we have mathtt cost (u, a) - [MASK] (u, a) ≥ 0 .",t^ end
2507.08693#23:bound-cloze:3,bound-cloze,2507.08693#23,2507.08693,claim,descriptive-logic; hardness-of-approximation,"Let A': V → D be any satisfying assignment for I . For each iteration of the while loop beginning at Line , let [MASK] , t^ after be the values of t at the beginning and the end of the iteration respectively. Then we have \[ Σ _ u ∈ V, a ∈ D (t^ before (u, a) - t^ after (u, a)) ≤ |D| · Σ _ u ∈ V (t^ before (u, A'(u)) - t^ after (u, A'(u))) \]",t^ before
2507.08693#26:paper-subarea:3,paper-subarea,2507.08693#26,2507.08693,theorem,descriptive-logic; hardness-of-approximation,"Let Γ be a constraint language such that sc MinCostCSP (Γ) has a constant-factor approximation, then Pol (Γ) contains a conservative NU polymorphism, unless P = NP.

[MASK]",descriptive-logic; hardness-of-approximation
2507.08693#34:paper-subarea:4,paper-subarea,2507.08693#34,2507.08693,theorem,descriptive-logic; hardness-of-approximation,"The Nearest Codeword problem over any finite field F _p is NP-hard to approximate within a factor of 2^ log ^ 1-ε (n) , for any constant ε > 0 .

[MASK]",descriptive-logic; hardness-of-approximation
2507.08693#51:bound-cloze:4,bound-cloze,2507.08693#51,2507.08693,theorem,descriptive-logic; hardness-of-approximation,"Let D be a finite domain such that |D| ≥ 5 . Let (D, F ) be a homogeneous algebra, then either the dual discriminator operation d is a term operation, or its clone of term operations le F rangle is equal to one of the followings: E_1^0 = le s rangle , E_1^1 = le s, r_n rangle , E_i^0 = le l_i rangle for 2 ≤ i ≤ n - 1 , E_[MASK] = J . E_i^1 = le l_i, r_n rangle for 2 ≤ i ≤ n - 3 , E_ n-2 ^1 = le r_n rangle . Here J is the clone of projection operations. s is the switching operation, defined by \[ s(x_1, x_2, x_3) = { ll x_3 & if x_1 = x_2, x_2 & if x_1 = x_3, x_1 & otherwise. . \] For 2 ≤ k ≤ n - 1 , l_k is the k -ary near projection operation defined by \[ l_k(x_1, x_2, ... , x_k) = { ll x_1 & if |{x_1, ... , x_k}| < k, x_k & otherwise. . \] And finally, r_n is the (n-1) -ary operation defined by \[ r_n(x_1, x_2, ... , x_ n-1 ) = { ll x_1 & if |{x_1, ... , x_ n-1 }| < n - 1, x_n & otherwise, where x_n ∈ D backslash {x_1, ... , x_ n-1 }. . \]",n^0
2507.11080#5:paper-subarea:1,paper-subarea,2507.11080#5,2507.11080,theorem,descriptive-logic; parameterized,"definition elimforest Let G be a hypergraph. An elimination forest T for G is a rooted tree over V(G) such that u,v ∈ e for some e ∈ E(G) implies that either u is an ancestor of v in T or v is an ancestor of u . An elimination forest T induces a function bag xspace _T: V(T) → 2^ V(G) as follows: bag xspace _T(u) contains exactly u and all those ancestors v that are adjacent with u or a descendant of u . Note that (T, bag xspace _T) is a tree decomposition of H . In what follows, when we refer to the fsf -width xspace of an elimination forest, we mean the fsf -width xspace of the tree decomposition induced by the forest.

[MASK]",descriptive-logic; parameterized
2507.11080#15:paper-subarea:2,paper-subarea,2507.11080#15,2507.11080,theorem,descriptive-logic; parameterized,"There is a monotone function η such that the chromatic number of CG xspace ( bf t ,F) is at most η( split xspace ( bf t ,F), mir xspace ( bf t ,F),tw( bf t ),rank(H)) .

[MASK]",descriptive-logic; parameterized
2507.11080#21:paper-subarea:3,paper-subarea,2507.11080#21,2507.11080,theorem,descriptive-logic; parameterized,"There is an algorithm that takes as input a hypergraph H , a positive rational k and δ ∈ N and decides if F _ δ -width (H) ≤ k . The runtime of this algorithm is FPT parameterized by k,rank(H), Δ(H),δ .

[MASK]",descriptive-logic; parameterized
2507.11080#22:paper-subarea:4,paper-subarea,2507.11080#22,2507.11080,theorem,descriptive-logic; parameterized,"There is an algorithm A (H, bf t , k,δ) , where H is a hypergraph, bf t is a tree decomposition of H , k is a non-negative rational, and δ ∈ N , that returns an MSO formula φ(U_0, ... ,U_δ) where U ={U_0, ... ,U_δ} are free (monadic) second-order variables such that: M not models φ(U_0, ... , U_δ) exactly if U is a weak partition of V(H) , f[ U ] is a fractional independent set, and hat f[ U ] -width (H) > k . The runtime of the algorithm is FPT parameterized by the treewidth of bf t , k , rank(H) , Δ(H) and δ and the size of the resulting formula is upper-bounded by a function depending on these parameters.

[MASK]",descriptive-logic; parameterized
2507.11291#1:bound-cloze:1,bound-cloze,2507.11291#1,2507.11291,theorem,space-complexity,theorem restateEasyLB The space complexity of π - sc PPM _n and π - sc SequencePPM _n for a pattern π of length at least two is [MASK] bits.,Ω( log n)
2507.11291#1:paper-subarea:1,paper-subarea,2507.11291#1,2507.11291,theorem,space-complexity,"theorem restateEasyLB The space complexity of π - sc PPM _n and π - sc SequencePPM _n for a pattern π of length at least two is Ω( log n) bits.

[MASK]",space-complexity
2507.11291#2:bound-cloze:2,bound-cloze,2507.11291#2,2507.11291,theorem,space-complexity,theorem restateMon The space complexity of the problems π - sc PPM _n and π - sc SequencePPM _n for each monotone pattern π of length k ≥ 2 is [MASK] bits if n > k^2 .,Θ(k log n)
2507.11291#2:paper-subarea:2,paper-subarea,2507.11291#2,2507.11291,theorem,space-complexity,"theorem restateMon The space complexity of the problems π - sc PPM _n and π - sc SequencePPM _n for each monotone pattern π of length k ≥ 2 is Θ(k log n) bits if n > k^2 .

[MASK]",space-complexity
2507.11291#5:paper-subarea:3,paper-subarea,2507.11291#5,2507.11291,theorem,space-complexity,"theorem restateNonMonThree The space complexity of π - sc PPM _n is O ( sqrt n log n ) bits if π ∈ {312,132} , and O ( sqrt n log n) bits if π ∈ {231,213} .

[MASK]",space-complexity
2507.11291#11:bound-cloze:3,bound-cloze,2507.11291#11,2507.11291,lemma,space-complexity,"If π is the increasing or decreasing permutation of length k ≥ 4 , then solving the π - sc PPM _n problem requires [MASK] bits of space if n > k^2 .",Ω( k log n)
2507.11291#12:bound-cloze:4,bound-cloze,2507.11291#12,2507.11291,lemma,space-complexity,Solving the π - sc PPM _n problem for monotone π of length at least 2 requires [MASK] space.,Ω( log n)
2507.12244#14:paper-subarea:1,paper-subarea,2507.12244#14,2507.12244,theorem,counting-complexity; structural,"The evaluation function of a pure motif parameter of relational structures is combinatorially interpretable (i.e., it is in Pr - up up sf \#P ^ protect ) iff all its coefficients are nonnegative integers.

[MASK]",counting-complexity; structural
2507.12244#15:paper-subarea:2,paper-subarea,2507.12244#15,2507.12244,theorem,counting-complexity; structural,"Let φ be a P -pure motif parameter. Then under the conditions specified in Lemma , we have Eval _ φ ∉ Pr - up up sf \#P ^ protect unless all its coefficients are nonnegative integers.

[MASK]",counting-complexity; structural
2507.12244#16:paper-subarea:3,paper-subarea,2507.12244#16,2507.12244,theorem,counting-complexity; structural,"Let φ: OG → N be a pure ordered graph motif parameter. Then Eval _ φ ∈ Pr - up up sf \#P ^ protect iff all coefficients of φ are nonnegative integers.

[MASK]",counting-complexity; structural
2507.12244#23:paper-subarea:4,paper-subarea,2507.12244#23,2507.12244,theorem,counting-complexity; structural,"Fix a bad φ: OG ^ pure → N . Then there exists G ∈ OG ^ pure such that for every ( P (G) ∩ OG ^ pure ) -good function Ψ:( P (G) ∩ OG ^ pure ) → N , there exists W ∈ P (G) ∩ OG ^ pure with Ψ(W) ≠ φ(W) .

[MASK]",counting-complexity; structural
2507.19108#4:paper-subarea:1,paper-subarea,2507.19108#4,2507.19108,theorem,structural; total-search,"Every (traditionally) downward self-reducible problem in TFNP is in PLS . Moreover, every downward self-reducible problem in TFUP is in UEOPL .

[MASK]",structural; total-search
2507.19108#5:paper-subarea:2,paper-subarea,2507.19108#5,2507.19108,theorem,structural; total-search,"Let R be a search problem in PromiseFΣ_i^P which has a (randomized) μ -d.s.r. If μ(x) ≤ p(|x|) for a polynomial p , then there is a (randomized) reduction from R to PLS ^ Σ_ i-1 ^P . Furthermore, if R has unique solutions, then there is a (randomized) reduction from R to UEOPL ^ Σ_ i-1 ^P .

[MASK]",structural; total-search
2507.19108#6:paper-subarea:3,paper-subarea,2507.19108#6,2507.19108,corollary,structural; total-search,"If sc Promise-FSAT has a promise-preserving downward self-reduction then NP = coNP

[MASK]",structural; total-search
2507.19108#8:paper-subarea:4,paper-subarea,2507.19108#8,2507.19108,theorem,structural; total-search,"If Single-Value sc Avoid ∈ C for some complexity class C We only consider classes C where P ⊆ C . , then we can output the explicit construction of the following objects in C : Ramsey Graphs, Two Source Extractors, Rigid Matrices, Linear Codes, Hard Truth Tables for any Fixed Polynomial Sized Circuit, K ^ poly -random strings.

[MASK]",structural; total-search
2507.19108#13:bound-cloze:1,bound-cloze,2507.19108#13,2507.19108,definition,structural; total-search,"In the problem sc King , given as input a circuit C: [[MASK]] × [2^n] → { 0, 1} representing a digraph, either: find a distinct x_1, x_2 ∈ { 0, 1 }^n such that C(x_1, x_2) = C(x_2, x_1) , find an element k ∈ [2^n] such that for every a ∈ [2^n] \ { k} , either C(k, a) = 1 , or there exists an element b ∈ [2^n] \ { k, a} , such that C(k, b) = 1 and C(b, a) = 1 .",2^n
2507.19108#25:bound-cloze:2,bound-cloze,2507.19108#25,2507.19108,definition,structural; total-search,"PLS is defined as all problems which are many-to-one reducible to sc Sink-of-DAG , which is defined as follows. Given poly (n) size circuits S: [[MASK]] → [2^n] (successor circuit) and V: [2^n] → [2^n] (value circuit), find v such that S(v) ≠ v and either S(S(v)) = S(v) or V(S(v)) ≤ V(v) .",2^n
2507.19108#26:bound-cloze:3,bound-cloze,2507.19108#26,2507.19108,definition,structural; total-search,"Given a successor circuit S : {0, 1}^n → {0, 1}^n , a source s ∈ {0, 1}^n , a target index T ∈ [[MASK]] , and a verifier circuit W : {0, 1}^n × [T] → {0, 1} with the guarantee that for (x, i) ∈ {0, 1}^n × [T] , W(x, i) = 1 if and only if x = S^ i-1 (s) , find the string v ∈ {0, 1}^n such that W(v, T) = 1 .",2^n
2507.19108#27:bound-cloze:4,bound-cloze,2507.19108#27,2507.19108,definition,structural; total-search,"sc Unique-End-of-Potential-Line is defined as follows. Given two poly (n) size circuits S, P : { 0, 1 }^n → { 0, 1 }^n , such that P(0^n) = 0^n ≠ S(0^n) , and a value circuit V:{ 0, 1 }^n → {0, 1, hdots , [MASK] } where V(0^n) = 0 . Find one of the following: A point x ∈ { 0, 1 }^n such that P(S(x)) ≠ x . A point x ∈ { 0, 1 }^n such that x ≠ S(x), P(S(X)) = x and V(S(x)) - V(x) ≤ 0 . A point x ∈ { 0, 1 }^n such that S(P(x)) ≠ x ≠ 0^n . Two points x, y ∈ { 0, 1 }^n , such that x ≠ y , x ≠ S(x) , y ≠ S(y) , and either V(x) = V(y) or V(x) < V(y) < S(x) . UEOPL is defined as all problems which are many-to-one reducible to sc Unique-End-of-Potential-Line .",2^ m-1
2508.00396#14:paper-subarea:1,paper-subarea,2508.00396#14,2508.00396,theorem,counting-complexity; proof-complexity,"For each finite constraint language Γ over a finite domain A , CSP ( Γ ) is either polynomial time or NP-complete.

[MASK]",counting-complexity; proof-complexity
2508.00396#17:paper-subarea:2,paper-subarea,2508.00396#17,2508.00396,theorem,counting-complexity; proof-complexity,"Let A be a finite set and μ be a Mal’tsev operation on A . Then CSP( Inv(μ) ), where Inv(μ) is the set of all relations on A invariant under μ , is solvable in polynomial time.

[MASK]",counting-complexity; proof-complexity
2508.00396#18:paper-subarea:3,paper-subarea,2508.00396#18,2508.00396,theorem,counting-complexity; proof-complexity,"Let A be a finite set and φ be a GMM operation on A . Then CSP( Inv(φ) ), where Inv(φ) is the set of all relations on A invariant under φ , is solvable in polynomial time.

[MASK]",counting-complexity; proof-complexity
2508.00396#23:paper-subarea:4,paper-subarea,2508.00396#23,2508.00396,theorem,counting-complexity; proof-complexity,"[ ] A relation R is in NP iff it is represented by some Σ^ 1,b _1 -formula. A relation R is in P iff V^1 proves that it is both Σ^ 1,b _1 and Π^ 1,b _1 -definable. A function f is in FP iff it is Σ^ 1,b _1 -definable in V^1 .

[MASK]",counting-complexity; proof-complexity
2508.13200#1:bound-cloze:1,bound-cloze,2508.13200#1,2508.13200,theorem,meta-complexity; structural,"Let F be a 3-SAT formula with n variables. The set of satisfying assignments S ⊆ {0,1}^n forms a cubical complex C(F) , where: Vertices correspond to satisfying assignments. k -faces correspond to k -dimensional subcubes where all [MASK] assignments satisfy F . Topological queries about C(F) (e.g., connectedness, Betti numbers) reduce to 3-SAT instances.",2^k
2508.13200#1:paper-subarea:1,paper-subarea,2508.13200#1,2508.13200,theorem,meta-complexity; structural,"Let F be a 3-SAT formula with n variables. The set of satisfying assignments S ⊆ {0,1}^n forms a cubical complex C(F) , where: Vertices correspond to satisfying assignments. k -faces correspond to k -dimensional subcubes where all 2^k assignments satisfy F . Topological queries about C(F) (e.g., connectedness, Betti numbers) reduce to 3-SAT instances.

[MASK]",meta-complexity; structural
2508.13200#2:bound-cloze:2,bound-cloze,2508.13200#2,2508.13200,theorem,meta-complexity; structural,"Let F be a random 3-SAT instance at clause density α>4.26 . Then with probability 1-o(1) : Its solution space S(F) decomposes into 2^ [MASK] disconnected clusters. The cubical complex of S(F) has exponentially large Betti numbers (e.g.\ β_2(S(F))=2^ Ω(n) ). The primal constraint graph of F has treewidth Ω(n) . In particular, S(F) admits no global ordering or low-dimensional traversal.",Ω(n)
2508.13200#2:paper-subarea:2,paper-subarea,2508.13200#2,2508.13200,theorem,meta-complexity; structural,"Let F be a random 3-SAT instance at clause density α>4.26 . Then with probability 1-o(1) : Its solution space S(F) decomposes into 2^ Ω(n) disconnected clusters. The cubical complex of S(F) has exponentially large Betti numbers (e.g.\ β_2(S(F))=2^ Ω(n) ). The primal constraint graph of F has treewidth Ω(n) . In particular, S(F) admits no global ordering or low-dimensional traversal.

[MASK]",meta-complexity; structural
2508.13200#3:bound-cloze:3,bound-cloze,2508.13200#3,2508.13200,lemma,meta-complexity; structural,"Let L = SAT and suppose R:L → threesat is a polynomial-time satisfiability-preserving reduction that is cubical and homologically faithful (discussion on this is delayed to Section 5.2 Conditions 1 and 2). If F ∈ L has a solution-space cubical complex S(F) with β_ 2 (S(F)) ≥ f(n) for some f(n)=[MASK] , then the reduced instance F^ prime =R(F) satisfies \[ β_ 2 (S(F^ prime ) )\ ≥ \ β_ 2 (S(F) )\ =\ Ω(f(n)). \] In particular, the reduction from SAT to 3-SAT does not collapse exponential second Betti numbers.",ω(poly(n))
2508.13200#5:bound-cloze:4,bound-cloze,2508.13200#5,2508.13200,theorem,meta-complexity; structural,"Let \(R\) be a cubical, homologically faithful reduction. Then, for every \(k\), \[ β_k l(S(x) r) ≤ β_k l(S(R(x)) r). \] In particular, if \(β_k(S(x)) = 2^ [MASK] \) then \(β_k(S(R(x))) = 2^ Ω(N) \).",Ω(N)
2508.13200#5:paper-subarea:3,paper-subarea,2508.13200#5,2508.13200,theorem,meta-complexity; structural,"Let \(R\) be a cubical, homologically faithful reduction. Then, for every \(k\), \[ β_k l(S(x) r) ≤ β_k l(S(R(x)) r). \] In particular, if \(β_k(S(x)) = 2^ Ω(N) \) then \(β_k(S(R(x))) = 2^ Ω(N) \).

[MASK]",meta-complexity; structural
2508.13200#7:paper-subarea:4,paper-subarea,2508.13200#7,2508.13200,theorem,meta-complexity; structural,"Computing \(β_k(K)\) for \(k ≥ 2\) on a cubical complex \(K ⊆ {0,1}^N\) is \(\# P \)-hard under polynomial-time Turing reductions. In particular, unless \(\# P ⊆ FP \), no algorithm in the standard Boolean decision-tree or subcube-query model can compute \(β_k(K)\) in worst-case time \(2^ o(N) \).

[MASK]",meta-complexity; structural
2508.19794#4:bound-cloze:1,bound-cloze,2508.19794#4,2508.19794,theorem,counting-complexity; parameterized,"Let S be a finite set of signatures. We set S _0 = {s ∈ S mid s(0) = 0} . If S \ S _0 is of type T [1] , then sc p-Holant ^2_ sf uni ( S ) can be solved in FPT-near-linear time. Otherwise sc p-Holant ^2_ sf uni ( S ) is \# W [1] -complete. If, additionally, S \ S _0 is of type T [ ∞ ] , then sc p-Holant ^2_ sf uni ( S ) cannot be solved in time f(k) · |V(Ω)|^ [MASK] , unless ETH fails.",o(k/ log k)
2508.19794#4:paper-subarea:1,paper-subarea,2508.19794#4,2508.19794,theorem,counting-complexity; parameterized,"Let S be a finite set of signatures. We set S _0 = {s ∈ S mid s(0) = 0} . If S \ S _0 is of type T [1] , then sc p-Holant ^2_ sf uni ( S ) can be solved in FPT-near-linear time. Otherwise sc p-Holant ^2_ sf uni ( S ) is \# W [1] -complete. If, additionally, S \ S _0 is of type T [ ∞ ] , then sc p-Holant ^2_ sf uni ( S ) cannot be solved in time f(k) · |V(Ω)|^ o(k/ log k) , unless ETH fails.

[MASK]",counting-complexity; parameterized
2508.19794#5:bound-cloze:2,bound-cloze,2508.19794#5,2508.19794,theorem,counting-complexity; parameterized,"Let S be a finite set of signatures. Let furthermore S _0 = {s ∈ S mid s(0) = 0} . If S \ S _0 is of type T [1] , then sc p-Holant ( S ) can be solved in FPT-(near)-linear time, that is, in time f(k, sf r ) · tilde O (|Ω|) , where sf r is the rank of the underlying hypergraph of Ω . If S \ S _0 is not of type T [1] , then sc p-Holant ( S ) is \# W [1] -hard. In particular, for any d ∈ Z _ ≥ 2 , the problem sc p-Holant ^d_ sf uni ( S ) is \# W [1] -hard. Furthermore, if S \ S _0 is of type T [ ∞ ] , then sc p-Holant ^d_ sf uni ( S ) cannot be solved in time f(k) · |V(Ω)|^ [MASK] , for any computable function f , unless ETH fails.",o(k/ log (k))
2508.19794#5:paper-subarea:2,paper-subarea,2508.19794#5,2508.19794,theorem,counting-complexity; parameterized,"Let S be a finite set of signatures. Let furthermore S _0 = {s ∈ S mid s(0) = 0} . If S \ S _0 is of type T [1] , then sc p-Holant ( S ) can be solved in FPT-(near)-linear time, that is, in time f(k, sf r ) · tilde O (|Ω|) , where sf r is the rank of the underlying hypergraph of Ω . If S \ S _0 is not of type T [1] , then sc p-Holant ( S ) is \# W [1] -hard. In particular, for any d ∈ Z _ ≥ 2 , the problem sc p-Holant ^d_ sf uni ( S ) is \# W [1] -hard. Furthermore, if S \ S _0 is of type T [ ∞ ] , then sc p-Holant ^d_ sf uni ( S ) cannot be solved in time f(k) · |V(Ω)|^ o(k/ log (k)) , for any computable function f , unless ETH fails.

[MASK]",counting-complexity; parameterized
2508.19794#6:paper-subarea:3,paper-subarea,2508.19794#6,2508.19794,theorem,counting-complexity; parameterized,"Let S be a finite set of signatures and let d ∈ Z _ ≥ 2 . If S is of type T [1] (implying that all signatures s ∈ S satisfy s(0) ≠ 0 ), then sc p-Holant ^d_ sf uni ( S ) can be solved in polynomial time. Otherwise, sc p-Holant ^d_ sf uni ( S ) is \# P -hard.

[MASK]",counting-complexity; parameterized
2508.19794#7:bound-cloze:3,bound-cloze,2508.19794#7,2508.19794,corollary,counting-complexity; parameterized,"For each prime p , the problem \#sc Codeword _p is \# P -hard and \# W [1] -hard. Moreover, assuming ETH, \#sc Codeword _p cannot be solved in time f(k) · |A|^ [MASK] for any function f , where A is the input matrix and k ∈ N is the problem parameter.",o(k/ log k)
2508.19794#7:paper-subarea:4,paper-subarea,2508.19794#7,2508.19794,corollary,counting-complexity; parameterized,"For each prime p , the problem \#sc Codeword _p is \# P -hard and \# W [1] -hard. Moreover, assuming ETH, \#sc Codeword _p cannot be solved in time f(k) · |A|^ o(k/ log k) for any function f , where A is the input matrix and k ∈ N is the problem parameter.

[MASK]",counting-complexity; parameterized
2508.19794#8:bound-cloze:4,bound-cloze,2508.19794#8,2508.19794,corollary,counting-complexity; parameterized,"For each d ∈ Z _ ≥ 2 , the problem of counting k -matchings in a d -uniform hypergraph G is \# W [1] -hard and cannot be solved in time f(k) · |G|^ [MASK] for any function f , unless ETH fails.",o(k/ log k)
2509.06928#6:paper-subarea:1,paper-subarea,2509.06928#6,2509.06928,theorem,proof-complexity,"Let d and k be fixed natural numbers such that d ≥ k ≥ 1 . Consider a set of polynomial equalities R and let ( P,Q ) be a degree- 2k Archimedean pair. If there exists a degree- 2d refutation of ( P ∪ R,Q ) , then there exists also a refutation of the form -1 = σ + Σ _ r ∈ R a_r r^2 + Σ _ p ∈ P h_p p + Σ _ q ∈ Q s_q q, where σ, s_q ∈ Σ , h_p ∈ R [x_1, ... , x_n] , and a_r ∈ R is a scalar. Further, the degrees of σ, h_p p , and s_q q are all at most 2(d+k-1) .

[MASK]",proof-complexity
2509.06928#12:bound-cloze:1,bound-cloze,2509.06928#12,2509.06928,definition,proof-complexity,"Let S_n be the symmetric group of permutations of n elements. Every permutation π ∈ S_n of the indices of x_1, ... , x_n induces a permutation π' ∈ S_ ω_[MASK] on the monomials in the monomial basis x _d . Consider the permutation matrix P_ π' associated to π' , and let Q ∈ S ^ ω_n^d be a symmetric matrix whose entries are indexed by the monomial basis x _d , i.e. Q=(Q_ x^α, x^β ) for x^α, x^β entries of x _d . The action of π ∈ S_n on Q is given by π star Q = P_ π' Q P_ π' ^top . Equivalently, the entries of π star Q satisfy (π star Q)_ x^α, x^β = Q_ π · x^α, π · x^β . Moreover, for any G subgroup of S_n , we say that Q is G -invariant if π star Q = Q for every π ∈ G .",n^d
2509.06928#13:bound-cloze:2,bound-cloze,2509.06928#13,2509.06928,lemma,proof-complexity,"Let d ∈ O(1) be an integer and let S_n be the symmetric group of n elements. For Q positive semidefinite matrix and for every π ∈ S_n , Q'=π star Q is positive semidefinite. For p ∈ R[x_1, ... ,x_n]_ 2d polynomial of degree at most 2d , and Q ∈ S ^ ω_[MASK] such that p=le Q, x _d x _d^top rangle , the action of π ∈ S_n on p is given by π · p = le π star Q, x _d x _d^top rangle .",n^d
2509.06928#19:bound-cloze:3,bound-cloze,2509.06928#19,2509.06928,proposition,proof-complexity,"Let k,d ∈ O(1) be fixed positive integers. Let G = S_ n_1 × S_ n_2 × ... × S_ n_k be a group of block permutations of indices 1, ... , n . If Q ∈ S ^ ω_[MASK] is a symmetric G -invariant matrix, then Q can be written as a linear combination Q = Σ _ i=1 ^ell c_i Q_i , where c_i ∈ R , each Q_i is a symmetric matrix whose entries have value only 0 or 1 , and ell is bounded above and independent from n . If p ∈ R [x_1, ... , x_n]_ d is a polynomial that is invariant under the action fo G , then p can be written as p= Σ _ i=1 ^ ell c_ip_i , where c_i ∈ R , each p_i is a polynomial of degree at most d , whose coefficients are either 0 or 1 , and ell is bounded above and independent from n .",n^d
2509.06928#23:paper-subarea:2,paper-subarea,2509.06928#23,2509.06928,theorem,proof-complexity,"Any feasible system of the form Q= Q_0 +λ_1Q_1+ ... +λ_ ell Q_ ell succeq 0 has a solution λ ∈ R^ ell such that log Vert λ Vert = c · n^ O(min (ell ,n^2)) , where c ∈ N is the maximum bit-length of the input coefficients and Vert λ Vert is the Euclidean norm in R ^ ell .

[MASK]",proof-complexity
2509.06928#24:paper-subarea:3,paper-subarea,2509.06928#24,2509.06928,theorem,proof-complexity,"Let m, d, t ∈ O(1) be fixed positive integers. Consider P = {p_1 = 0, ... , p_m = 0} set of polynomial equality constraints and let F={f_1, ... ,f_s} be a Gröbner basis of le F rangle in tt grlex order. Consider G=S_ n_1 × ... × S_ n_t , with Σ _ i=1 ^t n_i = n . Suppose that F is a G -invariant system and every p_i ∈ P is a G -invariant polynomial. If there exists a degree- 2d sc SoS proof of a G -invariant polynomial r ∈ R[x_1, ... ,x_n]_ 2d from P ∪ F , then there exists a degree- 2d sc SoS proof of r with coefficients bounded by 2^ poly (n^d) .

[MASK]",proof-complexity
2509.06928#25:paper-subarea:4,paper-subarea,2509.06928#25,2509.06928,theorem,proof-complexity,"Let d,k,t,z ∈ O(1) be positive integers. Let G = S_ n_1 × ... × S_ n_t , with Σ _ i=1 ^t n_i = n . Let P = {p_1 = 0, ... , p_m = 0} be a G -invariant polynomial system such that | P /G|=z and let D be a finite domain constraint set of size 2k . If there exists a degree- 2d sc SoS refutation of P ∪ D , then there exists a degree- 2(d + k - 1) sc SoS refutation of P ∪ D with coefficients bounded by 2^ poly (n^d) .

[MASK]",proof-complexity
2510.01333#2:bound-cloze:1,bound-cloze,2510.01333#2,2510.01333,theorem,derandomization; hardness-of-approximation; quantum-complexity,"[Gap amplification] Let H be a k --local Hamiltonian with m terms, satisfying the conditions in cref definition:layered . Then, its derandomised 2t --fold tensor product amplification H^ (2t) (formally defined in cref def:amplified_ham ) satisfies: H^ (2t) is (2t · k) --local and has [MASK] · m terms, where d is the degree of some fixed expander graph family. bf Completeness. The lowest eigenvalue of H^ (2t) is bounded above by λ_ min (H^ (2t) ) ≤ 2 t × λ_ min (H) bf Soundness. The eigenvalue of H^ (2t) is bounded below by λ_ min (H^ (2t) ) ≥ min g[Θ g(frac log t t g), Θ g( sqrt frac t log t × λ_ min (H) g) g], where the Θ notation obscures constants dependent on the choice of expander graph family and the original Hamiltonian H .",d^ 2t
2510.01333#2:paper-subarea:1,paper-subarea,2510.01333#2,2510.01333,theorem,derandomization; hardness-of-approximation; quantum-complexity,"[Gap amplification] Let H be a k --local Hamiltonian with m terms, satisfying the conditions in cref definition:layered . Then, its derandomised 2t --fold tensor product amplification H^ (2t) (formally defined in cref def:amplified_ham ) satisfies: H^ (2t) is (2t · k) --local and has d^ 2t · m terms, where d is the degree of some fixed expander graph family. bf Completeness. The lowest eigenvalue of H^ (2t) is bounded above by λ_ min (H^ (2t) ) ≤ 2 t × λ_ min (H) bf Soundness. The eigenvalue of H^ (2t) is bounded below by λ_ min (H^ (2t) ) ≥ min g[Θ g(frac log t t g), Θ g( sqrt frac t log t × λ_ min (H) g) g], where the Θ notation obscures constants dependent on the choice of expander graph family and the original Hamiltonian H .

[MASK]",derandomization; hardness-of-approximation; quantum-complexity
2510.01333#3:paper-subarea:2,paper-subarea,2510.01333#3,2510.01333,theorem,derandomization; hardness-of-approximation; quantum-complexity,"Let H be a k -local Hamiltonian family that is QMA -complete with promise gap ε . The members of H also need to satisfy certain technical conditions, such as being a sum of polynomially many projective terms, which we are suppressing in this informal statement. For a formal version, see Cref theorem:iterated_amplification . Then, given a deterministic construction of H , there is a deterministic construction of a family of Hamiltonians H ' such that H ' has locality k · 1/ε and is QMA -complete with some universal constant promise gap c .

[MASK]",derandomization; hardness-of-approximation; quantum-complexity
2510.01333#4:bound-cloze:2,bound-cloze,2510.01333#4,2510.01333,theorem,derandomization; hardness-of-approximation; quantum-complexity,"[Streaming quantum PCP] There exists a deterministic construction of a family {H_n} of Hamiltonians on n qubits and an explicit constant c , such that each Hamiltonian H_n is a sum of poly (n) many terms, each summand is an [MASK] -fold tensor product of O(1) -local projections, and it is QMA -complete to decide whether the ground state energy of {H_n} is ≤ negl (n) or ≥ c .",O(n)
2510.01333#4:paper-subarea:3,paper-subarea,2510.01333#4,2510.01333,theorem,derandomization; hardness-of-approximation; quantum-complexity,"[Streaming quantum PCP] There exists a deterministic construction of a family {H_n} of Hamiltonians on n qubits and an explicit constant c , such that each Hamiltonian H_n is a sum of poly (n) many terms, each summand is an O(n) -fold tensor product of O(1) -local projections, and it is QMA -complete to decide whether the ground state energy of {H_n} is ≤ negl (n) or ≥ c .

[MASK]",derandomization; hardness-of-approximation; quantum-complexity
2510.01333#13:paper-subarea:4,paper-subarea,2510.01333#13,2510.01333,theorem,derandomization; hardness-of-approximation; quantum-complexity,"[ ] The 5 - LH [2^ - poly (n) , 1/ poly (n)] problem is QMA -complete.

[MASK]",derandomization; hardness-of-approximation; quantum-complexity
2510.01333#24:bound-cloze:3,bound-cloze,2510.01333#24,2510.01333,lemma,derandomization; hardness-of-approximation; quantum-complexity,"Consider H_χ^ (2t) and N_f^χ as defined above. Then, for any state ρ : Tr [ H^ (2t) _χ ρ ] = mathds E _ f ∈ F _χ Pr _ ρ [ [MASK] _f > 0 ].",N^ χ
2510.01333#25:bound-cloze:4,bound-cloze,2510.01333#25,2510.01333,lemma,derandomization; hardness-of-approximation; quantum-complexity,"Consider H_χ^ (2t) , N_f^χ and N_ f, S ^χ as defined above. Then, for any function f , state ρ , and subset S , Tr [ [MASK] _ f ρ ] ≥ Tr [ N^ χ _ f,S ρ ],quad Pr _ ρ [ N^ χ _ f > 0 ] ≥ Pr _ ρ [ N^ χ _ f,S > 0 ]",N^ χ
2510.01953#14:bound-cloze:1,bound-cloze,2510.01953#14,2510.01953,theorem,meta-complexity; quantum-complexity,"Assume t' = t +p for some polynomial p . For any instance x of length n and problem tt L , assume CD^ t' (x) - ic^t(x:tt L ) = d , where P(x)=χ_tt L (x) and |P|=ic^t(x:tt L ) . Consider the set S={y|P(y) ≠ bot } . Then, |S| ≥ 2^ (d/2) -c - [MASK] , for some constants c and c' . (Proof in Appendix)",O(n^ c' )
2510.01953#14:paper-subarea:1,paper-subarea,2510.01953#14,2510.01953,theorem,meta-complexity; quantum-complexity,"Assume t' = t +p for some polynomial p . For any instance x of length n and problem tt L , assume CD^ t' (x) - ic^t(x:tt L ) = d , where P(x)=χ_tt L (x) and |P|=ic^t(x:tt L ) . Consider the set S={y|P(y) ≠ bot } . Then, |S| ≥ 2^ (d/2) -c - O(n^ c' ) , for some constants c and c' . (Proof in Appendix)

[MASK]",meta-complexity; quantum-complexity
2510.01953#15:bound-cloze:2,bound-cloze,2510.01953#15,2510.01953,theorem,meta-complexity; quantum-complexity,"If tt FACTORING xspace on n -bit instances requires [MASK] time , for some ε > 0 , then mathop ∃ ^ ∞ φ ∈ tt SAT : Δ ic^ t, n^3 (φ:tt SAT ) ≥ n^δ , for some δ > 0 and t(n) ∈ O(2^ n^δ ) .",Ω(2^ n^ε )
2510.01953#15:paper-subarea:2,paper-subarea,2510.01953#15,2510.01953,theorem,meta-complexity; quantum-complexity,"If tt FACTORING xspace on n -bit instances requires Ω(2^ n^ε ) time , for some ε > 0 , then mathop ∃ ^ ∞ φ ∈ tt SAT : Δ ic^ t, n^3 (φ:tt SAT ) ≥ n^δ , for some δ > 0 and t(n) ∈ O(2^ n^δ ) .

[MASK]",meta-complexity; quantum-complexity
2510.01953#17:bound-cloze:3,bound-cloze,2510.01953#17,2510.01953,lemma,meta-complexity; quantum-complexity,"If tt FACTORING xspace on n -bit instances requires [MASK] time, for some ε > 0 , then mathop ∃ ^ ∞ z ∈ tt FAC xspace : Δ ic^ t,n^3 (z:tt FAC xspace ) ≥ n^δ , for δ < ε and t(n) ∈ O(2^ n^δ ) . (Proof in Appendix)",Ω(2^ n^ε )
2510.01953#18:bound-cloze:4,bound-cloze,2510.01953#18,2510.01953,lemma,meta-complexity; quantum-complexity,If A ≤ _[MASK] B via a polynomial time computable function f then for some polynomials t and t' : ic^ t (x:tt A ) lesssim ic^ t' (f(x):tt B ) . Qic^ t (x:tt A ) gtrsim Qic^ t' (f(x):tt B ) if in addition f is poly-time invertible and 1-1.,m^p
2510.01953#19:relation-cloze:1,relation-cloze,2510.01953#19,2510.01953,theorem,meta-complexity; quantum-complexity,"The following hold for infinitely many x : If NP [MASK] BQP then Qic^ t (x:tt SAT ) ≥ ω( log |x| ) , for t any polynomial. If QSETH is true then Qic^ t (x:tt SAT ) ≥ |x|δ , for t(n)=2^ nγ , with δ >0 , γ > 0 , and 2δ + γ < frac 1 2 .",⊄
2510.01953#19:paper-subarea:3,paper-subarea,2510.01953#19,2510.01953,theorem,meta-complexity; quantum-complexity,"The following hold for infinitely many x : If NP ⊄ BQP then Qic^ t (x:tt SAT ) ≥ ω( log |x| ) , for t any polynomial. If QSETH is true then Qic^ t (x:tt SAT ) ≥ |x|δ , for t(n)=2^ nγ , with δ >0 , γ > 0 , and 2δ + γ < frac 1 2 .

[MASK]",meta-complexity; quantum-complexity
2510.01953#20:relation-cloze:2,relation-cloze,2510.01953#20,2510.01953,theorem,meta-complexity; quantum-complexity,"If co-NP [MASK] QCMA/poly then there exists a δ > 0 such that for infinitely many n the set H^ ≤ n = { x mathrel | Qic^ t (x:tt SAT ) ≥ |x|^δ } has density 2^ n^δ , for δ>0 and t any polynomial. (Proof as in Ref )",⊄
2510.01953#20:paper-subarea:4,paper-subarea,2510.01953#20,2510.01953,theorem,meta-complexity; quantum-complexity,"If co-NP ⊄ QCMA/poly then there exists a δ > 0 such that for infinitely many n the set H^ ≤ n = { x mathrel | Qic^ t (x:tt SAT ) ≥ |x|^δ } has density 2^ n^δ , for δ>0 and t any polynomial. (Proof as in Ref )

[MASK]",meta-complexity; quantum-complexity
2510.04973#8:paper-subarea:1,paper-subarea,2510.04973#8,2510.04973,theorem,query-complexity,"Let D _+ = {x ∈ D : M_x ≠ varnothing } and D _- = D \ D _+ . For all x ∈ D ^+ , let μ_x be a probability distribution on supp (σ) , and ν_x be a probability distribution on M_x ∩ supp (τ) . Then, we can solve the detection version of the quantum walk search problem with high probability with a number of queries that satisfies O( sqrt S ^+ S ^- + sqrt U ^+ U ^- + sqrt C ^+ C ^- ) , where S ^+ &= max _ x ∈ D _+ underset v σ E [ (frac (μ_x)_v σ_v )^2 ( S _v)_x^+ ], & S ^- &= max _ x ∈ D _- underset v σ E [( S _v)_x^- ], U ^+ &= max _ x ∈ D _+ R_ eff (P; μ_x - ν_x) · max _ e ∈ E ( U _e)_x^+, & U ^- &= max _ x ∈ D _- underset substack v π w P_ v, · E [( U _ vw )_x^- ], C ^+ &= max _ x ∈ D _+ underset v τ E [ (frac (ν_x)_v τ_v )^2 ( C _ v,D_ v,x )_x^+ ], & C ^- &= max _ x ∈ D _- underset v τ E [( C _ v,D_ v,x )_x^- ].

[MASK]",query-complexity
2510.04973#25:paper-subarea:2,paper-subarea,2510.04973#25,2510.04973,theorem,query-complexity,"Let {σ_x}_ x ∈ D ⊆ V _1 , {τ_x}_ x ∈ D ⊆ V _2 and {O_x}_ x ∈ D ⊆ L ( M ) define a state-conversion problem P . Let { |w_x rangle }_ x ∈ D ⊆ M ⊗ W be a feasible solution to the quantum adversary bound for state conversion. Then, there exists a unitary U acting on ( V _1 ⊕ V _2) ⊕ ( M ⊗ W ) , such that U_x := U · ((I_ V _1 ⊕ I_ V _2 ) ⊕ (O_x ⊗ I_ W )) acts as \[(U_x)_ rotatebox [origin=c] -90 squigarrow ( V _1 ⊕ V _2) : |σ_x rangle mapsto |τ_x rangle , qquad and qquad (U_x)_ squigarrow( V _1 ⊕ V _2) : |σ_x rangle mapsto |w_x rangle .\] Consequently, Q (P) ∈ O( ADV (P)) .

[MASK]",query-complexity
2510.04973#33:paper-subarea:3,paper-subarea,2510.04973#33,2510.04973,theorem,query-complexity,"Let A be a quantum Monte-Carlo algorithm that implements the state-conversion problem given by P = {( |σ_x rangle , |τ_x rangle , O_x)}_ x ∈ D , with run-time given by the random variable T_x , for every x ∈ D . Then, for any choice of (α_t)_ t ∈ N _0 ⊆ R _ >0 , we can implement a feasible solution W := { |w_x^ pm rangle }_ x ∈ D to the corresponding state-reflection problem R := {( |σ_x rangle pm |τ_x rangle , pm ( |σ_x rangle pm |τ_x rangle ), overline O_x )}_ x ∈ D , with complexities \[ W _x^+ = E [ Σ _ t=0 ^ T_x-1 α_t ], qquad and qquad W _x^- = E [ Σ _ t=0 ^ T_x-1 frac 1 α_t ].\] In particular, by choosing α_t = 1 , for all t ∈ N _0 , we obtain W _x^ pm = E [T_x] , and by choosing α_t = t+1 , we obtain W _x^+ = E [T_x(T_x+1)/2] ∈ O( E [T_x^2]) , and W _x^- ∈ O(1 + E [ log (T_x)]) .

[MASK]",query-complexity
2510.04973#36:paper-subarea:4,paper-subarea,2510.04973#36,2510.04973,theorem,query-complexity,"Let f : D → {0,1} . For all x ∈ D , we define net-flow δ_x and potential function U_x on {s,t} , as \[δ_x = m 1 _s - m 1 _t, & if f(x) = 1, 0, & f(x) = 0, qquad and qquad U_x = 0, & if f(x) = 1, -m 1 _t, & f(x) = 0. \] On the one hand, let P = ( H , x mapsto H (x), K , |w_0 rangle ) be a span program on D that computes f . Let { |w_x rangle }_ x ∈ D be a set of witnesses for P . We write \[ |w_x^+ rangle = |w_x rangle , & if f(x) = 1, 0, & if f(x) = 0, qquad and qquad |w_x^- rangle = 0, & if f(x) = 1, |w_x rangle , & if f(x) = 0. \] Then, { |w_x^ pm rangle }_ x ∈ D is a feasible solution for the hyperedge problem R = {(δ_x, U_x, 2Π_ H (x) - I)}_ x ∈ D . Conversely, let { |w_x^ pm rangle }_ x ∈ D be a feasible solution to the hyperedge problem R = {(δ_x, U_x, O_x)}_ x ∈ D , where the oracles O_x act on H . We let H (x) be the +1 -eigenspace of O_x . Then, there exists a span program P = ( H , x mapsto H (x), K , |w_0 rangle ) that computes f , with \[C( P )^2 ≤ max {max _ x ∈ f^ -1 (1) | |w_x^+ rangle | ^2, max _ x ∈ f^ -1 (0) | |w_x^- rangle | ^2 }.\]

[MASK]",query-complexity
2510.04973#43:bound-cloze:1,bound-cloze,2510.04973#43,2510.04973,theorem,query-complexity,"Let x ∈ {0,1}^n \ {0^n} , and let i(x) be the first index containing a 1 , i.e., i(x) = min {i ∈ [n] : x_i = 1} . The graph composition construction from cref fig:first-marked-index-finding computes i(x) with complexities \[ R _x^+(w) = Σ _ j=1 ^ i(x) - 1 α_j + β_ i(x) , qquad and qquad R _x^-(w) = Σ _ j=1 ^ i(x)-1 frac 1 β_j + frac 1 α_ i(x) .\] Both become O( sqrt i(x) ) , if we choose α_j = 1/ sqrt j and β_j = sqrt j , for all j ∈ [n] , and we have R _x^+(w) ∈ [MASK] and R _x^-(w) ∈ O(i(x)) , if we choose α_j = 1/j and β_j = 1 , for all j ∈ [n] .",O( log (i(x)))
2510.04973#45:bound-cloze:2,bound-cloze,2510.04973#45,2510.04973,theorem,query-complexity,"The generalized graph composition construction from cref fig:minimum-finding solves the minimum finding problem with complexities \[ R _x^+ ∈ [MASK], qquad and qquad R _x^- ∈ O( log (n)).\]",O(n)
2510.07495#1:paper-subarea:1,paper-subarea,2510.07495#1,2510.07495,theorem,counting-complexity; fine-grained; quantum-complexity,"Assuming QSETH, the local Hamiltonian problem for 5-local and 3-local Hamiltonians cannot be solved by any quantum algorithm in time O l(2^ frac n 2 (1-ε) r) for any constant ε > 0 .

[MASK]",counting-complexity; fine-grained; quantum-complexity
2510.07495#2:paper-subarea:2,paper-subarea,2510.07495#2,2510.07495,theorem,counting-complexity; fine-grained; quantum-complexity,"Assuming QSETH, approximating the quantum partition function for 5-local and 3-local Hamiltonians to within any constant relative error cannot be done by any quantum algorithm in time O l(2^ frac n 2 (1-ε) r) for any constant ε > 0 .

[MASK]",counting-complexity; fine-grained; quantum-complexity
2510.07495#4:paper-subarea:3,paper-subarea,2510.07495#4,2510.07495,corollary,counting-complexity; fine-grained; quantum-complexity,"Any O^ast l(2^ frac n 2 (1 - o(1)) r) -time quantum algorithm for computing the ground-state energy of local Hamiltonians, such as the one in , is optimal for the Local Hamiltonian problem under QSETH.

[MASK]",counting-complexity; fine-grained; quantum-complexity
2510.07495#5:paper-subarea:4,paper-subarea,2510.07495#5,2510.07495,theorem,counting-complexity; fine-grained; quantum-complexity,"There exists a quantum algorithm whose running time is O^ ast (2^frac n 2 ) and the algorithm approximates the quantum partition function for local Hamiltonians up to a relative error frac 1 2 +frac 1 poly (n) , where n is the number of qubits of the Hamiltonian.

[MASK]",counting-complexity; fine-grained; quantum-complexity
2510.07495#12:bound-cloze:1,bound-cloze,2510.07495#12,2510.07495,conjecture,counting-complexity; fine-grained; quantum-complexity,"For all ε>0 , there exists k, n_0 ∈ N such that for any quantum algorithm A_ SAT , for all n ≥ n_0 there exists a k CNF formula Φ containing n variables and the number of clauses is m=[MASK] where c ∈ [1,2) such that A_ SAT cannot solve kSAT(Φ) with probability greater than frac 2 3 in O(2^ frac n 2 (1-ε) ) .",O(n^c)
2510.07495#15:bound-cloze:2,bound-cloze,2510.07495#15,2510.07495,theorem,counting-complexity; fine-grained; quantum-complexity,"Assume QSETH holds. Then, for any ξ>0 , for any quantum algorithm A_ LH , for infinitely many n_H , there exists a 5 -local Hamiltonian H acting on n_H qubits, associated with a,b satisfying b-a = Δ(n_H) where [MASK]<Δ(n_H)<O(1/n_H^3) , such that A_ LH (H, a, b) cannot decide 5LH(H, a, b) with probability greater than 2/3 in O(2^ frac n_H 2 (1-ξ) ) time.",O(1/n_H^6)
2510.07495#16:bound-cloze:3,bound-cloze,2510.07495#16,2510.07495,theorem,counting-complexity; fine-grained; quantum-complexity,"[Lower bound for 5QPF] Assume QSETH holds. For any ξ>0 and any δ ∈ (0,1) , for any quantum algorithm A_ QPF , for infinitely many n_H , there exists a 5-local Hamiltonian H acting on n_H qubits, associated with an inverse temperature β_0=[MASK] , such that for all β ≥ β_0 , the algorithm A_ QPF cannot solve 5QPF(H,β, δ) in O(2^ frac n_H 2 (1-ξ) ) time with probability greater than 2/3 .",O(n_H^7)
2510.07495#17:bound-cloze:4,bound-cloze,2510.07495#17,2510.07495,lemma,counting-complexity; fine-grained; quantum-complexity,"For any positive integer k and c>0 , for all n ∈ N , for any k CNF formula Φ that contains n variables and m=[MASK] clauses, there exists a quantum circuit U_Φ that acts on n input qubits and at most 2c log n +2 ancilla qubits, and U_Φ consists of at most 34c^2 n^c log ^2 n + (70k+2)n^c + 35c log n elementary gates such that U_ Φ lvertx rangle _ in ⊗ lvert 0rangle _ anc =lvert Φ(x)rangle _ out ⊗ lvert ψ_xrangle _ overline out for all x ∈ {0,1}^n , where lvert ψ_xrangle is some quantum state depending on x . The construction of U_ Φ can be done in poly (n) time.",O(n^c)
2510.17344#2:bound-cloze:1,bound-cloze,2510.17344#2,2510.17344,theorem,descriptive-logic; parameterized,"Let φ(X) be an sf MSO _1 xspace -formula on (colored) graphs. Then, given a graph G and S ⊆ V(G) we can check whether Gmodels φ(S) in time f(|φ|, cw) · [MASK] , where f is some computable function and cw is the cliquewidth of G .",n^2
2510.17344#2:paper-subarea:1,paper-subarea,2510.17344#2,2510.17344,theorem,descriptive-logic; parameterized,"Let φ(X) be an sf MSO _1 xspace -formula on (colored) graphs. Then, given a graph G and S ⊆ V(G) we can check whether Gmodels φ(S) in time f(|φ|, cw) · n^2 , where f is some computable function and cw is the cliquewidth of G .

[MASK]",descriptive-logic; parameterized
2510.17344#3:bound-cloze:2,bound-cloze,2510.17344#3,2510.17344,theorem,descriptive-logic; parameterized,"sf MSO _2 -sc Discovery \ on colored graphs in the token sliding and the token jumping models can be solved in time g(|φ|,b,tw) · n , for some computable function g and where tw is the treewidth of the input graph. sf MSO _1 -sc Discovery \ on colored graphs in the token sliding and the token jumping models can be solved in time g(|φ|,b,cw) · [MASK] , for some computable function g and where cw is the cliquewidth of the input graph.",n^ 2
2510.17344#3:paper-subarea:2,paper-subarea,2510.17344#3,2510.17344,theorem,descriptive-logic; parameterized,"sf MSO _2 -sc Discovery \ on colored graphs in the token sliding and the token jumping models can be solved in time g(|φ|,b,tw) · n , for some computable function g and where tw is the treewidth of the input graph. sf MSO _1 -sc Discovery \ on colored graphs in the token sliding and the token jumping models can be solved in time g(|φ|,b,cw) · n^ 2 , for some computable function g and where cw is the cliquewidth of the input graph.

[MASK]",descriptive-logic; parameterized
2510.17344#4:paper-subarea:3,paper-subarea,2510.17344#4,2510.17344,theorem,descriptive-logic; parameterized,"Let φ(X) be an FO -formula on (colored) graphs. Let G be a class of (colored) graphs on which FO \ model checking can be solved in time f(|φ|) · n^ O xspace (1) , for some computable function f . Then sf FO -sc Discovery \ in the token sliding and the token jumping models can be solved in time g(|φ|,b) · n^ O xspace (1) on G , for some computable function g .

[MASK]",descriptive-logic; parameterized
2510.17344#6:bound-cloze:3,bound-cloze,2510.17344#6,2510.17344,definition,descriptive-logic; parameterized,"Let φ(X) be an sf MSO _1 xspace -formula with a free set variable X , and let q_s and q_v be the numbers of set and vertex quantifiers in φ , respectively. Let G be a graph with ell vertex-types V_1, ... ,V_ell , and define q(φ) = [MASK] · q_v . Let R ⊆ V(G) and let σ_R(i) = |R ∩ V_i| . The shape of R is defined as follows: \[ overline σ _R(i) = bot & if q(φ) ≤ σ_R(i) ≤ |V_i| - q(φ), σ_R(i) & otherwise , \]",2^ q_s
2511.08050#10:bound-cloze:1,bound-cloze,2511.08050#10,2511.08050,theorem,proof-complexity,Let Q. φ be a false QBF with n variables that has a Q - SOS _ xspace xspace refutation of qsize s . Then it has a Q - SOS _ xspace xspace refutation of qdeg_ ∃ [MASK] .,O( sqrt n log s )
2511.08050#10:paper-subarea:1,paper-subarea,2511.08050#10,2511.08050,theorem,proof-complexity,"Let Q. φ be a false QBF with n variables that has a Q - SOS _ xspace xspace refutation of qsize s . Then it has a Q - SOS _ xspace xspace refutation of qdeg_ ∃ O( sqrt n log s ) .

[MASK]",proof-complexity
2511.08050#12:paper-subarea:2,paper-subarea,2511.08050#12,2511.08050,theorem,proof-complexity,"lem degreelemma Let d,n,b ∈ N ^ geqslant 0 and Q.φ be a false QBF. Let π be a Q - SOS _ xspace xspace refutation of Q.φ so that its q_u polynomials contain, in total, fewer than (1-frac d 2n )^ -b monomials of existential degree > d . Then there is a Q - SOS _ xspace xspace refutation π' of Q.φ with qdeg_ ∃ (π')leqslant d+b .

[MASK]",proof-complexity
2511.08050#14:paper-subarea:3,paper-subarea,2511.08050#14,2511.08050,theorem,proof-complexity,"Let Σ _ p ∈ enc (φ) q_p p+ Σ _ u ∈ vars _ ∀ (Q) q_u(1-2u)+ q + 1 =0 be a Q - SOS _ xspace xspace / Q - SA _ xspace xspace / Q - NS _ xspace xspace proof of a false QBF Q.φ . Then the universal strategy that maps each universal variable u ∈ vars _ ∀ (Q) to \( frac 1 2 (1- sign (q_u)) \) is a countermodel (i.e. falsifies φ ).

[MASK]",proof-complexity
2511.08050#15:bound-cloze:2,bound-cloze,2511.08050#15,2511.08050,corollary,proof-complexity,Every Q - SOS _ xspace xspace refutation of sf Parity xspace _n requires Q-size exp ([MASK]) .,Ω(n)
2511.08050#15:paper-subarea:4,paper-subarea,2511.08050#15,2511.08050,corollary,proof-complexity,"Every Q - SOS _ xspace xspace refutation of sf Parity xspace _n requires Q-size exp (Ω(n)) .

[MASK]",proof-complexity
2511.08050#19:bound-cloze:3,bound-cloze,2511.08050#19,2511.08050,theorem,proof-complexity,Every Q - SOS _ xspace xspace refutation π of sf Equality xspace _n has qdeg_ ∃ (π)geqslant n and qsize (π)geqslant exp ([MASK]) .,Ω(n)
2511.14657#14:paper-subarea:1,paper-subarea,2511.14657#14,2511.14657,theorem,proof-complexity,"Let Γ be a MaxSAT instance encoded with blocking variables. If there is a cost - SR xspace proof of k distinct blocking variables, then cost (Γ) ≥ k . If there is a cost - SR xspace proof of k distinct blocking variables {b_ i_1 , ... ,b_ i_k } and all the unit clauses overline b_j for j ∉ {i_1, ... ,i_k} , then cost (Γ)= k .

[MASK]",proof-complexity
2511.14657#15:paper-subarea:2,paper-subarea,2511.14657#15,2511.14657,theorem,proof-complexity,"Let Γ be a MaxSAT instance encoded with blocking variables, of cost (Γ)=k . There is a cost - SPR xspace derivation of the unit clauses b_ i_1 , ... , b_ i_k for some distinct k blocking literals and all the overline b_j for j ∉ {i_1, ... ,i_k} .

[MASK]",proof-complexity
2511.14657#16:paper-subarea:3,paper-subarea,2511.14657#16,2511.14657,theorem,proof-complexity,"Let Γ be a MaxSAT instance encoded with blocking variables, of cost (Γ)=k , and let A be the set of optimal total assignments for \(Γ\), it i .it e .,\ α ∈ A when α vDash Γ and cost (α)=k . If A is such that all pairs of assignments in \(A\) have Hamming distance at least d , and for every blocking variable b there are α,β ∈ A s.t. α(b)=0 and β(b)=1 , then to derive any blocking literal b , cost - SR xspace must derive a redundant clause with \( flip (C,σ) ≥ d\), where \(σ\) is the witnessing substitution for \(C\).

[MASK]",proof-complexity
2511.14657#18:bound-cloze:1,bound-cloze,2511.14657#18,2511.14657,corollary,proof-complexity,"There is a formula family \(F_ n \) with \([MASK] \) variables, \(O(n)\) clauses and \( cost (F_ n )=Ω(n)\) where, in order to prove \( cost (F_ n ) ≥ 1\), any cost - SR xspace proof derives a redundant clause with \( flip (C,σ) = Ω(n)\), where \(σ\) is the witnessing substitution for \(C\).",O(n)
2511.14657#18:paper-subarea:4,paper-subarea,2511.14657#18,2511.14657,corollary,proof-complexity,"There is a formula family \(F_ n \) with \(O(n) \) variables, \(O(n)\) clauses and \( cost (F_ n )=Ω(n)\) where, in order to prove \( cost (F_ n ) ≥ 1\), any cost - SR xspace proof derives a redundant clause with \( flip (C,σ) = Ω(n)\), where \(σ\) is the witnessing substitution for \(C\).

[MASK]",proof-complexity
2512.08149#12:paper-subarea:1,paper-subarea,2512.08149#12,2512.08149,corollary,structural,"Assume the ambient setting provides a uniform arithmetization of problems, so that it makes sense to range over a domain Prob of codes e and to speak about predicates such as enquote e is solvable or enquote e admits a polynomially checkable certificate . In such a setting one may pose a question that is impredicatively sc Turing-Reducible , cf. : ∃ M ∃ p ∀ n l[ Check _n(e,M,p) r], When applied to a canonical code e_ P ∨ NP for the problem enquote P vs.\ NP , this becomes a self-referentially exposed classification task: the target of classification is itself specified within the same problem-language that supports the classifier.

[MASK]",structural
2512.09374#6:paper-subarea:1,paper-subarea,2512.09374#6,2512.09374,theorem,derandomization; space-complexity,"For polynomially bounded weights, min-weight- search ≤ ^ CL _T weighted- decision for any language L defined by a witness relation R_ L (x,y) . Equivalently, the search problem min-weight- search is computable in CL ^ L _w . In particular, it holds for NP -languages.

[MASK]",derandomization; space-complexity
2512.09374#8:paper-subarea:2,paper-subarea,2512.09374#8,2512.09374,corollary,derandomization; space-complexity,"The following search problems are CL computable: The perfect matching search problem for planar graphs. The red-blue matching search problem for planar graphs. The minimum-weight r -arborescence problem in polynomially weighted digraphs.

[MASK]",derandomization; space-complexity
2512.09374#15:paper-subarea:3,paper-subarea,2512.09374#15,2512.09374,theorem,derandomization; space-complexity,"The following hold: BPP ⊆ CL ^ NP _ 2 -round MA , Co MA ⊆ CL ^ NP _ 2 -round ZPP ^ NP [1] ⊆ CL ^ NP _ 2 -round

[MASK]",derandomization; space-complexity
2512.09374#17:bound-cloze:1,bound-cloze,2512.09374#17,2512.09374,lemma,derandomization; space-complexity,"There is a logspace computable weight assignment generator (Γ_ m, r )_ m, r ∈ N with seed length s(m, r)=[MASK] such that Γ_ m, r produces functions h:[m] mapsto [r] with the following property: For every u, v ∈ [m] with u ≠ v , and every δ ∈ N Pr _h[h(u)=δ+h(v)] ≤ 1 / r where h is chosen uniformly at random from Γ_ m, r i.e. h=Γ_ m,r (s) where s is a uniformly at random chosen seed.",O( log (m r))
2512.09374#19:bound-cloze:2,bound-cloze,2512.09374#19,2512.09374,lemma,derandomization; space-complexity,"Given (h_1, ... ,h_k) ∈ Γ_ n(d+1),r for some k<ell /Δ such that w_ kΔ is min-isolating for the blocks in the block system B^ kΔ of G , we have that Pr _ h_ k+1 [w_ (k+1)Δ is not min-isolating for the block system B^ (k+1)Δ ] ≤ Δ/[MASK] ≤ 1/n where h_ k+1 is chosen uniformly at random from Γ_ n(d+1),r .",n^2
2512.09374#21:paper-subarea:4,paper-subarea,2512.09374#21,2512.09374,theorem,derandomization; space-complexity,"NL ⊆ CTISP [ poly (n), log n, log ^ 2-α n ]^ U TISP [ poly (n), log ^ 1+α n ] for all α ∈ [0,0.5] .

[MASK]",derandomization; space-complexity
2512.09374#26:bound-cloze:3,bound-cloze,2512.09374#26,2512.09374,lemma,derandomization; space-complexity,"There exist unambiguous nondeterministic machines WeightCheck and WeightEval , each equipped with a stack that does not count towards the space bound, such that for every layered SAC ^1 circuit C=(V, E) of depth d with n gates, every input z of C , weight assignment w: V mapsto N , and g ∈ V : (i) WeightCheck (C,z,w) decides whether or not w is min-isolating for (C,z) , and (ii) WeightEval (C,z, w,g) computes w(C,z,g) provided w is min-isolating for (C,z) . Both machines run in time poly ([MASK], log (W), n) and space O (d+ log (W)+ log (n)) , where W is the maximum weight of a gate under w .",2^d
2512.11820#2:bound-cloze:1,bound-cloze,2512.11820#2,2512.11820,definition,meta-complexity; structural,"Fix (κ,ell )=[MASK] and the canonical block partition B of Definition . Let P_ O ,n (u,z,v) denote the observer's compiled polynomial encoding (defined in Section ). Define \[ CEW ^ B _ κ,ell ( O ;n) := Γ^ B _ κ,ell (Π^star [P_ O ,n ] ), \] where Γ^ B _ κ,ell is the SPDP rank invariant.",Θ( log n)
2512.11820#7:paper-subarea:1,paper-subarea,2512.11820#7,2512.11820,corollary,meta-complexity; structural,"The following are equivalent: No finite boundary-limited agent (x,b,t) decides the hard family (g_m) . No finite N-Frame envelope decides the hard family (g_m) . P ≠ NP .

[MASK]",meta-complexity; structural
2512.11820#9:bound-cloze:2,bound-cloze,2512.11820#9,2512.11820,theorem,meta-complexity; structural,"Fix (κ,ell )=[MASK] and the radius-- 1 block partition B induced by the uniform compiler templates. bf Field convention: The NP-side lower bound uses a coefficient-space identity minor with diagonal entries pm 1 , which is invertible over any field---hence no characteristic restriction is required for the lower bound. The P-side upper bound and Width ⇒ Rank theorem are stated over characteristic 0 (or prime p > poly (n) ) to ensure that multilinearization and polynomial identity arguments hold without cancellation issues. For the separation conclusion, any fixed choice of such a field suffices. Then the following three facts (proved in this manuscript) imply P ≠ NP : bf (P-side compiled upper bound) For every deterministic machine M ∈ DTIME (n^c) , the uniformly compiled family {P_ M,n } satisfies \[ Γ^ B _ κ,ell (P_ M,n ) ≤ n^ O(1) . \] (Item (1) holds uniformly for all polynomial time bounds by the universal-machine unrolling (Section ), hence applies to every L ∈ P .) bf (NP-side explicit compiled lower bound) There exists an explicit uniform 3 SAT witness family {Φ_n} such that the associated coupled clause-sheet polynomials {Q^ × _ Φ_n } satisfy \[ Γ^ B _ κ,ell (Q^ × _ Φ_n ) ≥ n^ Θ( log n) . \] (The identity minor has pm 1 diagonal entries, so this holds over any field.) (See Theorem and Lemma .) bf (Instance-uniform, witness-free extraction and rank monotonicity) For every instance Φ there is an instance-uniform map T_Φ (depending only on Φ , not on any witness) such that \[ T_Φ(P_ M',N(Φ) ) = Q^ × _Φ quad and quad Γ^ B _ κ,ell (T_Φ(p)) ≤ Γ^ B _ κ,ell (p) \ for all polynomials p. \] Consequently, P ≠ NP .",Θ( log n)
2512.11820#9:paper-subarea:2,paper-subarea,2512.11820#9,2512.11820,theorem,meta-complexity; structural,"Fix (κ,ell )=Θ( log n) and the radius-- 1 block partition B induced by the uniform compiler templates. bf Field convention: The NP-side lower bound uses a coefficient-space identity minor with diagonal entries pm 1 , which is invertible over any field---hence no characteristic restriction is required for the lower bound. The P-side upper bound and Width ⇒ Rank theorem are stated over characteristic 0 (or prime p > poly (n) ) to ensure that multilinearization and polynomial identity arguments hold without cancellation issues. For the separation conclusion, any fixed choice of such a field suffices. Then the following three facts (proved in this manuscript) imply P ≠ NP : bf (P-side compiled upper bound) For every deterministic machine M ∈ DTIME (n^c) , the uniformly compiled family {P_ M,n } satisfies \[ Γ^ B _ κ,ell (P_ M,n ) ≤ n^ O(1) . \] (Item (1) holds uniformly for all polynomial time bounds by the universal-machine unrolling (Section ), hence applies to every L ∈ P .) bf (NP-side explicit compiled lower bound) There exists an explicit uniform 3 SAT witness family {Φ_n} such that the associated coupled clause-sheet polynomials {Q^ × _ Φ_n } satisfy \[ Γ^ B _ κ,ell (Q^ × _ Φ_n ) ≥ n^ Θ( log n) . \] (The identity minor has pm 1 diagonal entries, so this holds over any field.) (See Theorem and Lemma .) bf (Instance-uniform, witness-free extraction and rank monotonicity) For every instance Φ there is an instance-uniform map T_Φ (depending only on Φ , not on any witness) such that \[ T_Φ(P_ M',N(Φ) ) = Q^ × _Φ quad and quad Γ^ B _ κ,ell (T_Φ(p)) ≤ Γ^ B _ κ,ell (p) \ for all polynomials p. \] Consequently, P ≠ NP .

[MASK]",meta-complexity; structural
2512.11820#15:bound-cloze:3,bound-cloze,2512.11820#15,2512.11820,theorem,meta-complexity; structural,"Fix (κ,ell )=[MASK] and the universal gauge Π^star . Then the following two statements hold: bf (Polynomial-time observers have polynomial CEW). For every deterministic polynomial-time machine M ∈ DTIME (n^ c ) , the induced observer O _M satisfies \[ CEW ^ B _ κ,ell ( O _M;n) ≤ n^ O(1) . \] bf (An explicit NP witness family has superpolynomial CEW). There exists an explicit family of NP witnesses {Φ_n} (e.g.\ Ramanujan--Tseitin / identity-minor family) such that the induced observers O _ Φ_n satisfy \[ CEW ^ B _ κ,ell ( O _ Φ_n ;n) ≥ n^ Ω( log n) . \]",Θ( log n)
2512.11820#15:paper-subarea:3,paper-subarea,2512.11820#15,2512.11820,theorem,meta-complexity; structural,"Fix (κ,ell )=Θ( log n) and the universal gauge Π^star . Then the following two statements hold: bf (Polynomial-time observers have polynomial CEW). For every deterministic polynomial-time machine M ∈ DTIME (n^ c ) , the induced observer O _M satisfies \[ CEW ^ B _ κ,ell ( O _M;n) ≤ n^ O(1) . \] bf (An explicit NP witness family has superpolynomial CEW). There exists an explicit family of NP witnesses {Φ_n} (e.g.\ Ramanujan--Tseitin / identity-minor family) such that the induced observers O _ Φ_n satisfy \[ CEW ^ B _ κ,ell ( O _ Φ_n ;n) ≥ n^ Ω( log n) . \]

[MASK]",meta-complexity; structural
2512.11820#16:paper-subarea:4,paper-subarea,2512.11820#16,2512.11820,corollary,meta-complexity; structural,"If P=NP , then the NP witness family in Theorem (2) would be decidable by a polynomial-time machine, hence would induce a polynomial-time observer with polynomial CEW, contradicting Theorem (2). Therefore P ≠ NP .

[MASK]",meta-complexity; structural
2512.11820#17:bound-cloze:4,bound-cloze,2512.11820#17,2512.11820,theorem,meta-complexity; structural,"There exist a constant C ≥ 1 and a fixed deterministic projection Π_N (uniform per input length N ) such that for every Boolean function f ∈ P , \[ rk _ SPDP (E(f); r(n) ) ≤ [MASK] quad for quad r(n) = ( log n)^C, κ ≤ r(n). \]",n^ O(1)
2601.05166#1:bound-cloze:1,bound-cloze,2601.05166#1,2601.05166,theorem,counting-complexity; fine-grained; hardness-of-approximation; query-complexity,"theorem mainresult For arbitrary 0 < ε < 1/2 , an algorithm computing the number of copies of a given k -pattern with n^ (1/2-ε) · k -multiplicative error in f(k) · n^ [MASK] time would refute ETH.",o(k/ log k)
2601.05166#1:paper-subarea:1,paper-subarea,2601.05166#1,2601.05166,theorem,counting-complexity; fine-grained; hardness-of-approximation; query-complexity,"theorem mainresult For arbitrary 0 < ε < 1/2 , an algorithm computing the number of copies of a given k -pattern with n^ (1/2-ε) · k -multiplicative error in f(k) · n^ o(k/ log k) time would refute ETH.

[MASK]",counting-complexity; fine-grained; hardness-of-approximation; query-complexity
2601.05166#2:bound-cloze:2,bound-cloze,2601.05166#2,2601.05166,theorem,counting-complexity; fine-grained; hardness-of-approximation; query-complexity,"sc Left PPM xspace is W [1] -hard with respect to k , and unless ETH fails, it cannot be solved in time f(k) · n^ [MASK] for any function f , where k is the length of the pattern and n is the length of the text.",o(k/ log k)
2601.05166#2:paper-subarea:2,paper-subarea,2601.05166#2,2601.05166,theorem,counting-complexity; fine-grained; hardness-of-approximation; query-complexity,"sc Left PPM xspace is W [1] -hard with respect to k , and unless ETH fails, it cannot be solved in time f(k) · n^ o(k/ log k) for any function f , where k is the length of the pattern and n is the length of the text.

[MASK]",counting-complexity; fine-grained; hardness-of-approximation; query-complexity
2601.05166#3:bound-cloze:3,bound-cloze,2601.05166#3,2601.05166,theorem,counting-complexity; fine-grained; hardness-of-approximation; query-complexity,"There is no algorithm that counts the number of copies of a given k -pattern in time f(k) · n^ [MASK] for any function f , unless ETH fails.",o(k/ log k)
2601.05166#3:paper-subarea:3,paper-subarea,2601.05166#3,2601.05166,theorem,counting-complexity; fine-grained; hardness-of-approximation; query-complexity,"There is no algorithm that counts the number of copies of a given k -pattern in time f(k) · n^ o(k/ log k) for any function f , unless ETH fails.

[MASK]",counting-complexity; fine-grained; hardness-of-approximation; query-complexity
2601.05166#4:bound-cloze:4,bound-cloze,2601.05166#4,2601.05166,theorem,counting-complexity; fine-grained; hardness-of-approximation; query-complexity,"For arbitrary 0 < ε < 1/2 , (n^ ε k , n^ (1-ε) · k ) sc -GAP \#PPM xspace is W [1] -hard and cannot be solved in time f(k) · n^ [MASK] for any function f , unless ETH fails.",o(k/ log k)
2601.05166#4:paper-subarea:4,paper-subarea,2601.05166#4,2601.05166,theorem,counting-complexity; fine-grained; hardness-of-approximation; query-complexity,"For arbitrary 0 < ε < 1/2 , (n^ ε k , n^ (1-ε) · k ) sc -GAP \#PPM xspace is W [1] -hard and cannot be solved in time f(k) · n^ o(k/ log k) for any function f , unless ETH fails.

[MASK]",counting-complexity; fine-grained; hardness-of-approximation; query-complexity
2601.10197#2:paper-subarea:1,paper-subarea,2601.10197#2,2601.10197,theorem,average-case,"lem lem1 [Lemma 1 of Ref. ] Suppose there is a deterministic algorithm A that ε -learns a fraction β of D with respect to μ from q many τ -accurate statistical queries. Then for any Q , q+1 ≥ frac β-Pr _ P μ [ rm d _ rm TV (P,Q) ≤ ε+τ] max _ φ : X → [-1,1] Pr _ P μ [ lvert E _ x P [φ( x )]- E _ x Q [φ( x )] rvert >τ ]

[MASK]",average-case
2601.10197#5:paper-subarea:2,paper-subarea,2601.10197#5,2601.10197,theorem,average-case,"lem ai1 For any A ∈ End\ H , E _ V μ_ rm AI VAV^dagger = frac tr [A]mathds 1 + A^ T d+1

[MASK]",average-case
2601.10197#6:paper-subarea:3,paper-subarea,2601.10197#6,2601.10197,theorem,average-case,"lem aii1 For any A ∈ End\ H , E _ V μ_ rm AII VAV^dagger = frac tr [A]mathds 1 + J A^ T J d-1

[MASK]",average-case
2601.10197#7:paper-subarea:4,paper-subarea,2601.10197#7,2601.10197,theorem,average-case,"lem diii For any A ∈ End\ H , E _ S μ_ rm DIII SAS^dagger = frac tr [A]mathds 1 + J A^ T J d-1

[MASK]",average-case
2601.10197#8:bound-cloze:1,bound-cloze,2601.10197#8,2601.10197,theorem,average-case,"lem lemcmg Let X ∈ { U (d), O (d), SP (d)} , and f:X → R be L -Lipschitz continuous, with E _ U μ_X f(U) = expval f . Then Pr _ U μ_X [lvert f(U) - expval f rvert ≥ t] ≤ 2e^ -(d-2)[MASK]/(24L^2)",t^2
2601.10197#9:bound-cloze:2,bound-cloze,2601.10197#9,2601.10197,theorem,average-case,"lem lemcms Let G/K be a compact symmetric space with involution σ , and f:G → R be L -Lipschitz continuous, with E _ U μ_ G/K f(U) = expval f . Then Pr _ U μ_ G/K [lvert f(U) - expval f rvert ≥ t] ≤ 2e^ -(d-2)[MASK]/(96L^2)",t^2
2601.12874#3:paper-subarea:1,paper-subarea,2601.12874#3,2601.12874,theorem,communication-complexity; hardness-of-approximation; interactive-proofs; quantum-complexity,"There exists a quantum IOP system for QMA with the following parameters: query complexity q(n) = O(1) , communication complexity l(n) = poly (n) , and constant completeness-soundness gap.

[MASK]",communication-complexity; hardness-of-approximation; interactive-proofs; quantum-complexity
2601.12874#4:paper-subarea:2,paper-subarea,2601.12874#4,2601.12874,theorem,communication-complexity; hardness-of-approximation; interactive-proofs; quantum-complexity,"There exists a strong quantum IOP system for QMA with query complexity q(n) = O(1) , communication complexity l(n) = exp ( poly (n)) , and constant completeness-soundness gap.

[MASK]",communication-complexity; hardness-of-approximation; interactive-proofs; quantum-complexity
2601.12874#14:bound-cloze:1,bound-cloze,2601.12874#14,2601.12874,definition,communication-complexity; hardness-of-approximation; interactive-proofs; quantum-complexity,"Let n, m ∈ Z _+ , w ∈ F _[MASK] , T = ( T _i)_ i ∈ [n] , and s = (s_1, ... , s_m) ∈ [n]^m . Define: w(s) = (w_ s_1 , ... , w_ s_m ), quad T (s) = ( T _ s_j )_ j ∈ [m] .",2^n
2601.12874#17:bound-cloze:2,bound-cloze,2601.12874#17,2601.12874,definition,communication-complexity; hardness-of-approximation; interactive-proofs; quantum-complexity,"A Hamiltonian H ∈ C ^ [MASK] ⊗ C ^ 2^n is a Clifford-Hamiltonian if it is the uniform average of a polynomial number m= poly (n) of Clifford-Hamiltonian projection terms H_i . That is, H = frac 1 m Σ _ i ∈ [m] H_i . Moreover, H is k -local if each H_i acts non-trivially on at most k qubits.",2^n
2601.12874#18:bound-cloze:3,bound-cloze,2601.12874#18,2601.12874,definition,communication-complexity; hardness-of-approximation; interactive-proofs; quantum-complexity,"Let k ∈ Z ^+ and let a,b: Z ^+ → R ^+ be non-decreasing functions such that ∀ n ∈ Z ^+, a(n) < b(n) . The local Clifford-Hamiltonian problem LCH (k,a,b) is the promise problem (S_ yes , S_ no ) defined by: S_ yes : the set of k -local Clifford-Hamiltonians H ∈ C ^ [MASK] ⊗ C ^ 2^n such that λ_ min (H) ≤ a(n) , S_ no : the set of k -local Clifford-Hamiltonians H ∈ C ^ 2^n ⊗ C ^ 2^n such that λ_ min (H) ≥ b(n) .",2^n
2601.12874#19:bound-cloze:4,bound-cloze,2601.12874#19,2601.12874,theorem,communication-complexity; hardness-of-approximation; interactive-proofs; quantum-complexity,"There exist polynomials p and q such that the problem LCH (5, [MASK] , 1/q(n)) is QMA-complete.",2^ -p(n)
2601.12874#19:paper-subarea:3,paper-subarea,2601.12874#19,2601.12874,theorem,communication-complexity; hardness-of-approximation; interactive-proofs; quantum-complexity,"There exist polynomials p and q such that the problem LCH (5, 2^ -p(n) , 1/q(n)) is QMA-complete.

[MASK]",communication-complexity; hardness-of-approximation; interactive-proofs; quantum-complexity
2601.12874#23:paper-subarea:4,paper-subarea,2601.12874#23,2601.12874,theorem,communication-complexity; hardness-of-approximation; interactive-proofs; quantum-complexity,"There exists a constant δ_0 ∈ (0, 1) such that for all n ∈ Z ^+ and all δ < δ_0 , the language sc Circuit Value has a PCP of proximity (for circuits of size n ) with the following parameters: randomness complexity O( log n) , query complexity O(1) , perfect completeness, and soundness error 1 - Ω(δ) for proximity parameter δ .

[MASK]",communication-complexity; hardness-of-approximation; interactive-proofs; quantum-complexity
2601.22393#2:bound-cloze:1,bound-cloze,2601.22393#2,2601.22393,theorem,proof-complexity,"There is a tree-like LK -proof π_n for \[ Clique^ k+1 _n(bar p , bar r ) → ¬ Color^ k _n(bar p , bar s ) \] such that |π_n| ≤ [MASK] .",n^ O(1)
2601.22393#2:paper-subarea:1,paper-subarea,2601.22393#2,2601.22393,theorem,proof-complexity,"There is a tree-like LK -proof π_n for \[ Clique^ k+1 _n(bar p , bar r ) → ¬ Color^ k _n(bar p , bar s ) \] such that |π_n| ≤ n^ O(1) .

[MASK]",proof-complexity
2601.22393#3:bound-cloze:2,bound-cloze,2601.22393#3,2601.22393,theorem,proof-complexity,"For k = lfloor sqrt n rfloor , the Clique--Color formula requires monotone interpolating circuits As circuits are not directly used in this paper, we do not define them here; see . of size 2^ [MASK] . More precisely, assume that C is a circuit consisting only of {wedge , vee } gates such that for any bar u ∈ {0, 1}^ binom n 2 : if C(bar u ) = 0 , then Clique^ k+1 _n(bar u , bar r ) is unsatisfiable, and if C(bar u ) = 1 , then Color^k_n(bar u , bar s ) is unsatisfiable. Then, C must contain at least 2^ Ω(n^ 1/4 ) gates.",Ω(n^ 1/4 )
2601.22393#3:paper-subarea:2,paper-subarea,2601.22393#3,2601.22393,theorem,proof-complexity,"For k = lfloor sqrt n rfloor , the Clique--Color formula requires monotone interpolating circuits As circuits are not directly used in this paper, we do not define them here; see . of size 2^ Ω(n^ 1/4 ) . More precisely, assume that C is a circuit consisting only of {wedge , vee } gates such that for any bar u ∈ {0, 1}^ binom n 2 : if C(bar u ) = 0 , then Clique^ k+1 _n(bar u , bar r ) is unsatisfiable, and if C(bar u ) = 1 , then Color^k_n(bar u , bar s ) is unsatisfiable. Then, C must contain at least 2^ Ω(n^ 1/4 ) gates.

[MASK]",proof-complexity
2601.22393#6:bound-cloze:3,bound-cloze,2601.22393#6,2601.22393,theorem,proof-complexity,"Let bar p ={p_ i,j mid 1 ≤ i ≠ j ≤ n} , bar q ={q_ i,j mid 1 ≤ i ≠ j ≤ n} , bar r , and bar s be pairwise disjoint sets of variables. Let k = lfloor sqrt n rfloor . Then the formulas \[ Θ^ bot _n := wedge_ 1 ≤ i ≠ j ≤ n (p_ i,j vee q_ i,j ) → ¬ Color^ k _n(bar p , bar s ) vee ¬ Clique^ k+1 _n( ¬ bar q , bar r ) \] are intuitionistic tautologies and every LJ -proof of Θ^ bot _n contains at least 2^ [MASK] lines.",Ω(n^ 1/4 )
2601.22393#6:paper-subarea:3,paper-subarea,2601.22393#6,2601.22393,theorem,proof-complexity,"Let bar p ={p_ i,j mid 1 ≤ i ≠ j ≤ n} , bar q ={q_ i,j mid 1 ≤ i ≠ j ≤ n} , bar r , and bar s be pairwise disjoint sets of variables. Let k = lfloor sqrt n rfloor . Then the formulas \[ Θ^ bot _n := wedge_ 1 ≤ i ≠ j ≤ n (p_ i,j vee q_ i,j ) → ¬ Color^ k _n(bar p , bar s ) vee ¬ Clique^ k+1 _n( ¬ bar q , bar r ) \] are intuitionistic tautologies and every LJ -proof of Θ^ bot _n contains at least 2^ Ω(n^ 1/4 ) lines.

[MASK]",proof-complexity
2601.22393#8:bound-cloze:4,bound-cloze,2601.22393#8,2601.22393,theorem,proof-complexity,"( ) The formulas Θ_n := Θ_ n,lfloor sqrt n rfloor are intuitionistic tautologies and require LJ -proofs with at least 2^ [MASK] lines.",n^ Ω(1)
2601.22393#8:paper-subarea:4,paper-subarea,2601.22393#8,2601.22393,theorem,proof-complexity,"( ) The formulas Θ_n := Θ_ n,lfloor sqrt n rfloor are intuitionistic tautologies and require LJ -proofs with at least 2^ n^ Ω(1) lines.

[MASK]",proof-complexity
2602.00644#16:paper-subarea:1,paper-subarea,2602.00644#16,2602.00644,theorem,parameterized,"T _ h+1 -normal sc Free Edge Deletion can be solved in O ((2^ ell ell h^ 2 )^ O (2^ ell ell h) · (n+m) ) time.

[MASK]",parameterized
2602.00644#23:paper-subarea:2,paper-subarea,2602.00644#23,2602.00644,theorem,parameterized,"There exists an algorithm that, given an instance (G,k,h) of sc T _ h+1 -Free Edge Deletion , runs in time O (2^ O (k^3) n^3 log ^3 n) and satisfies the following: if (G,k,h) is a yes-instance, then the algorithm returns a feasible solution F' with |F'| ≤ 4k^2 ; if (G,k,h) is a no-instance, then the algorithm may either correctly conclude that no solution of size at most k exists or return a feasible solution F' with |F'| ≤ 4k^2 .

[MASK]",parameterized
2602.00644#26:paper-subarea:3,paper-subarea,2602.00644#26,2602.00644,theorem,parameterized,"The T _ h+1 -normal sc Free Edge Deletion problem is NP-complete even when restricted to split graphs.

[MASK]",parameterized
2602.00644#30:paper-subarea:4,paper-subarea,2602.00644#30,2602.00644,corollary,parameterized,"The T _ h+1 -normal sc Free Edge Deletion is NP-complete even when restricted to chordal graphs.

[MASK]",parameterized
2602.01042#1:bound-cloze:1,bound-cloze,2602.01042#1,2602.01042,theorem,query-complexity,There exists a function on k^4 variables with block sensitivity (resp. certificate complexity) k^3 such that any restriction of the function to [MASK] variables will have block sensitivity (resp. certificate complexity at most O(k^2) .,O(k^3)
2602.01042#1:paper-subarea:1,paper-subarea,2602.01042#1,2602.01042,theorem,query-complexity,"There exists a function on k^4 variables with block sensitivity (resp. certificate complexity) k^3 such that any restriction of the function to O(k^3) variables will have block sensitivity (resp. certificate complexity at most O(k^2) .

[MASK]",query-complexity
2602.01042#2:bound-cloze:2,bound-cloze,2602.01042#2,2602.01042,theorem,query-complexity,There exists a boolean function f with AND -query complexity D_ wedge = k (resp D_ vee ) such that any restriction of the function to k variables will have D_ wedge ≤ tilde [MASK] .,O (k^ 3/4 )
2602.01042#2:paper-subarea:2,paper-subarea,2602.01042#2,2602.01042,theorem,query-complexity,"There exists a boolean function f with AND -query complexity D_ wedge = k (resp D_ vee ) such that any restriction of the function to k variables will have D_ wedge ≤ tilde O (k^ 3/4 ) .

[MASK]",query-complexity
2602.01042#9:bound-cloze:3,bound-cloze,2602.01042#9,2602.01042,theorem,query-complexity,"Consider any restriction ρ on f ( f has certificate complexity k^3 ) such that there are [MASK] free variables, then certificate complexity can be at most O(k^2) .",O(k^3)
2602.01042#9:paper-subarea:3,paper-subarea,2602.01042#9,2602.01042,theorem,query-complexity,"Consider any restriction ρ on f ( f has certificate complexity k^3 ) such that there are O(k^3) free variables, then certificate complexity can be at most O(k^2) .

[MASK]",query-complexity
2602.01042#10:bound-cloze:4,bound-cloze,2602.01042#10,2602.01042,corollary,query-complexity,"Consider any restriction ρ on f ( f has block sensitivity k^3 ) such that there are [MASK] free variables, then block sensitivity can be at most O(k^2) .",O(k^3)
2602.01042#10:paper-subarea:4,paper-subarea,2602.01042#10,2602.01042,corollary,query-complexity,"Consider any restriction ρ on f ( f has block sensitivity k^3 ) such that there are O(k^3) free variables, then block sensitivity can be at most O(k^2) .

[MASK]",query-complexity
2602.05186#7:paper-subarea:1,paper-subarea,2602.05186#7,2602.05186,theorem,fine-grained,"The Edit-CLC problem is NP-hard if errors are allowed on pan-genome graphs, even on a binary alphabet.

[MASK]",fine-grained
2602.06903#2:bound-cloze:1,bound-cloze,2602.06903#2,2602.06903,theorem,parameterized,"upshapesc Weighted PDD _ s xspace can be solved in O (2^ nsw ( F xspace ) · [MASK] ) time if a tree extension of the food web F xspace of node scanwidth nsw ( F xspace ) is given. Here, n is the number of species, that is, the number of vertices in F xspace .",n^3
2602.06903#2:paper-subarea:1,paper-subarea,2602.06903#2,2602.06903,theorem,parameterized,"upshapesc Weighted PDD _ s xspace can be solved in O (2^ nsw ( F xspace ) · n^3 ) time if a tree extension of the food web F xspace of node scanwidth nsw ( F xspace ) is given. Here, n is the number of species, that is, the number of vertices in F xspace .

[MASK]",parameterized
2602.08441#2:paper-subarea:1,paper-subarea,2602.08441#2,2602.08441,theorem,algebraic-complexity; quantum-complexity,"cref prob: plethysm is in \# BQP . As a consequence, the problem of deciding if a plethysm coefficient is positive, a^λ_ μν > 0 , is in QMA .

[MASK]",algebraic-complexity; quantum-complexity
2602.08441#3:paper-subarea:2,paper-subarea,2602.08441#3,2602.08441,theorem,algebraic-complexity; quantum-complexity,"Computing branching multiplicities for products of general linear groups (cref prob:branching_computational ) is in \# BQP . As a consequence, deciding their positivity is in QMA .

[MASK]",algebraic-complexity; quantum-complexity
2602.08441#4:paper-subarea:3,paper-subarea,2602.08441#4,2602.08441,theorem,algebraic-complexity; quantum-complexity,"Computing branching multiplicities for products of general linear groups (cref prob:branching_computational ) is in GapP .

[MASK]",algebraic-complexity; quantum-complexity
2602.08441#12:paper-subarea:4,paper-subarea,2602.08441#12,2602.08441,theorem,algebraic-complexity; quantum-complexity,"There exists a quantum circuit that, with error probability ε , implements a Schur transform S with respect to the Gelfand-Tsetlin bases of the GL (d) and S_n modules with gate complexity O (n^4 polylog (n,d,ε^ -1 )) .

[MASK]",algebraic-complexity; quantum-complexity
2602.08441#15:bound-cloze:1,bound-cloze,2602.08441#15,2602.08441,theorem,algebraic-complexity; quantum-complexity,"Let μ vdash m , ν vdash d and λ vdash n:=md with ell (λ)=k . Suppose that k and m are fixed constants. Then a^λ_ μ,ν can be computed in time [MASK] and so the problem of computing the plethysm for such inputs is in FP .",O(d^ mbinom k 2 )
2602.08441#20:bound-cloze:2,bound-cloze,2602.08441#20,2602.08441,example,algebraic-complexity; quantum-complexity,"While the Kronecker coefficients g_ λ,μ,ν fall into the general framework of branching multiplicities, they can be directly captured by the above approach. Let λ,μ,ν be partitions of n , each with no more than d parts. Then the Kronecker coefficients are captured by first applying the embedding \[ V coloneqq [λ] ⊗ [μ] ⊗ [ν] hookrightarrow V_ model coloneqq (m C ^d)^ ⊗ n ⊗ (m C ^d)^ ⊗ n ⊗ (m C ^d)^ ⊗ n cong (m C ^ [MASK] )^ ⊗ n , \] using three inverse Schur transforms, and subsequently applying weak Fourier sampling, accepting if the outcome corresponds ot the trivial S_n -representation (as explained in cref rem:inv one could similarly use two inverse Schur transforms and strong Schur sampling). Ref. used a close variant of this approach, with the embedding replaced by a projective measurement onto the subspace V ⊆ V_ model .",d^3
2602.09573#1:paper-subarea:1,paper-subarea,2602.09573#1,2602.09573,theorem,structural,"theorem PI Given a graph G and a parameter k ∈ N . Deciding whether the diameter of the flip graph of odd matchings of G is at most k is Π_2^p -complete.

[MASK]",structural
2602.09573#2:paper-subarea:2,paper-subarea,2602.09573#2,2602.09573,theorem,structural,"theorem SIG Given a graph G and a parameter k ∈ N . Deciding whether the radius of the flip graph of odd matchings of G is at most k is Σ_3^p -complete.

[MASK]",structural
2602.09573#3:bound-cloze:1,bound-cloze,2602.09573#3,2602.09573,theorem,structural,"theorem APXH Given a graph G and two odd matchings M_ in and M_ tar of G . Computing the flip distance between M_ in and M_ tar is log -APX -hard. In particular, it is NP-hard to approximate the flip distance by a factor better than [MASK] .",Θ(log(n))
2602.09573#3:paper-subarea:3,paper-subarea,2602.09573#3,2602.09573,theorem,structural,"theorem APXH Given a graph G and two odd matchings M_ in and M_ tar of G . Computing the flip distance between M_ in and M_ tar is log -APX -hard. In particular, it is NP-hard to approximate the flip distance by a factor better than Θ(log(n)) .

[MASK]",structural
2602.09573#12:paper-subarea:4,paper-subarea,2602.09573#12,2602.09573,theorem,structural,"proposition NPH There exists a set cover of size c if and only if d(M_ in ,M_ tar ) ≤ c · ell + 3 · n .

[MASK]",structural
2602.10096#1:paper-subarea:1,paper-subarea,2602.10096#1,2602.10096,theorem,total-search,"Computing a Kohlberg-Mertens best-response is sf \#P -hard even in Bayesian games.

[MASK]",total-search
2602.10096#3:paper-subarea:2,paper-subarea,2602.10096#3,2602.10096,theorem,total-search,"Computing a proper equilibrium of an extensive-form game has the same complexity as computing a Nash equilibrium.

[MASK]",total-search
2602.10096#12:bound-cloze:1,bound-cloze,2602.10096#12,2602.10096,theorem,total-search,"Given a vector bm u ∈ R ^d , define a em KM best response on the hypercube to be any vector bm x ∈ [0, 1]^d of the form bm x = Σ _ i=0 ^ [MASK]-1 eps ^i bm s _i where bm s _0 succeq ... succeq bm s _ 2^d-1 is the list of vertices of the hypercube {0, 1}^d , sorted in descending order of utility, and eps is symbolic. The following promise problem is sf \#P -hard under Turing reductions: given a utility vector bm u , compute the power of eps in the leading term in the polynomial bm x ^*[1] , given the promise that this leading term is the same for all KM best responses bm x ^* .",2^d
2602.10096#12:paper-subarea:3,paper-subarea,2602.10096#12,2602.10096,theorem,total-search,"Given a vector bm u ∈ R ^d , define a em KM best response on the hypercube to be any vector bm x ∈ [0, 1]^d of the form bm x = Σ _ i=0 ^ 2^d-1 eps ^i bm s _i where bm s _0 succeq ... succeq bm s _ 2^d-1 is the list of vertices of the hypercube {0, 1}^d , sorted in descending order of utility, and eps is symbolic. The following promise problem is sf \#P -hard under Turing reductions: given a utility vector bm u , compute the power of eps in the leading term in the polynomial bm x ^*[1] , given the promise that this leading term is the same for all KM best responses bm x ^* .

[MASK]",total-search
2602.10096#19:bound-cloze:2,bound-cloze,2602.10096#19,2602.10096,theorem,total-search,"Let eps > 0 , and hat eps = eps ^ N+1 /(8[MASK]) . Then every hat eps -proper best response is an eps -sequentially proper best response, and every hat eps -sequentially proper best response is an eps -proper best response. Hence, the sequentially proper equilibria coincide with the normal-form proper equilibria.",N^2d
2602.10096#19:paper-subarea:4,paper-subarea,2602.10096#19,2602.10096,theorem,total-search,"Let eps > 0 , and hat eps = eps ^ N+1 /(8N^2d) . Then every hat eps -proper best response is an eps -sequentially proper best response, and every hat eps -sequentially proper best response is an eps -proper best response. Hence, the sequentially proper equilibria coincide with the normal-form proper equilibria.

[MASK]",total-search
2602.10096#29:bound-cloze:3,bound-cloze,2602.10096#29,2602.10096,lemma,total-search,"Consider a bounded domain D ⊂ R ^d expressed with linear constraints and a circuit ( bm x , ε) mapsto F_ε( bm x ) with a set of gates pazocal G , each of which performs either addition, multiplication, maximum, or minimum. For any δ > 0 and sufficiently small ε, ε' ≥ δ^ 2^ [MASK] , any ε' -almost fixed point of F_ε( bm x ) is δ -close to a limit point of fixed points of F_ ε'' ( · ) when ε'' → 0^+ .",O(d^3 |pazocal G | )
2602.10206#1:paper-subarea:1,paper-subarea,2602.10206#1,2602.10206,theorem,communication-complexity,"theorem ULB Let f:X × Y → Set 0,1 be a function computed distributively, and let y^0,y^1, ... ,y^ abs Y -1 be an ordering of the elements of Y . Then, the entanglement-assisted one-way classical communication complexity of f satisfies C^ast _ε(f) ≥ Σ _ i=0 ^ abs Y -1 I(g;f(x,y^i)vert Set f(x,y^j) _ j=0 ^ i-1 ,y=y^i), where the Shannon conditional mutual information is calculated for random variables x , y , and g taking values in X , Y , and Set 0,1 , respectively, satisfying P [g=f(i,j)vert x=i,y=j] ≥ 1-ε , for all i ∈ X,j ∈ Y , with ε ∈ [0,frac 12) .

[MASK]",communication-complexity
2602.10206#8:bound-cloze:1,bound-cloze,2602.10206#8,2602.10206,proposition,communication-complexity,"C^ast _ (0,ε_ II ) ( EQ _n) ∈ [MASK] , and C^ast _ (ε_ I ,0) ( EQ _n) ∈ Ω(n) .",Ω(n)
2602.10206#9:bound-cloze:2,bound-cloze,2602.10206#9,2602.10206,proposition,communication-complexity,"Let x and y take values in [[MASK]] and x be uniformly distributed. Let P [g=[i=j]vert x=i,y=j]=1-ε , for all i,j ∈ [2^n] and ε ∈ (0,frac 12) . Then Σ _ i=0 ^ 2^n-2 P [x ≥ i]I(g;[x=i]vert x ≥ i,y=i) ∈ O (1).",2^n
2602.10206#10:bound-cloze:3,bound-cloze,2602.10206#10,2602.10206,proposition,communication-complexity,"C^ast _ε(k - INT _n) ∈ [MASK] , for k ∈ Set 1,2, ... ,lfloor n/2rfloor .",Ω(n-2k)
2602.10253#3:paper-subarea:1,paper-subarea,2602.10253#3,2602.10253,theorem,parameterized,"There is an algorithm which takes as input an instance I of sc BNSL ^ ≠ 0 \ whose superstructure has fen \ k , runs in time O (| I |^2) , and outputs an equivalent instance I '=(V', F ',ell ') of sc BNSL ^ ≠ 0 \ such that |V'| ≤ 16k .

[MASK]",parameterized
2602.10253#7:paper-subarea:2,paper-subarea,2602.10253#7,2602.10253,theorem,parameterized,"Unless normal sf NP xspace ⊆ normal sf co-NP xspace / normal sf poly xspace , there is no polynomial-time algorithm which takes as input an instance I of sc BNSL ^ ≠ 0 \ whose superstructure has lfen \ k and outputs an equivalent instance I '=(V', F ',ell ') of sc BNSL ^ ≠ 0 \ such that |V'| ∈ k^ O (1) . In particular, sc BNSL ^ ≠ 0 \ does not admit a polynomial kernel when parameterized by lfen .

[MASK]",parameterized
2602.10253#14:paper-subarea:3,paper-subarea,2602.10253#14,2602.10253,theorem,parameterized,"Unless normal sf NP xspace ⊆ normal sf co-NP xspace / normal sf poly xspace , there is no polynomial-time algorithm which takes as input an instance I of sc BNSL ^ ≠ 0 \ whose superstructure has lfen \ k and outputs an equivalent instance I '=(V', F ',ell ') of sc BNSL ^ ≠ 0 \ such that |V'| ∈ k^ O (1) . In particular, sc BNSL ^ ≠ 0 \ does not admit a polynomial kernel when parameterized by lfen .

[MASK]",parameterized
2602.10253#15:paper-subarea:4,paper-subarea,2602.10253#15,2602.10253,theorem,parameterized,"fi sc BNSL ^+ \ is normal sf NP xspace -hard. Moreover, sc BNSL ^+_ ≤ \ is normal sf NP xspace -hard for every q ≥ 3 .

[MASK]",parameterized
2602.12209#2:paper-subarea:1,paper-subarea,2602.12209#2,2602.12209,corollary,communication-complexity; space-complexity,"Let α ∈ (0, (1)/(9) ) . Any (ε = 0.5, δ = (1)/(T^2)) -DP algorithm for CountDistinct on (w = T^ 2/3-4α , k = T^ 1/3-2α ) -occurrency bounded stream that provides (τ = (1)/(10), η = T^ 1/3-α ) -approximation guarantee with probability 1-(1)/(T^2) must use a space of Ω (T^ 1/3-4α ) bits.

[MASK]",communication-complexity; space-complexity
2602.12209#3:bound-cloze:1,bound-cloze,2602.12209#3,2602.12209,theorem,communication-complexity; space-complexity,"Let T ≥ 1 , w = T^ γ_w , k = T^ γ_k , h = T^ γ_h and ε = 0.5, δ = (1)/(T^2) be set up the same way as in . Assume A is an (ε,δ) -DP algorithm that for (w,k) -occurrency bounded streams that achieves (τ = (1)/(10), η = h) -approximation guarantee with probability 1-(1)/(T^2) for MaxSelect (resp., Quantile ). If d ≥ 2 for MaxSelect (resp., if U ≥ 2 for Quantile ), then the algorithm A must use a space of at least M ≥ [MASK] bits.",Ω (T^ γ_w + γ_k - 2γ_h )
2602.12209#3:paper-subarea:2,paper-subarea,2602.12209#3,2602.12209,theorem,communication-complexity; space-complexity,"Let T ≥ 1 , w = T^ γ_w , k = T^ γ_k , h = T^ γ_h and ε = 0.5, δ = (1)/(T^2) be set up the same way as in . Assume A is an (ε,δ) -DP algorithm that for (w,k) -occurrency bounded streams that achieves (τ = (1)/(10), η = h) -approximation guarantee with probability 1-(1)/(T^2) for MaxSelect (resp., Quantile ). If d ≥ 2 for MaxSelect (resp., if U ≥ 2 for Quantile ), then the algorithm A must use a space of at least M ≥ Ω (T^ γ_w + γ_k - 2γ_h ) bits.

[MASK]",communication-complexity; space-complexity
2602.12209#4:bound-cloze:2,bound-cloze,2602.12209#4,2602.12209,lemma,communication-complexity; space-complexity,"Consider the AvoidHeavyHitters game with P players, and parameters h, k ≥ 1 and ε_1,ε_2 ∈ (0, 1) such that |S_i| = 3h , |C| = k . Then, in order for the players to win the game with probability 1 - (1)/(10P) , the communication complexity must satisfy M & ≥ log binom 3h+k k - log binom (3h+k)((1)/(2) + ε_1) ( (1)/(2) -ε_2 )k & - log binom (3h+k)((1)/(2) - ε_1) ( (1)/(2) + ε_2 )k - O ( log (h+k) ). When h ≥ k and ε_1,ε_2 ∈ ((1)/(k), (1)/(10)) , we may use Stirling's approximation to arrive at M ≥ Ω ( k(ε_1-ε_2)^2 ) - [MASK].",O( log (h+k))
2602.12209#8:bound-cloze:3,bound-cloze,2602.12209#8,2602.12209,definition,communication-complexity; space-complexity,"A real-valued random variable X is called b -subgaussian, if Pr [|X|>t] ≤ 2exp (-[MASK]/b^2) for every t > 0 .",t^2
2602.12209#10:bound-cloze:4,bound-cloze,2602.12209#10,2602.12209,lemma,communication-complexity; space-complexity,"Suppose X_0, X_1, ... , X_N is a submartingale Recall that (X_0, ... , X_N) is a submartingale if E [X_ i+1 | X_i] ≥ X_i for every 0 ≤ i ≤ N-1 . , such that |X_i - X_ i-1 | ≤ B almost surely. Then Pr [X_N - X_0 ≤ -t] ≤ exp (-([MASK])/(2NB^2) ).",t^2
2602.12668#2:bound-cloze:1,bound-cloze,2602.12668#2,2602.12668,theorem,space-complexity,"Let G=(V,A) be an n -node digraph with independence number at most α . For p ∈ N , there exist p -pass deterministic algorithm for computing a 1 -strong connectivity certificate of G with arboricity at most α+2 using [MASK] space in the insertion-only model; O(α n^ 1+O(1/ sqrt p ) ) space in the turnstile model.",O(α n^ 1+1/p )
2602.12668#2:paper-subarea:1,paper-subarea,2602.12668#2,2602.12668,theorem,space-complexity,"Let G=(V,A) be an n -node digraph with independence number at most α . For p ∈ N , there exist p -pass deterministic algorithm for computing a 1 -strong connectivity certificate of G with arboricity at most α+2 using O(α n^ 1+1/p ) space in the insertion-only model; O(α n^ 1+O(1/ sqrt p ) ) space in the turnstile model.

[MASK]",space-complexity
2602.12668#3:bound-cloze:2,bound-cloze,2602.12668#3,2602.12668,theorem,space-complexity,"Let G=(V,A) be an n -node digraph with independence number at most α . For p ∈ N and k ≥ 2 , there exist p -pass randomized algorithm such that with probability 1 - 1/n^ Ω(1) , a k -strong connectivity certificate of G of size [MASK] is computed using: O(k^ 1-1/p α n^ 1+1/p log n) space in the insertion-only model; and O(k^ 1- O(1/ sqrt p ) α n^ 1+ O(1/ sqrt p ) log n) space in the turnstile model.",O(k α n log n)
2602.12668#3:paper-subarea:2,paper-subarea,2602.12668#3,2602.12668,theorem,space-complexity,"Let G=(V,A) be an n -node digraph with independence number at most α . For p ∈ N and k ≥ 2 , there exist p -pass randomized algorithm such that with probability 1 - 1/n^ Ω(1) , a k -strong connectivity certificate of G of size O(k α n log n) is computed using: O(k^ 1-1/p α n^ 1+1/p log n) space in the insertion-only model; and O(k^ 1- O(1/ sqrt p ) α n^ 1+ O(1/ sqrt p ) log n) space in the turnstile model.

[MASK]",space-complexity
2602.12668#4:bound-cloze:3,bound-cloze,2602.12668#4,2602.12668,theorem,space-complexity,"Let k ∈ N , and G=(V,A) be a k -arc-strong n -node digraph with independence number at most α . For p ∈ N , there exist kp -pass deterministic algorithm for computing a k -strong connectivity certificate of G with arboricity at most k using [MASK] space in the insertion-only model; O(k^2α n^ 1+O(1/ sqrt p ) ) space in the turnstile model.",O(k^2α n^ 1+1/p )
2602.12668#4:paper-subarea:3,paper-subarea,2602.12668#4,2602.12668,theorem,space-complexity,"Let k ∈ N , and G=(V,A) be a k -arc-strong n -node digraph with independence number at most α . For p ∈ N , there exist kp -pass deterministic algorithm for computing a k -strong connectivity certificate of G with arboricity at most k using O(k^2α n^ 1+1/p ) space in the insertion-only model; O(k^2α n^ 1+O(1/ sqrt p ) ) space in the turnstile model.

[MASK]",space-complexity
2602.12668#5:bound-cloze:4,bound-cloze,2602.12668#5,2602.12668,theorem,space-complexity,"For the class of digraphs with n nodes and independence number at most α , any p -pass streaming algorithm in the insertion-only model for computing a 1 -node or 1 -arc strong connectivity certificate requires [MASK] space. Consequently, in both insertion-only and turnstile models, any p -pass streaming algorithm for computing a k -node or k -arc strong connectivity certificate requires Ω(α n/p) space.",Ω(α n/p)
2602.12668#5:paper-subarea:4,paper-subarea,2602.12668#5,2602.12668,theorem,space-complexity,"For the class of digraphs with n nodes and independence number at most α , any p -pass streaming algorithm in the insertion-only model for computing a 1 -node or 1 -arc strong connectivity certificate requires Ω(α n/p) space. Consequently, in both insertion-only and turnstile models, any p -pass streaming algorithm for computing a k -node or k -arc strong connectivity certificate requires Ω(α n/p) space.

[MASK]",space-complexity
2602.14320#1:bound-cloze:1,bound-cloze,2602.14320#1,2602.14320,theorem,space-complexity,"For every ε > 0 , TreeEval xspace can be solved in [MASK] free space, 2^ O( log ^ ε n) catalytic space, and poly (n) runtime. (See cref cor:eps for a parameterized statement.)",O( log n)
2602.14320#1:paper-subarea:1,paper-subarea,2602.14320#1,2602.14320,theorem,space-complexity,"For every ε > 0 , TreeEval xspace can be solved in O( log n) free space, 2^ O( log ^ ε n) catalytic space, and poly (n) runtime. (See cref cor:eps for a parameterized statement.)

[MASK]",space-complexity
2602.14320#2:bound-cloze:2,bound-cloze,2602.14320#2,2602.14320,theorem,space-complexity,"TreeEval xspace can be solved in [MASK] free space, exp (exp (O( sqrt log log n ))) catalytic space, and n^ O( sqrt log log n ) time. (See cref cor:sqrt for a parameterized statement.)",O( log n sqrt log log n log log log n)
2602.14320#2:paper-subarea:2,paper-subarea,2602.14320#2,2602.14320,theorem,space-complexity,"TreeEval xspace can be solved in O( log n sqrt log log n log log log n) free space, exp (exp (O( sqrt log log n ))) catalytic space, and n^ O( sqrt log log n ) time. (See cref cor:sqrt for a parameterized statement.)

[MASK]",space-complexity
2602.14320#3:paper-subarea:3,paper-subarea,2602.14320#3,2602.14320,corollary,space-complexity,"For every ε > 0 , a time T = T(n) multitape Turing Machine can be decided in O( sqrt T ) free space, 2^ O(T^ ε ) catalytic space, and 2^ O( sqrt T ) time.

[MASK]",space-complexity
2602.14320#4:bound-cloze:3,bound-cloze,2602.14320#4,2602.14320,theorem,space-complexity,Suppose that (sufficiently uniform) matching-vector families with parameters not ruled out by known lower bounds exist. Then TreeEval xspace can be solved with [MASK] free space and polynomial time. (See Cref rmk:betterMV .),O( log n log log n)
2602.14320#4:paper-subarea:4,paper-subarea,2602.14320#4,2602.14320,theorem,space-complexity,"Suppose that (sufficiently uniform) matching-vector families with parameters not ruled out by known lower bounds exist. Then TreeEval xspace can be solved with O( log n log log n) free space and polynomial time. (See Cref rmk:betterMV .)

[MASK]",space-complexity
2602.14320#6:bound-cloze:4,bound-cloze,2602.14320#6,2602.14320,definition,space-complexity,"Let CatTimeSpace [C(n),S(n),T(n) ] be the class of languages recognized by catalytic machines that, on inputs of size n ∈ N , use [MASK] workspace and O(C(n)) catalytic space and run in time O(T(n)) in the worst case.",O(S(n))
2602.14379#1:bound-cloze:1,bound-cloze,2602.14379#1,2602.14379,theorem,fine-grained; quantum-complexity,"Let L = (L_ yes ,L_ no ) be a promise language in QMA , and x ∈ {0,1}^n be an input for the language L . Let U_x be a verification circuit acting on N qubits and T be the number of elementary gates of U_x . Then, for any integer d ≥ 1 , there exists a (d+1) -local Hamiltonian H_x acting on N + [MASK] qubits satisfying the following properties; ||H_x|| ≤ poly (n) , if x ∈ L_ yes , λ(H_x) ≤ E_ yes , if x ∈ L_ no , λ(H_x) ≥ E_ no , E_ no - E_ yes ≥ Ω(1) .",O(T^ 1/d )
2602.14379#1:paper-subarea:1,paper-subarea,2602.14379#1,2602.14379,theorem,fine-grained; quantum-complexity,"Let L = (L_ yes ,L_ no ) be a promise language in QMA , and x ∈ {0,1}^n be an input for the language L . Let U_x be a verification circuit acting on N qubits and T be the number of elementary gates of U_x . Then, for any integer d ≥ 1 , there exists a (d+1) -local Hamiltonian H_x acting on N + O(T^ 1/d ) qubits satisfying the following properties; ||H_x|| ≤ poly (n) , if x ∈ L_ yes , λ(H_x) ≤ E_ yes , if x ∈ L_ no , λ(H_x) ≥ E_ no , E_ no - E_ yes ≥ Ω(1) .

[MASK]",fine-grained; quantum-complexity
2602.14379#2:bound-cloze:2,bound-cloze,2602.14379#2,2602.14379,theorem,fine-grained; quantum-complexity,"Assuming SETH (resp. QSETH), estimating the ground-state energy of a 3 -local Hamiltonian problem with any constant additive error cannot be solved by any classical algorithm in time O^ast ([MASK] ) (resp. by any quantum algorithm in O^ast (2^ (1-ε)n/2 ) ) for any constant ε>0 .",2^ (1-ε)n
2602.14379#2:paper-subarea:2,paper-subarea,2602.14379#2,2602.14379,theorem,fine-grained; quantum-complexity,"Assuming SETH (resp. QSETH), estimating the ground-state energy of a 3 -local Hamiltonian problem with any constant additive error cannot be solved by any classical algorithm in time O^ast (2^ (1-ε)n ) (resp. by any quantum algorithm in O^ast (2^ (1-ε)n/2 ) ) for any constant ε>0 .

[MASK]",fine-grained; quantum-complexity
2602.14379#3:bound-cloze:3,bound-cloze,2602.14379#3,2602.14379,theorem,fine-grained; quantum-complexity,"[Informal version of Cref thm:main_qpf ] Assuming SETH (resp. QSETH), approximating the quantum partition function for 3-local Hamiltonians to within any constant relative error cannot be done by any classical algorithm in time O l([MASK] r) (resp. quantum algorithm in time O l(2^ n(1-ε)/2 r) ) for any constant ε > 0 .",2^ n(1-ε)
2602.14379#3:paper-subarea:3,paper-subarea,2602.14379#3,2602.14379,theorem,fine-grained; quantum-complexity,"[Informal version of Cref thm:main_qpf ] Assuming SETH (resp. QSETH), approximating the quantum partition function for 3-local Hamiltonians to within any constant relative error cannot be done by any classical algorithm in time O l(2^ n(1-ε) r) (resp. quantum algorithm in time O l(2^ n(1-ε)/2 r) ) for any constant ε > 0 .

[MASK]",fine-grained; quantum-complexity
2602.14379#4:bound-cloze:4,bound-cloze,2602.14379#4,2602.14379,theorem,fine-grained; quantum-complexity,There exists a quantum algorithm whose running time is O^ast ([MASK] ) to approximate the quantum partition function for a constant-local Hamiltonian on n qubits up to a relative error 1 / poly (n) .,2^ n/2
2602.14379#4:paper-subarea:4,paper-subarea,2602.14379#4,2602.14379,theorem,fine-grained; quantum-complexity,"There exists a quantum algorithm whose running time is O^ast (2^ n/2 ) to approximate the quantum partition function for a constant-local Hamiltonian on n qubits up to a relative error 1 / poly (n) .

[MASK]",fine-grained; quantum-complexity
2602.16016#5:paper-subarea:1,paper-subarea,2602.16016#5,2602.16016,theorem,total-search,"The sc Nash on an affine space problem can be solved in polynomial time if d is a constant, and is NP-hard if d=Ω(|G|^δ)) for any δ>0 , where by |G| we denote the size of the representation of game G .

[MASK]",total-search
2602.16016#6:paper-subarea:2,paper-subarea,2602.16016#6,2602.16016,theorem,total-search,"If a locally tractable Nash-convergent dynamic of Type 1 exists for all games, then P = PPAD .

[MASK]",total-search
2602.16016#7:paper-subarea:3,paper-subarea,2602.16016#7,2602.16016,theorem,total-search,"If a locally tractable Nash-convergent dynamic of Type 2 exists for all nondegenerate games, then NP = RP .

[MASK]",total-search
2602.16016#8:paper-subarea:4,paper-subarea,2602.16016#8,2602.16016,theorem,total-search,"If a locally tractable strongly Nash-convergent dynamic of Type 3 exists for all nondegenerate games, then CLS = PPAD .

[MASK]",total-search
2602.16810#9:paper-subarea:1,paper-subarea,2602.16810#9,2602.16810,theorem,proof-complexity; structural; total-search,"phantomsection For any R ∈ TF Σ_2^ dt there exists a polylog (n) -complexity Σ_2 - SA proof of R iff R ∈ sAvoid ^ dt .

[MASK]",proof-complexity; structural; total-search
2602.16810#27:paper-subarea:2,paper-subarea,2602.16810#27,2602.16810,corollary,proof-complexity; structural; total-search,"Suppose that R ∈ TF Σ_2^ dt and R has a polylog (n) -degree SA -refutation. Then LOP nleq _ dt R .

[MASK]",proof-complexity; structural; total-search
2602.18238#5:paper-subarea:1,paper-subarea,2602.18238#5,2602.18238,theorem,counting-complexity,"proposition idempotentCore AP If \?B is a finite ""core"", then the problems HomAll marked \?B and HomAll \?B are ""first-order equivalent"". Moreover, this equivalence preserves ""finiteness@@structure"", in the sense that ""finite structures"" are mapped to ""finite structures"". Hence, by restricting this equivalence, we also obtain that HomFin marked \?B and HomFin \?B are ""first-order equivalent"".

[MASK]",counting-complexity
2602.18238#28:paper-subarea:2,paper-subarea,2602.18238#28,2602.18238,theorem,counting-complexity,"lemma lowerboundHom In the case of Larose and Tesson, they study the problem HomFin - , and prove in that there is a ""first-order reduction"" from ""Connectivity in Finite Graphs"" to HomFin marked \?B for any \?B that does not have ""finite duality"". Together with Cref prop:idempotent-core-preserves-csp-complexity , this shows that HomFin \?B is ""L""-hard under ""first-order reductions"". AP If \?B does not have ""finite duality"", then HomAut \?B is ""coRE""-hard.

[MASK]",counting-complexity
2602.18380#3:paper-subarea:1,paper-subarea,2602.18380#3,2602.18380,theorem,total-search,"The ε -sc RePolymatrix problem is PPAD-hard for all ε < 1/2 .

[MASK]",total-search
2602.18380#5:paper-subarea:2,paper-subarea,2602.18380#5,2602.18380,theorem,total-search,"The ε -sc ReBimatrix (m) problem is PPAD-hard for all ε < 1/48m .

[MASK]",total-search
2602.18380#10:bound-cloze:1,bound-cloze,2602.18380#10,2602.18380,theorem,total-search,"If 4 ≤ K ≤ 8 , if ε < 1/(240 · [MASK]) , and if (x^*, y^*) is an ε -WSNE of (A', B') , then both x and y are well-defined, and (x, y) is an O(n^2 · ε ) -WSNE of (A, B) .",n^2
2602.18380#10:paper-subarea:3,paper-subarea,2602.18380#10,2602.18380,theorem,total-search,"If 4 ≤ K ≤ 8 , if ε < 1/(240 · n^2) , and if (x^*, y^*) is an ε -WSNE of (A', B') , then both x and y are well-defined, and (x, y) is an O(n^2 · ε ) -WSNE of (A, B) .

[MASK]",total-search
2602.18380#15:bound-cloze:2,bound-cloze,2602.18380#15,2602.18380,theorem,total-search,"If ε < 1/(600 [MASK]) and (x^*, y^*) is an ε -WSNE of (A', B') , then both x and y are well defined, and (x, y) is an O(n^2 · ε ) -WSNE of (A, B) .",n^2
2602.18380#15:paper-subarea:4,paper-subarea,2602.18380#15,2602.18380,theorem,total-search,"If ε < 1/(600 n^2) and (x^*, y^*) is an ε -WSNE of (A', B') , then both x and y are well defined, and (x, y) is an O(n^2 · ε ) -WSNE of (A, B) .

[MASK]",total-search
2602.18380#19:bound-cloze:3,bound-cloze,2602.18380#19,2602.18380,theorem,total-search,"If ε < 1/(96 · [MASK]) , and if (x^*, y^*) is an ε -WSNE of (A', B') , then both x and y are well-defined, and (x, y) is an O(n^2 · ε ) -WSNE of (A, B) .",n^2
2602.18380#22:bound-cloze:4,bound-cloze,2602.18380#22,2602.18380,theorem,total-search,It is PPAD-hard to find an ε -WSNE for ε ∈ [MASK] for a zero-one bimatrix game that is 3-sparse.,O(1/ poly (n))
2603.09846#1:bound-cloze:1,bound-cloze,2603.09846#1,2603.09846,open-question,fine-grained,Is it possible to obtain a 2^ O ( 1/ε^ d-1 ) [MASK] approximation scheme for k -median and k -means problems in low-dimensional inputs? Would it be possible to get an even faster 2^ o ( 1/ε^ d-1 ) n^ O(1) approximation scheme for both problems?,n^ O(1)
2603.09846#2:paper-subarea:1,paper-subarea,2603.09846#2,2603.09846,theorem,fine-grained,"For every ε > 0 and dimension d , the k -median and k -means problems in R^d can both be approximated to a (1+ε) -factor in time 2^ widetilde O ( 1/ε^ d-1 ) n · polylog (n) .

[MASK]",fine-grained
2603.09846#3:paper-subarea:2,paper-subarea,2603.09846#3,2603.09846,theorem,fine-grained,"theorem infLD Assuming the Gap-ETH hypothesis, for every integer d ≥ 2 , there exists a constant c > 0 such that no approximation scheme can, given an instance of discrete k -means (or discrete k -median) with N points in Euclidean space R ^d and a parameter ε > 0 , compute a (1+ε) -factor approximation in time 2^ c(1/ε)^ d-1 poly (N) .

[MASK]",fine-grained
2603.09846#4:bound-cloze:2,bound-cloze,2603.09846#4,2603.09846,lemma,fine-grained,"For any set of points P ⊂ R^d and any ρ > 0 , there is a randomized hierarchical decomposition D such that the diameter of a part B ∈ B _i is at most 2^ i+1 , | D | ≤ lceil log ( diam (P))rceil , each part B ∈ B _i is refined in at most 2^ [MASK] parts at level i-1 , and: for any p ∈ R^d , radius r , and level i , we have \[Pr [ D cuts B(p,r) at a level i] ≤ dr/2^i.\] for every part B ∈ B _i of the decomposition, there is a set of at most 1/ρ^ d-1 many portals such that for every points p ∈ B, q ∉ B there is a portal x ∈ P _B close to the line connecting p to q , i.e., |p-x| + |x-q| ≤ |p-q| + ρ 2^ i+1 . Furthermore, any portal of level i+1 that lies in B is also a portal of B . This decomposition can be found in time (1/ρ)^ O(d) n log ( diam (P)) .",O(d)
2603.09846#6:bound-cloze:3,bound-cloze,2603.09846#6,2603.09846,lemma,fine-grained,"Let P, S ⊂ R^d and D a random hierarchical decomposition given by cref lem:talwar-decomp , with ρ = [MASK] . For any point p ∈ R^d , the probability that p is badly cut w.r.t.\ S is at most ε .",O(ε/ log (1/ε))
2603.09846#11:bound-cloze:4,bound-cloze,2603.09846#11,2603.09846,lemma,fine-grained,"Fix two solutions A and S , and let b(p, ε) be the budget of p w.r.t.\ solutions A and S . With probability 2/3 (over the randomness of D ), Σ _p b(p, ε) = [MASK] ( cost (P, A ) + cost (P, S ))",O(d^2 log (1/ε) · ε)
2603.11270#1:paper-subarea:1,paper-subarea,2603.11270#1,2603.11270,theorem,total-search,"theorem plscomplete TSP/ k -Opt xspace is up sf PLS xspace -complete for k ≥ 15 .

[MASK]",total-search
2603.11270#19:paper-subarea:2,paper-subarea,2603.11270#19,2603.11270,corollary,total-search,"The transition graph of the Max-Cut instance (H,w) is isomorphic to the subgraph of the transition graph of the TSP/ k -Opt xspace instance (G_ ∞ , c_ ∞ ) induced by the standard tours of G .

[MASK]",total-search
2603.11270#28:paper-subarea:3,paper-subarea,2603.11270#28,2603.11270,theorem,total-search,"There exists a tight up sf PLS xspace -reduction from Max-Cut/Flip with maximum degree five to TSP/ k -Opt xspace for any k ≥ 15 .

[MASK]",total-search
2603.12999#1:bound-cloze:1,bound-cloze,2603.12999#1,2603.12999,theorem,fine-grained; parameterized,"Assuming ETH, up sc k -Bin Packing xspace cannot be solved in time 2^ [MASK] T^ o(k) .",o(n)
2603.12999#1:paper-subarea:1,paper-subarea,2603.12999#1,2603.12999,theorem,fine-grained; parameterized,"Assuming ETH, up sc k -Bin Packing xspace cannot be solved in time 2^ o(n) T^ o(k) .

[MASK]",fine-grained; parameterized
2603.12999#2:bound-cloze:2,bound-cloze,2603.12999#2,2603.12999,theorem,fine-grained; parameterized,"Assuming SETH, P_ k |r_j| C_ max xspace cannot be solved in time 2^ [MASK] T^ k-1-ε for any ε > 0 .",o(n)
2603.12999#2:paper-subarea:2,paper-subarea,2603.12999#2,2603.12999,theorem,fine-grained; parameterized,"Assuming SETH, P_ k |r_j| C_ max xspace cannot be solved in time 2^ o(n) T^ k-1-ε for any ε > 0 .

[MASK]",fine-grained; parameterized
2603.12999#3:bound-cloze:3,bound-cloze,2603.12999#3,2603.12999,theorem,fine-grained; parameterized,"Assuming SETH, P_ k || Σ w_j C_j xspace cannot be solved in time 2^ [MASK] T^ k-1-ε for any ε > 0 .",o(n)
2603.12999#3:paper-subarea:3,paper-subarea,2603.12999#3,2603.12999,theorem,fine-grained; parameterized,"Assuming SETH, P_ k || Σ w_j C_j xspace cannot be solved in time 2^ o(n) T^ k-1-ε for any ε > 0 .

[MASK]",fine-grained; parameterized
2603.12999#4:bound-cloze:4,bound-cloze,2603.12999#4,2603.12999,corollary,fine-grained; parameterized,"Assuming SETH, P_ k || Σ U_j xspace cannot be solved in time 2^ [MASK] T^ k-1-ε for any ε > 0 .",o(n)
2603.12999#4:paper-subarea:4,paper-subarea,2603.12999#4,2603.12999,corollary,fine-grained; parameterized,"Assuming SETH, P_ k || Σ U_j xspace cannot be solved in time 2^ o(n) T^ k-1-ε for any ε > 0 .

[MASK]",fine-grained; parameterized
2603.22211#1:bound-cloze:1,bound-cloze,2603.22211#1,2603.22211,theorem,structural,"Any polynomial-time algorithm that decides 3-SAT must, on instances whose solution-space cubical complex has β_2 = 2^ [MASK] , compute a function that is \# P -hard. Consequently, P = NP implies \# P = FP .",Ω(N)
2603.22211#1:paper-subarea:1,paper-subarea,2603.22211#1,2603.22211,theorem,structural,"Any polynomial-time algorithm that decides 3-SAT must, on instances whose solution-space cubical complex has β_2 = 2^ Ω(N) , compute a function that is \# P -hard. Consequently, P = NP implies \# P = FP .

[MASK]",structural
2603.22211#2:paper-subarea:2,paper-subarea,2603.22211#2,2603.22211,corollary,structural,"P = NP Longrightarrow \# P = FP Longrightarrow PH = P .

[MASK]",structural
2603.22211#3:bound-cloze:2,bound-cloze,2603.22211#3,2603.22211,lemma,structural,"Let A be an algorithm that receives a 3-SAT formula F on N variables as input. Let g(F) denote any function that A computes from F . Then exactly one of the following holds: g(F) is computable from local information (bounded-radius neighborhoods of the clause-variable graph of F ), in which case g(F) cannot distinguish instances with β_2(S(F)) = 0 from instances with β_2(S(F)) = 2^ [MASK] . g(F) distinguishes β_2(S(F)) = 0 from β_2(S(F)) = 2^ Ω(N) , in which case g(F) is \# P -hard to compute.",Ω(N)
2603.22211#4:paper-subarea:3,paper-subarea,2603.22211#4,2603.22211,corollary,structural,"P = NP Longrightarrow \# P = FP Longrightarrow PH = P .

[MASK]",structural
2603.22211#6:paper-subarea:4,paper-subarea,2603.22211#6,2603.22211,corollary,structural,"If the polynomial hierarchy does not collapse ( PH ≠ P ) , then P ≠ NP .

[MASK]",structural
2603.28265#1:bound-cloze:1,bound-cloze,2603.28265#1,2603.28265,open-question,fine-grained,"For any d ≥ 2 , is there an algorithm for Euclidean k - center xspace on n points in R ^d running in time n^ [MASK] ?",o(k^ 1-1/d )
2603.28265#2:bound-cloze:2,bound-cloze,2603.28265#2,2603.28265,open-question,fine-grained,"For any d ≥ 2 , is there a (1+ε) -factor approximation algorithm for Euclidean k - center xspace on n points in R ^d running in time (k/ε)^ [MASK] · n^ O(1) ?",o(k^ 1-1/d )
2603.28265#4:bound-cloze:3,bound-cloze,2603.28265#4,2603.28265,open-question,fine-grained,Is there a conditional lower bound of [MASK] for some constant ε>0 for the Euclidean 3 - center xspace problem on n points in R ^2 under a standard fine-grained hypothesis?,n^ 1+ε
2603.28265#5:bound-cloze:4,bound-cloze,2603.28265#5,2603.28265,theorem,fine-grained,"Assuming ETH, for any computable function f , there is no f(k) · n^ [MASK] -time algorithm for the Euclidean k - center xspace problem on n points in R ^d .",o(k^ 1-1/d )
2603.28265#5:paper-subarea:1,paper-subarea,2603.28265#5,2603.28265,theorem,fine-grained,"Assuming ETH, for any computable function f , there is no f(k) · n^ o(k^ 1-1/d ) -time algorithm for the Euclidean k - center xspace problem on n points in R ^d .

[MASK]",fine-grained
2603.28265#6:paper-subarea:2,paper-subarea,2603.28265#6,2603.28265,theorem,fine-grained,"Assuming ETH, for any computable function f , there is no f(k) · (k/ε)^ o(k^ 1-1/d ) · n^ O(1) time (1+ε) -factor approximation algorithm for the Euclidean k - center xspace problem on n points in R ^d .

[MASK]",fine-grained
2603.28265#7:paper-subarea:3,paper-subarea,2603.28265#7,2603.28265,theorem,fine-grained,"Assuming the 3-SUM hypothesis, for every constant ε > 0 , there is no O(n^ 2-ε ) time algorithm for the Euclidean 2 - center xspace problem on n points in R ^3 .

[MASK]",fine-grained
2603.28265#8:paper-subarea:4,paper-subarea,2603.28265#8,2603.28265,theorem,fine-grained,"Assuming the 3-SUM hypothesis, there is no O(n^ 2-ε ) time algorithm for the Euclidean 6 - center xspace problem in R ^2 for any constant ε > 0 .

[MASK]",fine-grained
2604.01041#2:bound-cloze:1,bound-cloze,2604.01041#2,2604.01041,lemma,proof-complexity,"( ) For fixed N (of size v ) the size of a binary string sufficient to code a cellular automaton of dimension d=2 is bounded above by [MASK] log s , where s is the size of S .",s^v
2604.01041#6:bound-cloze:2,bound-cloze,2604.01041#6,2604.01041,example,proof-complexity,"Consider the following CNF formula ¬ onto PHP _n , consisting of clauses over propositional variables p_ ij , where linebreak i ∈ [n+1] and j ∈ [n] : vee_j p_ ij , one clause for each i ; ¬ p_ i_1 j ∨ ¬ p_ i_2 j , one clause for each triple i_1 < i_2 and j ; ¬ p_ i j_1 ∨ ¬ p_ i j_2 , one clause for each triple i and j_1 < j_2 ; vee_i p_ ij , one clause for each j . The variable p_ ij is intended to express that pigeon i is assigned to hole j . The clauses in (1) and (4) assert that every pigeon is assigned to some hole and that every hole contains at least one pigeon, respectively. Clauses in (2) and (3) enforce that no two pigeons are assigned to the same hole and that no pigeon is assigned to more than one hole. Clearly, ¬ onto PHP _n is unsatisfiable, since the number of pigeons exceeds the number of holes. In fact, the formula remains unsatisfiable even if only clauses (1) and (2) are retained. This weaker principle is known as the weak pigeonhole principle , denoted ¬ PHP _n . We introduce this example because of the following well-known result due to Ajtai, which establishes super-polynomial lower bounds for bounded-depth Frege proofs. Let d ≥ 2 and let 0 < δ < 5^ -d . Then for all sufficiently large n the following holds. Every F_d -refutation of ¬ ontoPHP _n (that is, every F_d -proof of bot from linebreak ¬ ontoPHP _n ) contains at least [MASK] pairwise different subformulas. In particular, any such refutation has size at least 2^ n^δ .",2^ n^δ
2604.01041#15:paper-subarea:1,paper-subarea,2604.01041#15,2604.01041,theorem,proof-complexity,"Let Q be an arbitrary proof system and let Refut _Q be an arbitrary NP -definition of its refutation predicate for CNF formulas of the form as above. If V^0 proves \[ CNF (x,y, φ) wedge Refut _Q^0(x,y,z,w,φ,G_1, ... ,G_t) → ¬ Sat (x,y,a,φ), \] then there exists d such that F_d p-simulates Q with respect to refutations of CNF formulas.

[MASK]",proof-complexity
2604.01041#25:bound-cloze:3,bound-cloze,2604.01041#25,2604.01041,lemma,proof-complexity,"The size of A_φ is bounded above by [MASK] ≤ O(|φ|^ 11 ) , where |φ| is the size of the formula.",O((n m)^5 log (nm))
2604.01041#32:paper-subarea:2,paper-subarea,2604.01041#32,2604.01041,theorem,proof-complexity,"A_φ: Config _ n,m → Config _ n,m is injective if and only if φ is not satisfiable.

[MASK]",proof-complexity
2604.01041#38:bound-cloze:4,bound-cloze,2604.01041#38,2604.01041,lemma,proof-complexity,"Let n,m, S, Config , A, B be as above. The following statements are equivalent: B is the inverse of A on Config , i.e. \[ ∀ C ∈ Config B(A(C)) = C . \] For every cell c ∈ [n+1] × [m+2] , the following holds. Let M(c) = (c_1,c_2, ... ,c_μ) . For each i ∈ {1,2, ... ,μ} let [MASK]_1,s^i_2,s^i_3,s^i_4,s^i_5 ∈ S be arbitrary states of the cells in N(c_i) , where s^1_1 is the state of c . Then \[ s^1_1 = g l( f(s^1_1,s^1_2,s^1_3,s^1_4,s^1_5), f(s^2_1,s^2_2,s^2_3,s^2_4,s^2_5), ... , f(s^μ_1,s^μ_2,s^μ_3,s^μ_4,s^μ_5) r). \]",s^i
2604.01041#43:paper-subarea:3,paper-subarea,2604.01041#43,2604.01041,theorem,proof-complexity,"There exists a constant ε > 0 such that the following holds for all sufficiently large k . Let \[ φ := ¬ ontoPHP _k, \] and let B=(2,S,M,g) be a cellular automaton that is inverse to A_φ linebreak on Config _ n,m with n, m determined by φ . Let μ := |M| be the size of the neighbourhood of B , and let t be the size of B . Then \[ t ≥ 2^ k^ε . \] In particular, for all sufficiently large k , \[ μ ≥ k^ε. \]

[MASK]",proof-complexity
2604.05161#12:paper-subarea:1,paper-subarea,2604.05161#12,2604.05161,theorem,counting-complexity,"Let uppercase a =le A;wedge ,drangle be an SMB algebra with respect to . When the order of -classes is linear, then CSP( uppercase a ) is tractable.

[MASK]",counting-complexity
2604.05161#14:paper-subarea:2,paper-subarea,2604.05161#14,2604.05161,theorem,counting-complexity,"Let uppercase a =le A;wrangle be an SMB algebra wrt. . CSP( uppercase a ) is tractable when the order of -classes is that of a flat semilattice.

[MASK]",counting-complexity
2604.05161#28:paper-subarea:3,paper-subarea,2604.05161#28,2604.05161,corollary,counting-complexity,"Let uppercase a be a finite SMB algebra over . Assume that uppercase a / is a tree-ordered meet semilattice (i.e. for any -class B , the set of all -classes below B or equal to it is linearly ordered). Then CSP( uppercase a ) is tractable.

[MASK]",counting-complexity
2604.05161#30:paper-subarea:4,paper-subarea,2604.05161#30,2604.05161,theorem,counting-complexity,"Let uppercase a be a finite SMB algebra. For any instance P of CSP( uppercase a ) we can apply a polynomial time algorithm which either solves CSP(P) or reduces it to an equivalent strongly M-irreducible multisorted instance of CSP( uppercase t ( uppercase a )) .

[MASK]",counting-complexity
2604.07278#5:bound-cloze:1,bound-cloze,2604.07278#5,2604.07278,lemma,average-case,"Let M ⊆ [n] × [t] with |M| ≤ d and let T ⊆ binom [n] 2 . Let V=V(T) ∪ S_M and let U_1, ... ,U_c be the connected components of the test graph G_ M,T =(V,T ∪ E _M) . If (M,T) is inconsistent, then E _ (G,X) G (n,1/2,k,t) [χ_T(G) X_M]=0 . If (M,T) is consistent, then vskip -.5em \[ | E _ (G,X) G (n,1/2,k,t) [χ_T(G) X_M] | ≤ [MASK] l(frac k n-|V|+1 r)^ |V| ≤ l(frac kt n-|V|+1 r)^ |V| . \] In particular, if |V| ≤ τ , then vskip -.5em \[ | E _ (G,X) G (n,1/2,k,t) [χ_T(G) X_M] | ≤ t^c l(frac k n-τ r)^ |V| ≤ l(frac kt n-τ r)^ |V| . \]",t^c
2604.07278#9:bound-cloze:2,bound-cloze,2604.07278#9,2604.07278,lemma,average-case,"With high probability, widetilde E _G[1]=1pm [MASK] and also, for all j ∈ [t] , widetilde E _G [ Σ _ i=1 ^n x_ i,j ]=k(1pm n^ -Ω(ε) ).",n^ -Ω(ε)
2604.07278#23:paper-subarea:1,paper-subarea,2604.07278#23,2604.07278,theorem,average-case,"There exists a constant c_0>0 such that if kt ≤ n^ 1/2 - c_0 sqrt d/ log n , and d lies in the range where the truncation parameter τ can be chosen as in Section , then with high probability over G G(n,1/2) the normalized functional widetilde E _G^star [p]:=widetilde E _G[p]/widetilde E _G[1] is a degree- d pseudoexpectation satisfying the hard constraints in Section and achieving vskip -.7em \[ widetilde E _G^star [style Σ _ j=1 ^tstyle Σ _ i=1 ^n x_ i,j ] ≥ kt(1-o(1)). \]

[MASK]",average-case
2604.07278#28:paper-subarea:2,paper-subarea,2604.07278#28,2604.07278,theorem,average-case,"If SDA (F,D_0;bar γ) ≥ d , then any randomized SQ algorithm that distinguishes a distribution in F from D_0 with success probability at least 2/3 requires at least d queries to VSTAT (N) , where N=Θ(1/bar γ) .

[MASK]",average-case
2604.07278#29:bound-cloze:3,bound-cloze,2604.07278#29,2604.07278,lemma,average-case,"For any two plantings S,T , vskip -.5em \[ lle widehat D_S,widehat D_T rrangle _ D_0 = p^2 (tfrac 1 [MASK] style Σ _ i,j 2^ λ_ ij -1 ) ≤ p^2 tfrac 2^ Λ(S,T) -1 t^2 ≤ tfrac k^2 n^2 2^ Λ(S,T) . \]",t^2
2604.07278#32:bound-cloze:4,bound-cloze,2604.07278#32,2604.07278,lemma,average-case,"Fix integers n,k,t and let ell =[MASK] with ell ^2=o(kt) . Assume kt=O(n^ 1/2-δ ) for some δ>0 . Then, as n → ∞ , vskip -1em \[ | T _ell | / m = P [X=ell ] = stylebinom kt ell stylebinom n-kt kt-ell / stylebinom n kt =tfrac 1 ell ! l(tfrac k^2t^2 n r)^ ell (1+o(1)). \]",O(ln n)
2604.07278#33:paper-subarea:3,paper-subarea,2604.07278#33,2604.07278,theorem,average-case,"Suppose kt=O(n^ 1/2-δ ) for some fixed δ>0 . Fix an integer ell such that 0 ≤ ell ≤ min {kt,\ lfloor log _2 ( n /(k^2t^2)) rfloor -1 }, with ell = O( log n) and ell ^2=o(kt). Define d:= lfloor ell ! ( n / (k^2t^2) )^ ell rfloor , bar γ:=2 ( k^2 / n^2 ) 2^ell . Then, for all sufficiently large n , SDA l(F,D_0;bar γ r) ≥ d, where F={D_S : S is an ordered planting } .

[MASK]",average-case
2604.07278#34:paper-subarea:4,paper-subarea,2604.07278#34,2604.07278,theorem,average-case,"Under the hypotheses of Theorem , any randomized SQ algorithm that distinguishes an unknown D_S ∈ F from D_0 with success probability at least 2/3 must make Ω(d) queries to VSTAT (N) with N=Θ(1/bar γ) . In particular, assuming additionally that kt=ω(( log n)^2) and choosing ell =lfloor δ log _2 nrfloor yields vskip -1em \[ d=exp (Ω((ln n)^2)) qquad and qquad N=Θ ( n^ 2-δ / k^2 ). \]

[MASK]",average-case
2604.11952#1:paper-subarea:1,paper-subarea,2604.11952#1,2604.11952,theorem,interactive-proofs; quantum-complexity; structural,"For any oracle O , there is an adaptive PCP system for any promise problem in BQP ^ O with perfect completeness and inverse-exponential soundness, where the proof is an exponentially long classical string, and the verifier is a classical PPT machine with oracle access to O that can flip poly (n) random coins and query poly (n) locations (adaptively) in the PCP proof.

[MASK]",interactive-proofs; quantum-complexity; structural
2604.11952#8:bound-cloze:1,bound-cloze,2604.11952#8,2604.11952,definition,interactive-proofs; quantum-complexity; structural,"Fix any two boolean functions f_1, f_2 : {0,1} → {0, 1} . The forrelator of f_1 and f_2 is the quantity: Φ_ f_1, f_2 = frac 1 [MASK] Σ _ x,y ∈ {0,1}^n (-1)^ f_1(x) (-1)^ x · y (-1)^ f_2(y) .",2^ 3n/2
2604.11952#10:paper-subarea:2,paper-subarea,2604.11952#10,2604.11952,theorem,interactive-proofs; quantum-complexity; structural,"For any oracle O : \[ BQP ^ O ⊆ adPCP ^ O _ s, c [ poly (n), poly (n), poly (n)],\] where s = 2^ - poly (n) and c = 1 .

[MASK]",interactive-proofs; quantum-complexity; structural
2604.11952#13:bound-cloze:2,bound-cloze,2604.11952#13,2604.11952,claim,interactive-proofs; quantum-complexity; structural,"Let ket φ_ i-1 ∈ H ^ [MASK] be the state from Claim . For any x ∈ {0,1}^n Algorithm outputs: η_ i, x = bra x G_i ket φ_ i-1",2^n
2604.11952#14:bound-cloze:3,bound-cloze,2604.11952#14,2604.11952,lemma,interactive-proofs; quantum-complexity; structural,"Let, ket ψ , ket φ be normalized vectors in C ^ [MASK] . The random variable \[γ = frac 1 k Σ _ i=1 ^k frac φ_ X_i ψ_ X_i ,\] where X_1 , ... , X_k are k independent samples from the distribution Pr [X=x] = vert ψ_x vert ^2 , is an unbiased estimator for le ψ | φ rangle such that, for any δ > 0 , Pr _ X ψ [|γ - le ψ | φ rangle | ≥ δ ] ≤ frac 1 k δ^2 .",2^n
2604.11952#15:bound-cloze:4,bound-cloze,2604.11952#15,2604.11952,corollary,interactive-proofs; quantum-complexity; structural,"Let, ket ψ , ket φ be normalized vectors in C ^ [MASK] . Let 2^ -n <δ ≤ 1 . Suppose |1-le ψ | φ rangle | > δ . Then, with probability at least δ^2/10 over X ψ it holds that |φ_X-ψ_X| ≥ 2^ -100n .",2^n
2604.11952#15:paper-subarea:3,paper-subarea,2604.11952#15,2604.11952,corollary,interactive-proofs; quantum-complexity; structural,"Let, ket ψ , ket φ be normalized vectors in C ^ 2^n . Let 2^ -n <δ ≤ 1 . Suppose |1-le ψ | φ rangle | > δ . Then, with probability at least δ^2/10 over X ψ it holds that |φ_X-ψ_X| ≥ 2^ -100n .

[MASK]",interactive-proofs; quantum-complexity; structural
2604.11952#20:paper-subarea:4,paper-subarea,2604.11952#20,2604.11952,corollary,interactive-proofs; quantum-complexity; structural,"For any oracle O , if L ∈ adPCP ^ O _ s,1 [p(n), q(n),r(n)] , then for any t ∈ N , L has a 2t -round MIP ^ O protocol with perfect completeness, soundness (1-(1-s)/p(n))^t , (r(n) + log (p(n))) · t randomness, O(r(n) +p(n)) · t communication, q(n) · t queries to O , where the verifier running time is poly (n, p(n),q(n),r(n)) · t . In particular, picking t = O(p(n)/(1-s)) gives soundness at most 1/2 .

[MASK]",interactive-proofs; quantum-complexity; structural
2604.19266#11:paper-subarea:1,paper-subarea,2604.19266#11,2604.19266,theorem,counting-complexity; descriptive-logic,"Let A be an automaton over the Boolean domain D = {0,1} such that L( A ) = NAE _3^* , where NAE _3 := D^3 \ {000,111} . \ Then AutCSP ( A ) restricted to single constraints is NP-complete.

[MASK]",counting-complexity; descriptive-logic
2604.19266#14:paper-subarea:2,paper-subarea,2604.19266#14,2604.19266,theorem,counting-complexity; descriptive-logic,"Let Γ be a (possibly infinite) set of relations over D = {0,1} . Then CSP( Γ ) is polynomial-time solvable iff one of the following is a polymorphism of \ Γ : the constant operations \ 0 : x mapsto 0 and \ 1 : x mapsto 1 . the binary AND operation ∧ : (x,y) mapsto x ∧ y . the binary OR operation ∨ : (x,y) mapsto x ∨ y . the majority operation Maj : (x,y,z) mapsto ( x ∧ y) ∨ (x ∧ z) ∨ ( y ∧ z). the minority operation Minor : (x,y,z) mapsto x ⊕ y ⊕ z , where ⊕ denotes addition modulo 2. Otherwise, it is NP-complete.

[MASK]",counting-complexity; descriptive-logic
2604.19266#15:paper-subarea:3,paper-subarea,2604.19266#15,2604.19266,theorem,counting-complexity; descriptive-logic,"Let Γ be a (possibly infinite) language on a finite domain. Then the CSP( Γ ) is in P if and only if \ Γ has a Sigger's polymorphism. Otherwise, it is NP-complete.

[MASK]",counting-complexity; descriptive-logic
2604.19266#19:paper-subarea:4,paper-subarea,2604.19266#19,2604.19266,theorem,counting-complexity; descriptive-logic,"The following are true: Given a k -ary operation f : D^k → D and a finite automaton A , it takes O(| A |^ k+1 ) time to decide whether the constraint language Γ_ A has f as its polymorphism Fix an integer b ≥ 0 . There exists a polynomial-time algorithm that, given a finite set F of operations on D whose arities are bounded by b and an automaton A , decides if any of the operations is a polymorphism of the language Γ_ A . The algorithm runs in time O(| F || A |^ b+1 ) .

[MASK]",counting-complexity; descriptive-logic
2604.19266#26:bound-cloze:1,bound-cloze,2604.19266#26,2604.19266,lemma,counting-complexity; descriptive-logic,"There exists an algorithm that, given a finite automaton A ∈ K _ ∧ and a pattern τ : [n] harpoonup D , decides whether τ is extendable and computes the minimal extension if such an extension exists. The algorithm runs in time O([MASK]| A |) .",n^2
2604.19266#27:bound-cloze:2,bound-cloze,2604.19266#27,2604.19266,lemma,counting-complexity; descriptive-logic,"There is an algorithm running in time O(|V| [MASK] | A |) that, given an automaton A ∈ K _ ∧ , a constraint C = le s , R_n rangle , and a pattern τ : [n] harpoonup D , decides if τ can be extended to a tuple satisfying C , and, if so, computes the minimal satisfying extension of τ .",n^2
2604.19266#28:bound-cloze:3,bound-cloze,2604.19266#28,2604.19266,theorem,counting-complexity; descriptive-logic,"There exists an algorithm that, given an automaton A ∈ K _ Minor over the Boolean domain D and an integer n , constructs in time O([MASK]| A |) a system of linear equations M x = b such that r ∈ R_n if and only if M r^ intercal = b .",n^3
2604.19266#30:bound-cloze:4,bound-cloze,2604.19266#30,2604.19266,lemma,counting-complexity; descriptive-logic,"There exists an algorithm, which given an arity n and an automaton A ∈ K _ f_q , constructs in time O([MASK]| A |) a system of linear equation Mx = b such that r ∈ R_n if and only if Mr^intercal = b .",n^3
2604.21531#2:bound-cloze:1,bound-cloze,2604.21531#2,2604.21531,theorem,fine-grained; parameterized,"For positive integers q , r , and k ≥ 3 , let R ⊆ [q]^r be a permutation-invariant relation of arity r over [q] from which an sc or xspace relation of arity k is definable. Then, for any real ε >0 , the R -sc Constrained Coloring xspace problem parameterized by the number of vertices n does not admit a compression of size [MASK] unless NP ⊆ coNP/poly .",O(n^ k-ε )
2604.21531#2:paper-subarea:1,paper-subarea,2604.21531#2,2604.21531,theorem,fine-grained; parameterized,"For positive integers q , r , and k ≥ 3 , let R ⊆ [q]^r be a permutation-invariant relation of arity r over [q] from which an sc or xspace relation of arity k is definable. Then, for any real ε >0 , the R -sc Constrained Coloring xspace problem parameterized by the number of vertices n does not admit a compression of size O(n^ k-ε ) unless NP ⊆ coNP/poly .

[MASK]",fine-grained; parameterized
2604.21531#3:relation-cloze:1,relation-cloze,2604.21531#3,2604.21531,theorem,fine-grained; parameterized,"For all integers ell ≥ 2 and q ≥ 3 , and for any real ε >0 , the q -sc Coloring xspace problem on ell -uniform hypergraphs parameterized by the number of vertices n does not admit a compression of size O(n^ ell -ε ) unless NP [MASK] coNP/poly .",⊆
2604.21531#3:paper-subarea:2,paper-subarea,2604.21531#3,2604.21531,theorem,fine-grained; parameterized,"For all integers ell ≥ 2 and q ≥ 3 , and for any real ε >0 , the q -sc Coloring xspace problem on ell -uniform hypergraphs parameterized by the number of vertices n does not admit a compression of size O(n^ ell -ε ) unless NP ⊆ coNP/poly .

[MASK]",fine-grained; parameterized
2604.21531#6:bound-cloze:2,bound-cloze,2604.21531#6,2604.21531,theorem,fine-grained; parameterized,"For positive integers d , ell , and q ≥ d , set η = η(d,ell ,q) as in Definition . The (d,ell ,q) -sc Uniformly Rainbow Free Coloring xspace problem parameterized by the number of vertices n admits a kernel with [MASK] constraints, while for any real ε>0 , it does not admit a compression of size O(n^ η-ε ) unless NP ⊆ coNP/poly .",O(n^ η )
2604.21531#6:relation-cloze:2,relation-cloze,2604.21531#6,2604.21531,theorem,fine-grained; parameterized,"For positive integers d , ell , and q ≥ d , set η = η(d,ell ,q) as in Definition . The (d,ell ,q) -sc Uniformly Rainbow Free Coloring xspace problem parameterized by the number of vertices n admits a kernel with O(n^ η ) constraints, while for any real ε>0 , it does not admit a compression of size O(n^ η-ε ) unless NP [MASK] coNP/poly .",⊆
2604.21531#6:paper-subarea:3,paper-subarea,2604.21531#6,2604.21531,theorem,fine-grained; parameterized,"For positive integers d , ell , and q ≥ d , set η = η(d,ell ,q) as in Definition . The (d,ell ,q) -sc Uniformly Rainbow Free Coloring xspace problem parameterized by the number of vertices n admits a kernel with O(n^ η ) constraints, while for any real ε>0 , it does not admit a compression of size O(n^ η-ε ) unless NP ⊆ coNP/poly .

[MASK]",fine-grained; parameterized
2604.21531#7:bound-cloze:3,bound-cloze,2604.21531#7,2604.21531,theorem,fine-grained; parameterized,"For positive integers q ≥ 3 and t ≤ q , set r = r(q,t) = max _ ell ∈ [t] η(q-ell +1,ell ,q) , with η as in Definition . The q -sc Coloring xspace problem on tsc -DisjCliques xspace +k v graphs admits a kernel with [MASK] vertices, while for any real ε >0 , it does not admit a compression of size O(k^ r-ε ) unless NP ⊆ coNP/poly .",O(k^r)
2604.21531#7:relation-cloze:3,relation-cloze,2604.21531#7,2604.21531,theorem,fine-grained; parameterized,"For positive integers q ≥ 3 and t ≤ q , set r = r(q,t) = max _ ell ∈ [t] η(q-ell +1,ell ,q) , with η as in Definition . The q -sc Coloring xspace problem on tsc -DisjCliques xspace +k v graphs admits a kernel with O(k^r) vertices, while for any real ε >0 , it does not admit a compression of size O(k^ r-ε ) unless NP [MASK] coNP/poly .",⊆
2604.21531#7:paper-subarea:4,paper-subarea,2604.21531#7,2604.21531,theorem,fine-grained; parameterized,"For positive integers q ≥ 3 and t ≤ q , set r = r(q,t) = max _ ell ∈ [t] η(q-ell +1,ell ,q) , with η as in Definition . The q -sc Coloring xspace problem on tsc -DisjCliques xspace +k v graphs admits a kernel with O(k^r) vertices, while for any real ε >0 , it does not admit a compression of size O(k^ r-ε ) unless NP ⊆ coNP/poly .

[MASK]",fine-grained; parameterized
2604.21531#9:bound-cloze:4,bound-cloze,2604.21531#9,2604.21531,definition,fine-grained; parameterized,"Let q , r , and k be positive integers, and let R ⊆ [q]^r be a relation of arity r over [q] . We say that em an sc or xspace relation of arity k is definable from R if there exist sets D_1, ... , D_r ⊆ [q] , exactly k of which are of size 2 and the others of size 1 , such that all [MASK] tuples in the product D_1 × ... × D_r except one belong to R , equivalently, | (D_1 × ... × D_r) ∩ R| = 2^k-1 .",2^k
2604.21531#11:relation-cloze:4,relation-cloze,2604.21531#11,2604.21531,theorem,fine-grained; parameterized,"For every integer k ≥ 3 and any real ε >0 , the k -sc SAT xspace problem parameterized by the number of variables n does not admit a compression of size O(n^ k-ε ) unless NP [MASK] coNP/poly .",⊆
2604.21922#1:paper-subarea:1,paper-subarea,2604.21922#1,2604.21922,theorem,space-complexity,"theorem mainresult For every constraint language Γ containing k -ary relations over [q] , to solve the satisfiability of CSP xspace (Γ) xspace , there exists: a deterministic streaming algorithm in O_ q,k ( NRD xspace _n(Γ) xspace log n) space, and no randomized streaming algorithm in o( NRD xspace _n(Γ) xspace ) space.

[MASK]",space-complexity
2604.21922#2:paper-subarea:2,paper-subarea,2604.21922#2,2604.21922,theorem,space-complexity,"For every non constant-satisfiable Boolean constraint language Γ containing k -ary Boolean relations, no randomized streaming algorithm can decide satisfiability of positive CSP xspace (Γ) in o( NRD xspace _n(Γ) xspace ) space.

[MASK]",space-complexity
2604.21922#3:paper-subarea:3,paper-subarea,2604.21922#3,2604.21922,theorem,space-complexity,"enspace For general CSPs xspace , E is an equivalence relation on all assignments; For positive Boolean CSPs xspace , E is an equivalence relation when restricted to non-constant assignments.

[MASK]",space-complexity
2604.21922#4:paper-subarea:4,paper-subarea,2604.21922#4,2604.21922,theorem,space-complexity,"For every positive Boolean CSP xspace defined on bounded-arity non-trivial language, single-pass streaming satisfiability has space complexity between Ω( NRD xspace (n)) and O( NRD xspace (n) log n) .

[MASK]",space-complexity
2604.21922#7:bound-cloze:1,bound-cloze,2604.21922#7,2604.21922,lemma,space-complexity,Every public-coin one-way communication protocol for INDEX xspace _m with error probability at most 1/3 requires [MASK] bits of communication.,Ω(m)
2604.25321#16:bound-cloze:1,bound-cloze,2604.25321#16,2604.25321,definition,parameterized,"A substochastic matrix is a real matrix all of whose columns sum to a value of at most 1 . The hypergraph category BoolSubStoch has natural numbers of the form [MASK] as objects ( n ∈ N ), and substochastic 2^m × 2^n -matrices as morphisms 2^n → 2^m . The symmetric monoidal and hypergraph structures are given in the same way as for Mat _ Q .",2^n
2604.25321#30:bound-cloze:2,bound-cloze,2604.25321#30,2604.25321,theorem,parameterized,"Let color darkblue mathtt f be a Σ -diagram over some monoidal signature Σ , let k := tw ( color darkblue mathtt f ') be the treewidth of the primal graph of color darkblue mathtt f , and let n := 1 + |A_ color darkblue mathtt f | be one plus the number of assignments in color darkblue mathtt f . Then color darkblue mathtt f has an algebraisation t with width (t) = [MASK] and DAG-size |t| = O(nk^2) . Moreover, this algebraisation can be computed in 2^ O(k) n time.",O(k)
2604.25321#30:paper-subarea:1,paper-subarea,2604.25321#30,2604.25321,theorem,parameterized,"Let color darkblue mathtt f be a Σ -diagram over some monoidal signature Σ , let k := tw ( color darkblue mathtt f ') be the treewidth of the primal graph of color darkblue mathtt f , and let n := 1 + |A_ color darkblue mathtt f | be one plus the number of assignments in color darkblue mathtt f . Then color darkblue mathtt f has an algebraisation t with width (t) = O(k) and DAG-size |t| = O(nk^2) . Moreover, this algebraisation can be computed in 2^ O(k) n time.

[MASK]",parameterized
2604.25321#32:bound-cloze:3,bound-cloze,2604.25321#32,2604.25321,lemma,parameterized,"Let Σ be a monoidal signature, let σ be a permutation-type Σ -diagram, and let k := | in _σ| = | out _σ| be the number of inputs (or equivalently outputs) of σ . Then there exists an algebraisation t of σ with |t| = [MASK] and width (t) ≤ 2k . Moreover, such an algebraisation can be computed in time O(k^2) .",O(k^2)
2604.25321#34:bound-cloze:4,bound-cloze,2604.25321#34,2604.25321,corollary,parameterized,"Let color darkblue mathtt f be a pure wiring over Σ , and let k := max {| in _ color darkblue mathtt f |, | out _ color darkblue mathtt f |} . Then there exists an algebraisation t of color darkblue mathtt f with |t| = [MASK] and width (t) ≤ 2k . In addition, such an algebraisation can be computed in time O(k^2) .",O(k^2)
2604.25321#34:paper-subarea:2,paper-subarea,2604.25321#34,2604.25321,corollary,parameterized,"Let color darkblue mathtt f be a pure wiring over Σ , and let k := max {| in _ color darkblue mathtt f |, | out _ color darkblue mathtt f |} . Then there exists an algebraisation t of color darkblue mathtt f with |t| = O(k^2) and width (t) ≤ 2k . In addition, such an algebraisation can be computed in time O(k^2) .

[MASK]",parameterized
2604.25321#37:paper-subarea:3,paper-subarea,2604.25321#37,2604.25321,corollary,parameterized,"Let color darkblue mathtt f be a Σ -diagram. Let w := width ( color darkblue mathtt f ) be the width of color darkblue mathtt f and let n:= |A_ color darkblue mathtt f | ≥ 1 . Then there exists an algebraisation t ∈ Term (Σ) of color darkblue mathtt f such that width (t) ≤ 6nw and |t| = O(n^2w^2) . Moreover, such t can be computed in O(n^2w^2) time.

[MASK]",parameterized
2604.25321#46:paper-subarea:4,paper-subarea,2604.25321#46,2604.25321,theorem,parameterized,"Let color darkblue mathtt f be a Σ -diagram and let B be a branch decomposition of the dependency hypergraph of color darkblue mathtt f . Then there exists an algebraisation t of color darkblue mathtt f with width (t) ≤ 12 width ( B ) and |t| = O(|A_ color darkblue mathtt f | · width ( B )^2) . Moreover, given the branch decomposition B , such an algebraisation t can be computed in time O(|A_ color darkblue mathtt f | · width ( B )^2) .

[MASK]",parameterized
2604.25585#4:bound-cloze:1,bound-cloze,2604.25585#4,2604.25585,corollary,parameterized; structural,"The sc SCSpS , sc MEG and sc 2 -ECSS problems on n -vertex graphs can be solved in O^*([MASK]) time.",2^n
2604.25585#4:paper-subarea:1,paper-subarea,2604.25585#4,2604.25585,corollary,parameterized; structural,"The sc SCSpS , sc MEG and sc 2 -ECSS problems on n -vertex graphs can be solved in O^*(2^n) time.

[MASK]",parameterized; structural
2604.25585#5:relation-cloze:1,relation-cloze,2604.25585#5,2604.25585,theorem,parameterized; structural,"sc SCSpS admits a quadratic kernel parameterized by the vertex cover of the underlying undirected graph, but sc SCSS does not admit a polynomial kernel parameterized by the vertex cover of the underlying undirected graph unless NP [MASK] coNP / poly .",⊆
2604.25585#5:paper-subarea:2,paper-subarea,2604.25585#5,2604.25585,theorem,parameterized; structural,"sc SCSpS admits a quadratic kernel parameterized by the vertex cover of the underlying undirected graph, but sc SCSS does not admit a polynomial kernel parameterized by the vertex cover of the underlying undirected graph unless NP ⊆ coNP / poly .

[MASK]",parameterized; structural
2604.25585#14:bound-cloze:2,bound-cloze,2604.25585#14,2604.25585,lemma,parameterized; structural,"Given D = (V, A) , set of terminals T , and integer t , ω: A × { · I · , · O · } → {1,2, ... ,N} and a nice tree decomposition T of width tw , there exists an algorithm that can determine | C _ W | modulo 2 for every 0 ≤ W ≤ 2tN in 17^ tw [MASK] |A|^ O(1) time.",N^ 2
2604.25585#17:bound-cloze:3,bound-cloze,2604.25585#17,2604.25585,lemma,parameterized; structural,"Let n = |V| and M ∈ [MASK] . Given f,g:2^V → { 0, ... , M } , the values (f * g)[S] for all S ⊆ V can be computed in O^*(2^ n ) time and O^*(2^ n ) space.",n^ O(1)
2604.25585#22:bound-cloze:4,bound-cloze,2604.25585#22,2604.25585,theorem,parameterized; structural,"SCSS parameterized by vertex cover admits a kernel of [MASK] vertices, where k is the size of the minimum vertex cover.",O(k^2)
2604.25585#22:paper-subarea:3,paper-subarea,2604.25585#22,2604.25585,theorem,parameterized; structural,"SCSS parameterized by vertex cover admits a kernel of O(k^2) vertices, where k is the size of the minimum vertex cover.

[MASK]",parameterized; structural
2604.25585#26:relation-cloze:2,relation-cloze,2604.25585#26,2604.25585,lemma,parameterized; structural,"Let Q and Q' be parameterized problems such that Q ≤ _ ppt Q' . If Q does not admit a polynomial compression unless NP [MASK] coNP / poly , then neither does Q' .",⊆
2604.25585#27:relation-cloze:3,relation-cloze,2604.25585#27,2604.25585,theorem,parameterized; structural,sc SCSS parameterized by vertex cover does not admit a polynomial compression unless NP [MASK] coNP / poly .,⊆
2604.25585#27:paper-subarea:4,paper-subarea,2604.25585#27,2604.25585,theorem,parameterized; structural,"sc SCSS parameterized by vertex cover does not admit a polynomial compression unless NP ⊆ coNP / poly .

[MASK]",parameterized; structural
2604.26972#5:paper-subarea:1,paper-subarea,2604.26972#5,2604.26972,corollary,structural,"If CMRC belongs to \( NP \), then \( NP = ∃ R\). In particular, under the widely believed strictness of the real hierarchy, CMRC is not in \( NP \).

[MASK]",structural
2604.26972#9:paper-subarea:2,paper-subarea,2604.26972#9,2604.26972,corollary,structural,"If VSC belongs to \( NP \), then \( NP = ∃ R\). Hence, under the common belief that the two classes are distinct, VSC is not in \( NP \).

[MASK]",structural
2604.27142#1:bound-cloze:1,bound-cloze,2604.27142#1,2604.27142,theorem,derandomization; fine-grained,"Given an undirected graph with nonnegative edge weights bounded by M and an integer k ≥ 2 , one can compute in deterministic tilde [MASK] time an estimate tilde D of the diameter D satisfying frac 2^ k-1 2^k - 1 D - α ≤ tilde D ≤ D where α = frac 2^ k-1 -1 2^k-1 M .",O (mn^ 1/k )
2604.27142#1:paper-subarea:1,paper-subarea,2604.27142#1,2604.27142,theorem,derandomization; fine-grained,"Given an undirected graph with nonnegative edge weights bounded by M and an integer k ≥ 2 , one can compute in deterministic tilde O (mn^ 1/k ) time an estimate tilde D of the diameter D satisfying frac 2^ k-1 2^k - 1 D - α ≤ tilde D ≤ D where α = frac 2^ k-1 -1 2^k-1 M .

[MASK]",derandomization; fine-grained
2604.27142#2:paper-subarea:2,paper-subarea,2604.27142#2,2604.27142,theorem,derandomization; fine-grained,"theorem ThmBallsCluster Given a weighted, directed or undirected graph G and ell >0 , one can compute a set S ⊆ V of size O(frac n ell log n) deterministically in time O((m+n log n )ell ) such that for every v ∈ V , |C_S(v)|,|B_S(v)|,|C_S^R(v)|,|B_S^R(v)|= O(ell ) .

[MASK]",derandomization; fine-grained
2604.27142#3:bound-cloze:2,bound-cloze,2604.27142#3,2604.27142,theorem,derandomization; fine-grained,"Given a directed graph with nonnegative edge weights and (unknown) diameter D , one can compute in deterministic [MASK] time an estimate tilde D satisfying frac 2D 3 ≤ tilde D ≤ D .",O(mn^ 2/3 log ^ 2/3 n)
2604.27142#3:paper-subarea:3,paper-subarea,2604.27142#3,2604.27142,theorem,derandomization; fine-grained,"Given a directed graph with nonnegative edge weights and (unknown) diameter D , one can compute in deterministic O(mn^ 2/3 log ^ 2/3 n) time an estimate tilde D satisfying frac 2D 3 ≤ tilde D ≤ D .

[MASK]",derandomization; fine-grained
2604.27142#4:bound-cloze:3,bound-cloze,2604.27142#4,2604.27142,theorem,derandomization; fine-grained,"Given an unweighted, undirected graph with (unknown) diameter D , one can compute in deterministic [MASK] time an estimate tilde D satisfying frac 3D 5 - α ≤ tilde D ≤ D for α =max (frac 6 5 , frac 5 3 -frac D 15 )) .",O(nm^ 3/5 log ^ 8/5 n)
2604.27142#4:paper-subarea:4,paper-subarea,2604.27142#4,2604.27142,theorem,derandomization; fine-grained,"Given an unweighted, undirected graph with (unknown) diameter D , one can compute in deterministic O(nm^ 3/5 log ^ 8/5 n) time an estimate tilde D satisfying frac 3D 5 - α ≤ tilde D ≤ D for α =max (frac 6 5 , frac 5 3 -frac D 15 )) .

[MASK]",derandomization; fine-grained
2604.27142#5:bound-cloze:4,bound-cloze,2604.27142#5,2604.27142,theorem,derandomization; fine-grained,A given weighted undirected graph on n vertices can compute all-pairs 2 -approximate distance in deterministic time tilde [MASK] or all pairs 7/3 -approximate distance in deterministic time tilde O (m^ 2/3 n + n^2) .,O (m sqrt n + n^2)
2604.27336#1:paper-subarea:1,paper-subarea,2604.27336#1,2604.27336,theorem,average-case,"Let t ≥ 2 . If a k -CSP is t -wise independent, then except with probability o_n(1) , a random binomial instance of the CSP with n variables and Δ n expected constraints has an SoS solution of value 1 and of degree Ω_k(n/(Δ^ 2/(t-1) log Δ)) .

[MASK]",average-case
2604.27336#2:paper-subarea:2,paper-subarea,2604.27336#2,2604.27336,theorem,average-case,"Let t ≥ 2 , and ρ be a distribution over R . Given any k -CSP (D, R) , except with probability o_n(1) , a binomial ρ -random instance of the CSP with n variables and Δ n expected constraints has an SoS solution of degree Ω_k(n/(Δ^ 2/(t-1) log Δ)) and of value opt _t (ρ) + o_n(1) .

[MASK]",average-case
2604.27336#3:bound-cloze:1,bound-cloze,2604.27336#3,2604.27336,theorem,average-case,"For any k -CSP (D, R) , any 2 ≤ t ≤ k , any ε > 0 , there are K = K(k, abs D , ε) and C = C(k,abs D ,t,ε) such that whenever \[ m ≥ C [MASK] & if t is even C n^ t/2 sqrt log n & if t is odd , \] except with probability o_n (1) over a binomial ρ -random instance I having n variables and m expected constraints, every pseudo-distribution μ of degree K satisfies \[ mathop widetilde mathop E _μ Val _I(x) ≤ opt _t(ρ) + ε. \]",n^ t/2
2604.27336#3:paper-subarea:3,paper-subarea,2604.27336#3,2604.27336,theorem,average-case,"For any k -CSP (D, R) , any 2 ≤ t ≤ k , any ε > 0 , there are K = K(k, abs D , ε) and C = C(k,abs D ,t,ε) such that whenever \[ m ≥ C n^ t/2 & if t is even C n^ t/2 sqrt log n & if t is odd , \] except with probability o_n (1) over a binomial ρ -random instance I having n variables and m expected constraints, every pseudo-distribution μ of degree K satisfies \[ mathop widetilde mathop E _μ Val _I(x) ≤ opt _t(ρ) + ε. \]

[MASK]",average-case
2604.27336#4:bound-cloze:2,bound-cloze,2604.27336#4,2604.27336,theorem,average-case,"For any k -CSP (D, R) , any 2 ≤ t ≤ k , any t-1 ≤ ell ≤ tilde [MASK] , any ε > 0 , there are K = K(k, abs D , ε) and C = C(k,abs D ,t,ε) , such that whenever \[ m ≥ C n^ t/2 frac ell ell ^ t/2 log n & if t is even C n^ t/2 frac ell ell ^ t/2 sqrt log n & if t is odd , \] except with probability o_n (1) over a binomial ρ -random instance I having n variables and m expected constraints, every pseudo-distribution μ of degree K+2(ell +1) satisfies \[ mathop widetilde mathop E _μ Val _I(x) ≤ opt _t(ρ) + ε. \]",O (n)
2604.27336#4:paper-subarea:4,paper-subarea,2604.27336#4,2604.27336,theorem,average-case,"For any k -CSP (D, R) , any 2 ≤ t ≤ k , any t-1 ≤ ell ≤ tilde O (n) , any ε > 0 , there are K = K(k, abs D , ε) and C = C(k,abs D ,t,ε) , such that whenever \[ m ≥ C n^ t/2 frac ell ell ^ t/2 log n & if t is even C n^ t/2 frac ell ell ^ t/2 sqrt log n & if t is odd , \] except with probability o_n (1) over a binomial ρ -random instance I having n variables and m expected constraints, every pseudo-distribution μ of degree K+2(ell +1) satisfies \[ mathop widetilde mathop E _μ Val _I(x) ≤ opt _t(ρ) + ε. \]

[MASK]",average-case
2604.27336#8:bound-cloze:3,bound-cloze,2604.27336#8,2604.27336,example,average-case,"Given m = tilde [MASK] random edges in an n -vertex graph viewed as a random (unsigned) 2 -xor instance Ψ(x) = frac 1 m · Σ _ e=(i,j) x_ i x_ j .",Ω (n)
2604.27336#32:bound-cloze:4,bound-cloze,2604.27336#32,2604.27336,theorem,average-case,"For any k -CSP (D, R) , any 2 ≤ t ≤ k , any ε > 0 , there are K = K(k, abs D , ε), C = C(k,abs D ,t,ε), δ > 0 such that whenever \[ m ≥ C [MASK] & if t is even and ell = t/2 C n^ t/2 frac ell ell ^ t/2 log n & if t is even and frac t2 ≤ ell ≤ δ n C n^ t/2 frac ell ell ^ t/2 sqrt log n & if t is odd and t-1 ≤ ell ≤ frac δ n log n , \] except with probability o_n (1) over a binomial ρ -random instance I with constraint density p , every pseudo-distribution μ of degree K+2(ell +1) consistent with P(V,D) satisfies \[ mathop widetilde mathop E _μ Val _I(x) ≤ opt _t(ρ) + ε. \]",n^ t/2
2605.06262#6:paper-subarea:1,paper-subarea,2605.06262#6,2605.06262,corollary,parameterized,"Every prefix path decomposition P with P =(P_1, ... , P_d) is a trunk-aligned tree decomposition with Tr _ <_ T =(P_1, ... , P_d) .

[MASK]",parameterized
2605.06262#7:paper-subarea:2,paper-subarea,2605.06262#7,2605.06262,theorem,parameterized,"For each n ∈ N with n ≥ 2 , there exists a QBF Φ with 2n+1 variables such that dtw ( Φ, D _ trv ) ≥ n+1 and ppw ( Φ, D _ trv ) ≥ n , but btw ( Φ, D _ trv ) =2 .

[MASK]",parameterized
2605.06262#11:paper-subarea:3,paper-subarea,2605.06262#11,2605.06262,theorem,parameterized,"There is a computable function f and an algorithm that given a QBF Φ = Q . φ , a dependency poset D , and a trunk-aligned tree decomposition T =( T , mathpalette raisebox depth relax χ ) of (Φ, D ) with width btw ( Φ, D ) decides whether Φ is true in time f( btw ( Φ, D ) ) · |Φ| · | T | .

[MASK]",parameterized
2605.06262#24:paper-subarea:4,paper-subarea,2605.06262#24,2605.06262,theorem,parameterized,"There is an algorithm which takes as input a QBF Φ with | Var ( Φ ) |=n along with a dependency poset D and an integer k , runs in time n^ O (k) , and either outputs a structured trunk-aligned tree decomposition of (Φ, D ) with width k or correctly identifies that the bilateral treewidth of (Φ, D ) exceeds k .

[MASK]",parameterized
2605.06398#2:bound-cloze:1,bound-cloze,2605.06398#2,2605.06398,theorem,fine-grained; parameterized,"The k -MSR problem is W [2] -hard when parameterized by k . Furthermore: (No EPAS) Unless W [2] = FPT , there is no algorithm with running time f(k,ε) · poly (n) that computes a (1+ε) -approximation for every ε > 0 . Assuming ETH , there is no algorithm with running time f(k,ε) · n^ [MASK] that computes a (1+ε) -approximation for every ε > 0 .",o(k)
2605.06398#2:paper-subarea:1,paper-subarea,2605.06398#2,2605.06398,theorem,fine-grained; parameterized,"The k -MSR problem is W [2] -hard when parameterized by k . Furthermore: (No EPAS) Unless W [2] = FPT , there is no algorithm with running time f(k,ε) · poly (n) that computes a (1+ε) -approximation for every ε > 0 . Assuming ETH , there is no algorithm with running time f(k,ε) · n^ o(k) that computes a (1+ε) -approximation for every ε > 0 .

[MASK]",fine-grained; parameterized
2605.06398#3:bound-cloze:2,bound-cloze,2605.06398#3,2605.06398,theorem,fine-grained; parameterized,"There is an algorithm for k -MSR under a mergeable constraint that, for every ε>0 , computes a (tfrac 8 3 +ε) -approximation in time 2^ [MASK] · poly (n) .",O(k log (k/ε))
2605.06398#3:paper-subarea:2,paper-subarea,2605.06398#3,2605.06398,theorem,fine-grained; parameterized,"There is an algorithm for k -MSR under a mergeable constraint that, for every ε>0 , computes a (tfrac 8 3 +ε) -approximation in time 2^ O(k log (k/ε)) · poly (n) .

[MASK]",fine-grained; parameterized
2605.06398#4:bound-cloze:3,bound-cloze,2605.06398#4,2605.06398,theorem,fine-grained; parameterized,Suppose there exists an assignment subroutine A _A with running time T( A _A) . Then there is an algorithm that computes a (2+ε) -approximation for k -MSR under a mergeable constraint in time 2^ [MASK] · n^2 · T( A _A) .,O(k log (k/ε))
2605.06398#4:paper-subarea:3,paper-subarea,2605.06398#4,2605.06398,theorem,fine-grained; parameterized,"Suppose there exists an assignment subroutine A _A with running time T( A _A) . Then there is an algorithm that computes a (2+ε) -approximation for k -MSR under a mergeable constraint in time 2^ O(k log (k/ε)) · n^2 · T( A _A) .

[MASK]",fine-grained; parameterized
2605.06398#5:bound-cloze:4,bound-cloze,2605.06398#5,2605.06398,corollary,fine-grained; parameterized,"There is an algorithm for (α,β) -fair k -MSR that, for every ε>0 , computes a (2+ε) -approximation in time 2^ [MASK] · poly (n) . In particular, this yields (2+ε) -approximation algorithms for k -MSR under (i) fair-representational, (ii) ℓ -diversity, (iii) pairwise exact with multiple colors, and (iv) balanced constraints.",O(k log (k/ε))
2605.06398#5:paper-subarea:4,paper-subarea,2605.06398#5,2605.06398,corollary,fine-grained; parameterized,"There is an algorithm for (α,β) -fair k -MSR that, for every ε>0 , computes a (2+ε) -approximation in time 2^ O(k log (k/ε)) · poly (n) . In particular, this yields (2+ε) -approximation algorithms for k -MSR under (i) fair-representational, (ii) ℓ -diversity, (iii) pairwise exact with multiple colors, and (iv) balanced constraints.

[MASK]",fine-grained; parameterized
2605.08797#1:bound-cloze:1,bound-cloze,2605.08797#1,2605.08797,theorem,derandomization; fine-grained,"Assuming ETH , there exist constants γ > 1 and δ>0 , such that for any algorithm that takes as input a matrix H ∈ F _[MASK] , a vector u ∈ F _q^ d and a parameter k ∈ N , it must take N^ δ k time to distinguish the following two cases: sf YES Case: There exists x ∈ F _q^ N with | x |_0 ≤ k such that H x = u . sf NO Case: For every x ∈ F _q^ N with | x |_0 ≤ γ k , we have H x ≠ u .",q^ d × N
2605.08797#1:paper-subarea:1,paper-subarea,2605.08797#1,2605.08797,theorem,derandomization; fine-grained,"Assuming ETH , there exist constants γ > 1 and δ>0 , such that for any algorithm that takes as input a matrix H ∈ F _q^ d × N , a vector u ∈ F _q^ d and a parameter k ∈ N , it must take N^ δ k time to distinguish the following two cases: sf YES Case: There exists x ∈ F _q^ N with | x |_0 ≤ k such that H x = u . sf NO Case: For every x ∈ F _q^ N with | x |_0 ≤ γ k , we have H x ≠ u .

[MASK]",derandomization; fine-grained
2605.08797#2:bound-cloze:2,bound-cloze,2605.08797#2,2605.08797,theorem,derandomization; fine-grained,"Assuming randomized ETH , there exist constants γ > 1 and δ,ε>0 , such that for any algorithm that takes as input a matrix H ∈ F _[MASK] , a vector u ∈ F _q^ d and an integer k ∈ N such that 2 ≤ k ≤ N^ε , it must take N^ δ k time to distinguish the following two cases: sf YES Case: There exists x ∈ F _q^ N with | x |_0 ≤ k such that H x = u . sf NO Case: For every x ∈ F _q^ N with | x |_0 ≤ γ k , we have H x ≠ u .",q^ d × N
2605.08797#2:paper-subarea:2,paper-subarea,2605.08797#2,2605.08797,theorem,derandomization; fine-grained,"Assuming randomized ETH , there exist constants γ > 1 and δ,ε>0 , such that for any algorithm that takes as input a matrix H ∈ F _q^ d × N , a vector u ∈ F _q^ d and an integer k ∈ N such that 2 ≤ k ≤ N^ε , it must take N^ δ k time to distinguish the following two cases: sf YES Case: There exists x ∈ F _q^ N with | x |_0 ≤ k such that H x = u . sf NO Case: For every x ∈ F _q^ N with | x |_0 ≤ γ k , we have H x ≠ u .

[MASK]",derandomization; fine-grained
2605.08797#5:bound-cloze:3,bound-cloze,2605.08797#5,2605.08797,definition,derandomization; fine-grained,"A gapmaxlinq instance ( A , b ) consists of an m × n matrix A ∈ F _[MASK] and a vector b ∈ F _q^m . The objective of the problem is to distinguish between the following cases. sf YES Case: There exists x ∈ F _q^n such that | A x - b |_0 ≤ (1-c)m . sf NO Case: For every x ∈ F _q^n , | A x - b |_0> (1-s)m .",q^ m × n
2605.08797#6:bound-cloze:4,bound-cloze,2605.08797#6,2605.08797,definition,derandomization; fine-grained,"A gapmldq instance ( H , u ,ell ) consists of a d × n matrix H ∈ F _[MASK] , a target vector u ∈ F _q^d and a value ell . The goal is to distinguish between the following cases. sf YES Case: There exists x ∈ F _q^ n with | x |_0 ≤ ell such that H x = u . sf NO Case: For every x ∈ F _q^ n with | x |_0 ≤ γell , we have H x ≠ u .",q^ d × n
2605.08797#16:paper-subarea:3,paper-subarea,2605.08797#16,2605.08797,theorem,derandomization; fine-grained,"For every finite field F _q , there exists constants c and s where 0<s<c<1 , such that the following holds. There exists a polynomial time reduction which takes a sat _C instance with n variables, and outputs a gapmaxlinq with n'=O(n) variables and m'=O(n) equations.

[MASK]",derandomization; fine-grained
2605.08797#17:paper-subarea:4,paper-subarea,2605.08797#17,2605.08797,corollary,derandomization; fine-grained,"For every finite field F _q , there exists constants 0<s<c<1 and C > 0 such that unless ETH is false, any algorithm for gapmaxlinq with n variables and m ≤ Cn equations must take 2^ δ n time for some δ > 0 .

[MASK]",derandomization; fine-grained
2605.09648#3:bound-cloze:1,bound-cloze,2605.09648#3,2605.09648,definition,derandomization; space-complexity,"We define the class catalytic logspace as upshape sffamily CL xspace xspace coloneqq cup_ k ∈ N upshape sffamily C xspace upshape sffamily SPACE xspace (k log n,[MASK]) We will also use the suffix upshape sffamily P xspace to impose an additional constraint to run in polynomial time, i.e. upshape sffamily CL xspace xspace upshape sffamily P xspace coloneqq cup_ k ∈ N upshape sffamily C xspace TIME upshape sffamily SPACE xspace (n^k,k log n,n^k) where upshape sffamily C xspace TIME upshape sffamily SPACE xspace (t,s,c) is defined as upshape sffamily C xspace upshape sffamily SPACE xspace (s,c) machines which always halt in time t .",n^k
2605.09648#7:bound-cloze:2,bound-cloze,2605.09648#7,2605.09648,lemma,derandomization; space-complexity,"If e ≤ c^ 1-Ω(1) , then upshape sffamily L xspace upshape sffamily C xspace upshape sffamily SPACE xspace ([MASK],Θ(c),e) = upshape sffamily C xspace upshape sffamily SPACE xspace (Θ(s +e log c ),Θ(c)) and analogous results hold for upshape sffamily BP xspace upshape sffamily C xspace upshape sffamily SPACE xspace (s,c) , upshape sffamily C xspace upshape sffamily SPACE xspace (s,c) upshape sffamily P xspace , and upshape sffamily BP xspace upshape sffamily C xspace upshape sffamily SPACE xspace (s,c) upshape sffamily P xspace .",Θ(s)
2605.09648#11:bound-cloze:3,bound-cloze,2605.09648#11,2605.09648,lemma,derandomization; space-complexity,"Let \( M \) be a deterministic catalytic machine that utilizes \( s \) bits of work space and \( c \) bits of catalytic space. We have the following catalytic subroutines, which use extra \( [MASK] \) bits of work space bf sc Next . Given le π,u rangle on catalytic tape and work tape, this subroutine replaces le π,u rangle with le π',u' rangle , which is the next vertex in (cyclic) pre-order traversal of G_ M,x (le π,u rangle ) . bf sc StepBack . Given le π,u rangle on catalytic tape and work tape, this subroutine replaces le π,u rangle with le π',u' rangle , which is the previous vertex in pre-order traversal of G_ M,x (le π,u rangle ) . bf sc Size . Given le π,u rangle on catalytic tape and work tape, and an integer S ≤ 2^ O(s) , this subroutine checks whether G_ M,x (le π,u rangle ) is of size at most S . It returns the content of le π,u rangle unchanged. The procedure bf sc Size runs in time 2^ O(s) , and the procedures bf sc Next and bf sc StepBack run in time 2^ O(s) · D where D is the depth of G_ M,x (le π,u rangle ) .",O(s)
2605.09648#15:paper-subarea:1,paper-subarea,2605.09648#15,2605.09648,theorem,derandomization; space-complexity,"Let δ, ε be constants such that δ > 2ε . Then upshape sffamily BP xspace ^ ε upshape sffamily C xspace ^ δ upshape sffamily SPACE xspace (s,c) xspace = SPACE ( poly (s,c))

[MASK]",derandomization; space-complexity
2605.09648#16:paper-subarea:2,paper-subarea,2605.09648#16,2605.09648,corollary,derandomization; space-complexity,"Let δ, ε be constants such that δ > 2ε . Then upshape sffamily BP xspace ^ ε upshape sffamily C xspace ^ δ upshape sffamily L xspace xspace = PSPACE

[MASK]",derandomization; space-complexity
2605.09648#17:paper-subarea:3,paper-subarea,2605.09648#17,2605.09648,theorem,derandomization; space-complexity,"Let δ, ε be constants such that δ > 2ε . Then upshape sffamily BP xspace ^ ε upshape sffamily C xspace ^ δ upshape sffamily L xspace xspace upshape sffamily P xspace = BPP

[MASK]",derandomization; space-complexity
2605.09648#18:paper-subarea:4,paper-subarea,2605.09648#18,2605.09648,theorem,derandomization; space-complexity,"Let ε,δ be constants such that δ < 2ε <1 . Then upshape sffamily BP xspace ^ ε upshape sffamily C xspace ^ δ upshape sffamily L xspace xspace _ upshape sffamily low xspace upshape sffamily P xspace = upshape sffamily CL xspace xspace

[MASK]",derandomization; space-complexity
2605.09648#21:bound-cloze:4,bound-cloze,2605.09648#21,2605.09648,lemma,derandomization; space-complexity,Let the size of a τ^ β -graph be defined as the number of vertices in it (excluding perp ). Then the average (over τ ) size of a τ^ β -graph is at most [MASK] .,2^ 4s
2605.09814#1:bound-cloze:1,bound-cloze,2605.09814#1,2605.09814,theorem,space-complexity,"Let ε_0 > 0 be a sufficiently small constant. Any randomized streaming algorithm that returns a (1-ε) -approximate maximum cut in a graph with n vertices with probability at least 0.51 , where ε(n) ∈ [[MASK], ε_0] , requires Ω(ε^ -2 n log (n ε^2)) bits of space.",ω(1/ sqrt n )
2605.09814#1:paper-subarea:1,paper-subarea,2605.09814#1,2605.09814,theorem,space-complexity,"Let ε_0 > 0 be a sufficiently small constant. Any randomized streaming algorithm that returns a (1-ε) -approximate maximum cut in a graph with n vertices with probability at least 0.51 , where ε(n) ∈ [ω(1/ sqrt n ), ε_0] , requires Ω(ε^ -2 n log (n ε^2)) bits of space.

[MASK]",space-complexity
2605.09814#2:bound-cloze:2,bound-cloze,2605.09814#2,2605.09814,theorem,space-complexity,"For constant ε > 0 , any randomized streaming algorithm that returns a (1-ε) -approximate maximum cut in a graph with n vertices and m =[MASK] edges with probability at least 2/3 requires Ω(n) bits of working space.",Θ(n^2)
2605.09814#2:paper-subarea:2,paper-subarea,2605.09814#2,2605.09814,theorem,space-complexity,"For constant ε > 0 , any randomized streaming algorithm that returns a (1-ε) -approximate maximum cut in a graph with n vertices and m =Θ(n^2) edges with probability at least 2/3 requires Ω(n) bits of working space.

[MASK]",space-complexity
2605.09814#3:bound-cloze:3,bound-cloze,2605.09814#3,2605.09814,theorem,space-complexity,"For constant ε > 0 , any deterministic streaming algorithm which returns a (1pm ε) -approximation to the maximum cut value of a graph with n vertices requires [MASK] bits of space.",Ω(ε^ -2 n log n)
2605.09814#3:paper-subarea:3,paper-subarea,2605.09814#3,2605.09814,theorem,space-complexity,"For constant ε > 0 , any deterministic streaming algorithm which returns a (1pm ε) -approximation to the maximum cut value of a graph with n vertices requires Ω(ε^ -2 n log n) bits of space.

[MASK]",space-complexity
2605.09814#6:bound-cloze:4,bound-cloze,2605.09814#6,2605.09814,lemma,space-complexity,"In any one-way protocol for sc Identity with constant success probability, Alice must send Bob [MASK] bits of information.",Ω( log |F|)
2605.09814#17:paper-subarea:4,paper-subarea,2605.09814#17,2605.09814,theorem,space-complexity,"There exists an insertion-only randomized streaming algorithm which, given an undirected graph G = (V, E) on n vertices and m ≥ α n^2 edges and ε ∈ (0,1) , outputs x : V → {0,1} which has val _ G parens * x ≥ (1-ε) · opt _ G in O(frac n ε^2α^2 ) bits of space with probability at least 2/3 .

[MASK]",space-complexity
2605.09872#1:paper-subarea:1,paper-subarea,2605.09872#1,2605.09872,theorem,hardness-of-approximation; interactive-proofs,"Even if any poly (n) bits of communication is allowed between the provers, there exists a two-prover one-round MIP protocol for NEXP .

[MASK]",hardness-of-approximation; interactive-proofs
2605.09872#2:paper-subarea:2,paper-subarea,2605.09872#2,2605.09872,theorem,hardness-of-approximation; interactive-proofs,"Even if any poly (n) bits of communication is allowed between the provers, there exists a two-prover one-round MIP ^* protocol for RE .

[MASK]",hardness-of-approximation; interactive-proofs
2605.09872#3:bound-cloze:1,bound-cloze,2605.09872#3,2605.09872,theorem,hardness-of-approximation; interactive-proofs,"There exists a two-prover one-round MIP protocol for NP where the question size is 2 log n + [MASK] , the answer size is O(1) , and the system is sound against O(1) bits of one-way leakage.",O( log log n)
2605.09872#3:paper-subarea:3,paper-subarea,2605.09872#3,2605.09872,theorem,hardness-of-approximation; interactive-proofs,"There exists a two-prover one-round MIP protocol for NP where the question size is 2 log n + O( log log n) , the answer size is O(1) , and the system is sound against O(1) bits of one-way leakage.

[MASK]",hardness-of-approximation; interactive-proofs
2605.09872#4:bound-cloze:2,bound-cloze,2605.09872#4,2605.09872,theorem,hardness-of-approximation; interactive-proofs,"For any positive constant ell , there exists a two-prover one-round MIP protocol allowing ell log n bits of one-way leakage for NP where the question size is [MASK] , the answer size is log n · poly ( log log n) , and the system has soundness 1-1/ poly ( log log n) .",O( log n)
2605.09872#4:paper-subarea:4,paper-subarea,2605.09872#4,2605.09872,theorem,hardness-of-approximation; interactive-proofs,"For any positive constant ell , there exists a two-prover one-round MIP protocol allowing ell log n bits of one-way leakage for NP where the question size is O( log n) , the answer size is log n · poly ( log log n) , and the system has soundness 1-1/ poly ( log log n) .

[MASK]",hardness-of-approximation; interactive-proofs
2605.09872#18:bound-cloze:3,bound-cloze,2605.09872#18,2605.09872,lemma,hardness-of-approximation; interactive-proofs,"Every language in NP has a PCP verifier that tosses [MASK] random bits, makes ( log log n)^ O(1) queries into a proof over an alphabet Σ of size |Σ|=n^ 1/( log log n)^ O(1) , has perfect completeness and soundness error 1/ poly (n) .",O( log n)
2605.09872#27:bound-cloze:4,bound-cloze,2605.09872#27,2605.09872,lemma,hardness-of-approximation; interactive-proofs,"Let G be a non-local game such that ω_c(G) = 1-ε for a constant ε>0 and the answer size is constant. Let P be a public-coin 2 -way classical communication protocol for G^ ⊗ N and suppose that the communication amount of P is cN for a sufficiently small constant c>0 . Then, the success probability of P is at most 2^ -[MASK] .",Ω(N)
2605.09872#28:relation-cloze:1,relation-cloze,2605.09872#28,2605.09872,theorem,hardness-of-approximation; interactive-proofs,"For any ell ∈ N such that ell ≤ poly (n) , \[ MIP [O(ell log n),O(ell ),ell ] [MASK] NP enspace . \]",⊇
2605.09872#29:relation-cloze:2,relation-cloze,2605.09872#29,2605.09872,theorem,hardness-of-approximation; interactive-proofs,"For any ell ∈ N such that ell ≤ poly (n) , \[ MIP [O(ell ) · poly (n),O(ell ),ell ] [MASK] NEXP enspace . \]",⊇
2605.10010#2:paper-subarea:1,paper-subarea,2605.10010#2,2605.10010,theorem,hardness-of-approximation,"Fix any finite group G and S ⊆ G . Let H_S is the smallest normal subgroup such that [G,G] ⊆ H_S S ⊆ gH_S for some g ∈ G , i.e., S is a subset of some coset of H_S . then the problem Max-E k -LIN _ S (G) is approximable within a factor of frac |S| |H_S| on satisfiable instances. Furthermore, if S^ -1 S generates H_S , assuming P ≠ NP , for every ε>0 , it is NP -hard to approximate Max-E k -LIN _ S (G) within a factor of frac |S| |H_S| +ε .

[MASK]",hardness-of-approximation
2605.10010#4:bound-cloze:1,bound-cloze,2605.10010#4,2605.10010,theorem,hardness-of-approximation,"For every r ∈ N , there is a deterministic [MASK] -time reduction from a 3 - SAT\ instance of size n to an instance Ψ=(U,V,E,[L],[R], {π_e}_ e ∈ E ) of Label Cover \ with the following properties: |U|,|V| leqslant n^ O(r) ; L,R leqslant 2^ O(r) ; Ψ is bi-regular with degrees bounded by 2^ O(r) . YES Case : If the 3 - SAT\ instance is satisfiable, then Ψ is satisfiable. NO Case : If the 3 - SAT\ instance is unsatisfiable, then Ψ is at most 2^ -r -satisfiable.",n^ O(r)
2605.10010#4:paper-subarea:2,paper-subarea,2605.10010#4,2605.10010,theorem,hardness-of-approximation,"For every r ∈ N , there is a deterministic n^ O(r) -time reduction from a 3 - SAT\ instance of size n to an instance Ψ=(U,V,E,[L],[R], {π_e}_ e ∈ E ) of Label Cover \ with the following properties: |U|,|V| leqslant n^ O(r) ; L,R leqslant 2^ O(r) ; Ψ is bi-regular with degrees bounded by 2^ O(r) . YES Case : If the 3 - SAT\ instance is satisfiable, then Ψ is satisfiable. NO Case : If the 3 - SAT\ instance is unsatisfiable, then Ψ is at most 2^ -r -satisfiable.

[MASK]",hardness-of-approximation
2605.10010#6:paper-subarea:3,paper-subarea,2605.10010#6,2605.10010,theorem,hardness-of-approximation,"For any constant parameters T ≥ 2 , r ∈ Z , the following problem is NP-hard. Given an T - Layered Label Cover \ instance H =( V ={V_ 1 ,...,V_ T },{Π_ i,j }_ 1 ≤ i<j ≤ T ,{[R_ t ]}_ t ∈ [T] ) where all variable ranges R_ t are of size 2^ O(Tr) , distinguish between the following two cases: bf Completeness. There is an assignment satisfying all the constraints of the Label Cover instance. In this case, we say that H is fully satisfiable. bf Soundness. For every 1 ≤ i<j ≤ T , no assignment satisfies more than a 2^ -r fraction of the set of constraints Π_ i,j between layers i and j . In this case, we say that H is at most 2^ -r -satisfiable.

[MASK]",hardness-of-approximation
2605.10010#35:bound-cloze:2,bound-cloze,2605.10010#35,2605.10010,claim,hardness-of-approximation,There exists some constant ε_G>0 that depends only on |G| such that |mathop E _ s ∈ S [β([MASK] )]| leqslant 1-ε_G for any β ∉ widehat G/H_S such that dim (β) = 1 .,s^ -1
2605.10010#38:bound-cloze:3,bound-cloze,2605.10010#38,2605.10010,lemma,hardness-of-approximation,"Letting K:=frac 8|G|^ 10 δ^2 . If H is at most min (frac δ^2 10|G|^ 10K , frac δ^2 2|G|^ 20 ) -satisfiable, then |mathop E _ 1leqslant t<t'leqslant T [mathop E _ π_ uv ∈ Π_ t,t' [mathop E _ x , y , z [χ_ρ(A_v( x ) relsize -3 bullet A_u( y ) relsize -3 bullet A_u( z ) relsize -3 bullet [MASK] )] ] ] |leqslant frac δ |G|^ 3 .",s^ -1
2605.10056#4:bound-cloze:1,bound-cloze,2605.10056#4,2605.10056,lemma,average-case,"For integers n ≥ 1 and 0 ≤ k ≤ n , let B_q(k,n) denote the number of vectors in F _q^n of Hamming weight at most k then, \[ q^ nH_q(ρ) -[MASK] ≤ B_q( ρ n,n) ≤ q^ nH_q(ρ) , qquad for ρ ∈ [0,1-1/q]. \]",o(n)
2605.10056#13:bound-cloze:2,bound-cloze,2605.10056#13,2605.10056,corollary,average-case,"For integers n ≥ s ≥ 1 , the binomial coefficient satisfies, \[ frac 1 sqrt 8s(1-tfrac s n ) · frac [MASK] s^s (n-s)^ n-s ≤ binom n s ≤ frac 1 sqrt 2π s(1-tfrac s n ) · frac n^n s^s (n-s)^ n-s . \]",n^n
2605.10056#13:paper-subarea:1,paper-subarea,2605.10056#13,2605.10056,corollary,average-case,"For integers n ≥ s ≥ 1 , the binomial coefficient satisfies, \[ frac 1 sqrt 8s(1-tfrac s n ) · frac n^n s^s (n-s)^ n-s ≤ binom n s ≤ frac 1 sqrt 2π s(1-tfrac s n ) · frac n^n s^s (n-s)^ n-s . \]

[MASK]",average-case
2605.10056#14:bound-cloze:3,bound-cloze,2605.10056#14,2605.10056,definition,average-case,"For a uniformly random secret mathchoice boldmath s boldmath styles boldmath scriptstyles boldmath scriptscriptstyles F _[MASK] , we are given oracle access to m samples of the form (mathchoice boldmath a boldmath stylea boldmath scriptstylea boldmath scriptscriptstylea ,b) , where mathchoice boldmath a boldmath stylea boldmath scriptstylea boldmath scriptscriptstylea is uniform in F _2^n and b = le mathchoice boldmath a boldmath stylea boldmath scriptstylea boldmath scriptscriptstylea , mathchoice boldmath s boldmath styles boldmath scriptstyles boldmath scriptscriptstyles rangle + e with e Ber (η) . The goal of the problem is to recover the secret mathchoice boldmath s boldmath styles boldmath scriptstyles boldmath scriptscriptstyles using these m samples.",2^n
2605.10056#16:bound-cloze:4,bound-cloze,2605.10056#16,2605.10056,definition,average-case,"For a secret mathchoice boldmath s boldmath styles boldmath scriptstyles boldmath scriptscriptstyles F _[MASK] , we are given oracle access to m samples (mathchoice boldmath a boldmath stylea boldmath scriptstylea boldmath scriptscriptstylea ,b) , where mathchoice boldmath a boldmath stylea boldmath scriptstylea boldmath scriptscriptstylea binom [n] σ uniformly and b = le mathchoice boldmath a boldmath stylea boldmath scriptstylea boldmath scriptscriptstylea , mathchoice boldmath s boldmath styles boldmath scriptstyles boldmath scriptscriptstyles rangle ⊕ e with e Ber (η) . The goal of the problem is to recover the secret mathchoice boldmath s boldmath styles boldmath scriptstyles boldmath scriptscriptstyles using these m samples.",2^n
2605.10056#22:paper-subarea:2,paper-subarea,2605.10056#22,2605.10056,corollary,average-case,"For η <dfrac 1 4 (1-1/q) and m> (frac 2 1-H_q(4η) ) · n , the LPN _ q,η,n,m sample (mathchoice boldmath A boldmath styleA boldmath scriptstyleA boldmath scriptscriptstyleA ,mathchoice boldmath b boldmath styleb boldmath scriptstyleb boldmath scriptscriptstyleb = mathchoice boldmath A boldmath styleA boldmath scriptstyleA boldmath scriptscriptstyleA · mathchoice boldmath s boldmath styles boldmath scriptstyles boldmath scriptscriptstyles + mathchoice boldmath e boldmath stylee boldmath scriptstylee boldmath scriptscriptstylee ) is such that, only the secret vector mathchoice boldmath v boldmath stylev boldmath scriptstylev boldmath scriptscriptstylev =mathchoice boldmath s boldmath styles boldmath scriptstyles boldmath scriptscriptstyles satisfies norm mathchoice boldmath b boldmath styleb boldmath scriptstyleb boldmath scriptscriptstyleb -mathchoice boldmath A boldmath styleA boldmath scriptstyleA boldmath scriptscriptstyleA mathchoice boldmath v boldmath stylev boldmath scriptstylev boldmath scriptscriptstylev _0 ≤ 2η · m , with probability 1 - q^ -n - e^ -η m /3 .

[MASK]",average-case
2605.10056#30:paper-subarea:3,paper-subarea,2605.10056#30,2605.10056,theorem,average-case,"Let m, n, k be positive integers with m> (frac 2 (1-H_q(4 η)) ) · n . Let ε> 0 , δ > q^ -Ω(n) , η ∈ (0,1/8) , and let frac 192 δ · log (frac 8 ε )< k <frac ε 8 · min (q^ n ,e^ η m /3 ) . There is a poly (n, k, 1/δ, 1/ε) -time reduction that, given an oracle that succeeds with probability ε for LPN _ q, ( 1-(1-η)^k ),kn,m , solves LPN _ q,η, n, m with probability 1 - δ .

[MASK]",average-case
2605.10056#32:paper-subarea:4,paper-subarea,2605.10056#32,2605.10056,corollary,average-case,"Let m, n, k be positive integers with m> (frac 2 (1-H_2(4 η)) ) · n . Let ε> 0 , δ > 2^ -Ω(n) , η ∈ (0,1/8) , and let frac 192 δ · log (frac 8 ε )< k <frac ε 8 · min (2^ n ,e^ η m /3 ) . There is a poly (n, k, 1/δ, 1/ε) -time reduction that, given an oracle that solves LPN _ frac 1-(1-2η)^k 2 , nk, m with success probability ε , solves LPN _ η,n,m with probability 1 - δ .

[MASK]",average-case
2605.10941#1:bound-cloze:1,bound-cloze,2605.10941#1,2605.10941,theorem,average-case; communication-complexity; proof-complexity,"For N -vertex graphs G sampled from the ErdH o s-R\' e nyixspace distribution with appropriate edge density, any cutting planes refutation of the binary-encoded clique formula must have length at least 2^ [MASK] .",N^ Ω(1)
2605.10941#1:paper-subarea:1,paper-subarea,2605.10941#1,2605.10941,theorem,average-case; communication-complexity; proof-complexity,"For N -vertex graphs G sampled from the ErdH o s-R\' e nyixspace distribution with appropriate edge density, any cutting planes refutation of the binary-encoded clique formula must have length at least 2^ N^ Ω(1) .

[MASK]",average-case; communication-complexity; proof-complexity
2605.10941#2:bound-cloze:2,bound-cloze,2605.10941#2,2605.10941,theorem,average-case; communication-complexity; proof-complexity,"For N -vertex graphs G sampled from the ErdH o s-R\' e nyixspace distribution with appropriate edge density, any rm Res ( ⊕ ) refutation of the binary-encoded clique formula in depth [MASK] , where m is the number of variables in the formula, must have length at least 2^ N^ Ω(1) .",m^ 1.5-ε
2605.10941#2:paper-subarea:2,paper-subarea,2605.10941#2,2605.10941,theorem,average-case; communication-complexity; proof-complexity,"For N -vertex graphs G sampled from the ErdH o s-R\' e nyixspace distribution with appropriate edge density, any rm Res ( ⊕ ) refutation of the binary-encoded clique formula in depth m^ 1.5-ε , where m is the number of variables in the formula, must have length at least 2^ N^ Ω(1) .

[MASK]",average-case; communication-complexity; proof-complexity
2605.10941#3:bound-cloze:3,bound-cloze,2605.10941#3,2605.10941,theorem,average-case; communication-complexity; proof-complexity,"For N -vertex graphs G sampled from the ErdH o s-R\' e nyixspace distribution with appropriate edge density, the randomized communication cost of finding a falsified clause in the binary-encoded clique formula is [MASK] .",N^ Ω(1)
2605.10941#3:paper-subarea:3,paper-subarea,2605.10941#3,2605.10941,theorem,average-case; communication-complexity; proof-complexity,"For N -vertex graphs G sampled from the ErdH o s-R\' e nyixspace distribution with appropriate edge density, the randomized communication cost of finding a falsified clause in the binary-encoded clique formula is N^ Ω(1) .

[MASK]",average-case; communication-complexity; proof-complexity
2605.10941#6:bound-cloze:4,bound-cloze,2605.10941#6,2605.10941,problem,average-case; communication-complexity; proof-complexity,Suppose that Π is a deterministic communication protocol with a sc Greater Than oracle. Can Π solve k -sf Clique xspace for ErdH o s-R\' e nyixspace graphs of constant sparsity with [MASK] cost?,O( log n)
2605.10941#7:paper-subarea:4,paper-subarea,2605.10941#7,2605.10941,theorem,average-case; communication-complexity; proof-complexity,"Let bm X_1, ... ,bm X_n be independent {0,1} -valued random variables, and let bm X = Σ _ i=1 ^n bm X_i , μ = E [bm X]. Then, for 0 ≤ δ ≤ 1 , Pr [bm X ≥ (1+δ)μ ] ≤ exp (-frac μ δ^2 3 ), Pr [bm X ≤ (1-δ)μ ] ≤ exp (-frac μ δ^2 2 ).

[MASK]",average-case; communication-complexity; proof-complexity
2605.14007#1:bound-cloze:1,bound-cloze,2605.14007#1,2605.14007,theorem,parameterized,"For every non-trivial symmetric Boolean predicate R , the following hold. If R has arity at most 4 , then the asymptotic growth of NRD _ n (R) is determined exactly. If R has arity 5 , then the asymptotic growth of NRD _ n (R) is determined exactly for all predicates except, up to bit-flip symmetry, Bit-flip symmetry identifies R ⊆ {0,1}^r with overline R:={1-x:x ∈ R} . For symmetric predicates, this sends W to r-W:={r-w:w ∈ W} and preserves NRD xspace _n . See Cref sec:prelims . the two predicates R_ 023 and R_ 124 with W (R_ 023 ) ={0,2,3} and W (R_ 124 ) ={1,2,4} . For each R ∈ {R_ 023 ,R_ 124 } , we obtain [MASK] ≤ NRD _ n (R) ≤ O(n^3) .",Ω(n^2)
2605.14007#1:paper-subarea:1,paper-subarea,2605.14007#1,2605.14007,theorem,parameterized,"For every non-trivial symmetric Boolean predicate R , the following hold. If R has arity at most 4 , then the asymptotic growth of NRD _ n (R) is determined exactly. If R has arity 5 , then the asymptotic growth of NRD _ n (R) is determined exactly for all predicates except, up to bit-flip symmetry, Bit-flip symmetry identifies R ⊆ {0,1}^r with overline R:={1-x:x ∈ R} . For symmetric predicates, this sends W to r-W:={r-w:w ∈ W} and preserves NRD xspace _n . See Cref sec:prelims . the two predicates R_ 023 and R_ 124 with W (R_ 023 ) ={0,2,3} and W (R_ 124 ) ={1,2,4} . For each R ∈ {R_ 023 ,R_ 124 } , we obtain Ω(n^2) ≤ NRD _ n (R) ≤ O(n^3) .

[MASK]",parameterized
2605.14007#2:bound-cloze:2,bound-cloze,2605.14007#2,2605.14007,theorem,parameterized,"theorem infupper Let R ⊆ {0,1}^r and let t ≥ 1 . Then R is t -balanced if and only if every falsifying tuple f ∉ R is captured by a multilinear polynomial of degree at most t over some commutative ring with identity. Consequently, every n -variable instance of CSP xspace (R) has an equivalent subinstance with [MASK] constraints, and hence NRD _ n (R) =O(n^t) .",O(n^t)
2605.14007#2:paper-subarea:2,paper-subarea,2605.14007#2,2605.14007,theorem,parameterized,"theorem infupper Let R ⊆ {0,1}^r and let t ≥ 1 . Then R is t -balanced if and only if every falsifying tuple f ∉ R is captured by a multilinear polynomial of degree at most t over some commutative ring with identity. Consequently, every n -variable instance of CSP xspace (R) has an equivalent subinstance with O(n^t) constraints, and hence NRD _ n (R) =O(n^t) .

[MASK]",parameterized
2605.14007#5:bound-cloze:3,bound-cloze,2605.14007#5,2605.14007,example,parameterized,"The predicate NAE _3 defines OR xspace _2 after pinning one coordinate to 0 : the constraint { NAE _3,(x,y,0)} is false exactly on (x,y)=(0,0) and true otherwise. Thus it behaves as { OR xspace _2,(x,y)} . Since OR xspace _2 has non-redundant instances of size [MASK] , this gives an Ω(n^2) lower bound.",Ω(n^2)
2605.14007#6:bound-cloze:4,bound-cloze,2605.14007#6,2605.14007,theorem,parameterized,"Let R ⊆ {0,1} ^r and let 2 ≤ k ≤ r . If OR xspace _k ∈ le Rrangle _ fg , then NRD _ n (R) =[MASK] .",Ω(n^k)
2605.14007#6:paper-subarea:3,paper-subarea,2605.14007#6,2605.14007,theorem,parameterized,"Let R ⊆ {0,1} ^r and let 2 ≤ k ≤ r . If OR xspace _k ∈ le Rrangle _ fg , then NRD _ n (R) =Ω(n^k) .

[MASK]",parameterized
2605.14007#15:paper-subarea:4,paper-subarea,2605.14007#15,2605.14007,theorem,parameterized,"Let R ⊆ {0,1} ^r be a fixed Boolean relation. Suppose that for every u ∈ {0,1} ^r \ R , there exists a ring E_u which is either Q or a Z /q_u Z for some q_u ∈ N _ >1 and a polynomial p_u over E_u of degree at most t such that p_u captures u with respect to R . Then there exists a polynomial-time algorithm that, given a set of R -constraints on n variables, outputs an equivalent subset of O(n^t) constraints.

[MASK]",parameterized
2605.19055#2:paper-subarea:1,paper-subarea,2605.19055#2,2605.19055,theorem,parameterized,"Assume that P is an I -substructure of Q and that CSP (P) has an infinite family of (|E|^ ε , I) - shrinking instances . Then, NRD (Q, n) = Ω(n^ frac 1 1-ε ) .

[MASK]",parameterized
2605.19055#12:paper-subarea:2,paper-subarea,2605.19055#12,2605.19055,theorem,parameterized,"Consider predicates P ⊊ Q ⊆ D_1^ r_1 and R ⊊ S ⊆ D_2^ r_2 . Given a sequence I = (I_1, hdots , I_ r_2 ) of subsets of [r_1] , assume that that P mid Q is an I -substructure of R mid S . Further let H_1 = (V_1, E_1), H_2 = (V_2, E_2), hdots be an infinite sequence of non-redundant instances of CSP (P mid Q) with the following properties. Assume there exists absolute constants C_1, C_2, ε > 0 (with ε < 1 ) such that the following conditions hold for all i ≥ 1 : H_i is (C_1 · |E_i|^ -ε , I) -shrinking, and 1 ≤ |E_ i+1 | / |E_ i | ≤ C_2 . Then, NRD (R mid S, n) = Ω(n^ frac 1 1-ε ), where Ω hides constant factors dependent on |E_1|, C_1, C_2, r_1,r_2, ε.

[MASK]",parameterized
2605.19055#13:bound-cloze:1,bound-cloze,2605.19055#13,2605.19055,corollary,parameterized,"Consider predicates P ⊊ Q ⊆ D_1^ r_1 and R ⊊ S ⊆ D_2^ r_2 with P,R ≠ ∅ . Given a sequence I = (I_1, hdots , I_ r_2 ) of subsets of [r_1] of size at most c , assume that that P mid Q is an I -substructure of R mid S . Assume that NRD (P mid Q, n) = [MASK] , then \[ NRD (R mid S, n) = Ω(n^ α/c ). \]",Ω(n^ α )
2605.19055#13:paper-subarea:3,paper-subarea,2605.19055#13,2605.19055,corollary,parameterized,"Consider predicates P ⊊ Q ⊆ D_1^ r_1 and R ⊊ S ⊆ D_2^ r_2 with P,R ≠ ∅ . Given a sequence I = (I_1, hdots , I_ r_2 ) of subsets of [r_1] of size at most c , assume that that P mid Q is an I -substructure of R mid S . Assume that NRD (P mid Q, n) = Ω(n^ α ) , then \[ NRD (R mid S, n) = Ω(n^ α/c ). \]

[MASK]",parameterized
2605.19055#16:bound-cloze:2,bound-cloze,2605.19055#16,2605.19055,lemma,parameterized,"For all but finitely many m , CSP (R_1 mid S_1) has non-redundant instances with m edges which are [MASK] -shrinking.",O(m^ 1/4 )
2605.19055#17:bound-cloze:3,bound-cloze,2605.19055#17,2605.19055,lemma,parameterized,"For infinitely many m , CSP (R_2 mid S_2) has non-redundant instances with m edges which are [MASK] -shrinking.",O(m^ 1/6 )
2605.19055#18:bound-cloze:4,bound-cloze,2605.19055#18,2605.19055,theorem,parameterized,"For every J ⊊ [9] such that π_J BoolBCK ^ + ≠ π_J BoolBCK , we have that NRD (π_J BoolBCK mid π_J BoolBCK ^ + , n) ≥ [MASK].",Ω(n^ 6/5 )
2605.19055#18:paper-subarea:4,paper-subarea,2605.19055#18,2605.19055,theorem,parameterized,"For every J ⊊ [9] such that π_J BoolBCK ^ + ≠ π_J BoolBCK , we have that NRD (π_J BoolBCK mid π_J BoolBCK ^ + , n) ≥ Ω(n^ 6/5 ).

[MASK]",parameterized
2605.22758#4:bound-cloze:1,bound-cloze,2605.22758#4,2605.22758,lemma,structural,"Let C be a family of postselected circuits such that every PostBQP computation of size T compiles in polynomial time into a single circuit of C on O(T) qubits with the same postselected output distribution. If every n -qubit circuit of C can be sampled classically in polynomial time within multiplicative error c(n) ≤ 2^ [MASK] for some constant 0 ≤ s < 1 , then PH ⊆ Δ_3 .",n^ s
2605.22758#7:paper-subarea:1,paper-subarea,2605.22758#7,2605.22758,theorem,structural,"For every language L ∈ PostBQP , there exists a uniform family of postselected depth- 1 QAOA circuits of interaction degree at most 3 that decides L with bounded error. Equivalently, \[ PostQAOA _1^ deg ≤ 3 = PostBQP . \] Moreover, the underlying compilation runs in polynomial time, maps a postselected circuit of size T to a circuit on O(T) qubits, and preserves the postselected output distribution exactly.

[MASK]",structural
2605.22758#9:bound-cloze:2,bound-cloze,2605.22758#9,2605.22758,corollary,structural,"If depth- 1 QAOA circuits of interaction degree at most 3 on n qubits can be sampled classically in polynomial time within multiplicative error 2^ [MASK] for some constant 0 ≤ s < 1 , then PH ⊆ Δ_3 .",n^ s
2605.22758#9:paper-subarea:2,paper-subarea,2605.22758#9,2605.22758,corollary,structural,"If depth- 1 QAOA circuits of interaction degree at most 3 on n qubits can be sampled classically in polynomial time within multiplicative error 2^ n^ s for some constant 0 ≤ s < 1 , then PH ⊆ Δ_3 .

[MASK]",structural
2605.22758#10:bound-cloze:3,bound-cloze,2605.22758#10,2605.22758,corollary,structural,"If IQP circuits of interaction degree at most 3 on n qubits can be sampled classically in polynomial time within multiplicative error 2^ [MASK] for some constant 0 ≤ s < 1 , then PH ⊆ Δ_3 .",n^ s
2605.22758#10:paper-subarea:3,paper-subarea,2605.22758#10,2605.22758,corollary,structural,"If IQP circuits of interaction degree at most 3 on n qubits can be sampled classically in polynomial time within multiplicative error 2^ n^ s for some constant 0 ≤ s < 1 , then PH ⊆ Δ_3 .

[MASK]",structural
2605.22758#14:paper-subarea:4,paper-subarea,2605.22758#14,2605.22758,theorem,structural,"For every depth- p QAOA circuit on n qubits with interaction degree at most 2 , every S ⊆ [n] , and every z_S ∈ {0,1}^ |S| , the marginal probability Pr [Z_S = z_S] can be computed deterministically in time (np)^ O(1) exp (O(p)) .

[MASK]",structural
2605.23517#1:paper-subarea:1,paper-subarea,2605.23517#1,2605.23517,theorem,hardness-of-approximation; interactive-proofs,"(PCP theorem, hardness of approximation version) There is some constant c<1 so that Gap-MAX-3 SAT _c^1 is NP-hard.

[MASK]",hardness-of-approximation; interactive-proofs
2605.23517#3:bound-cloze:1,bound-cloze,2605.23517#3,2605.23517,theorem,hardness-of-approximation; interactive-proofs,"There is some constant 0<c<1 such that, for any k ∈ N , there is a satisfiable instance of ETR-INV with n ≥ 2 variables such that any assignment satisfying at least a c fraction of constraints requires at least one variable to be set to a value that generates a field extension of degree more than [MASK] over Q .",n^k
2605.23517#3:paper-subarea:2,paper-subarea,2605.23517#3,2605.23517,theorem,hardness-of-approximation; interactive-proofs,"There is some constant 0<c<1 such that, for any k ∈ N , there is a satisfiable instance of ETR-INV with n ≥ 2 variables such that any assignment satisfying at least a c fraction of constraints requires at least one variable to be set to a value that generates a field extension of degree more than n^k over Q .

[MASK]",hardness-of-approximation; interactive-proofs
2605.23517#5:bound-cloze:2,bound-cloze,2605.23517#5,2605.23517,lemma,hardness-of-approximation; interactive-proofs,"(Step (2)) Fix constants d and λ<d . Then there is some constant η_2 such that, for each t ∈ N , given a constraint d -regular constraint graph G_1 with alphabet Σ , constraint set C and λ(G_1) ≤ λ , we can in polynomial time construct a constraint graph G_2 with alphabet Σ^ [MASK] and constraint set P ( C _ Σ ^ 2d^ t+1 ) such that: |E(G_2)|= O _t(|E(G_1)|) if UNSAT (G_1)=0 , then UNSAT (G_2)=0 UNSAT (G_2) ≥ η_2t · min ( UNSAT (G_1), frac 1t)",d^ t+1
2605.23517#8:paper-subarea:3,paper-subarea,2605.23517#8,2605.23517,corollary,hardness-of-approximation; interactive-proofs,"(Step 3) Fix n . Let G_2 be a constraint graph with alphabet [frac 12, 2]^ n and constraint set P ( C (q)_ [frac 12, 2] ^ 2n ) . If q is sufficiently small, then in polynomial time we can construct a constraint graph G_3 with alphabet [frac 12, 2]^4 and constraint set C (q)_ [frac 12, 2] ^ 8 such that: |E(G_3)|= O _n(|E(G_2)|) if UNSAT (G_2)=0 then UNSAT (G_3)=0 UNSAT (G_3) ≥ η_3 · UNSAT (G_2) , where η_3=frac 1 5000

[MASK]",hardness-of-approximation; interactive-proofs
2605.23517#14:bound-cloze:3,bound-cloze,2605.23517#14,2605.23517,lemma,hardness-of-approximation; interactive-proofs,"Let q=[MASK] for some integer k ≥ 6 . Then there is a polynomial time algorithm that, given an instance φ of MAX-ETR- C (q) , produces an instance ψ of MAX-ETR-INV such that (1266+2k)^ -1 · UNSAT (φ) ≤ UNSAT (ψ) ≤ UNSAT (φ)",2^ -k
2605.23517#26:bound-cloze:4,bound-cloze,2605.23517#26,2605.23517,lemma,hardness-of-approximation; interactive-proofs,"For any q>0 and integer k , there is an instance of ETR- C (q) that is satisfiable, but not satisfiable over A ([MASK]) , where n is the number of variables in the instance.",n^k
2605.25464#2:bound-cloze:1,bound-cloze,2605.25464#2,2605.25464,theorem,hardness-of-approximation,"Suppose that, for any λ geqslant 1 , no polynomial time algorithm solves sc GapD k S (λ) . Then, for any ε > 0 , no polynomial time algorithm approximates sc DAL k S to within a factor of (3/2 - ε) . Moreover, if we assume further that, for any λ geqslant 1 and f: N → N , no f(k) · [MASK] time algorithm solves sc GapD k S (λ) , then, for any ε > 0 , no f(k) · n^ O(1) time algorithm approximates sc DAL k S to within a factor of (3/2 - ε) .",n^ O(1)
2605.25464#2:paper-subarea:1,paper-subarea,2605.25464#2,2605.25464,theorem,hardness-of-approximation,"Suppose that, for any λ geqslant 1 , no polynomial time algorithm solves sc GapD k S (λ) . Then, for any ε > 0 , no polynomial time algorithm approximates sc DAL k S to within a factor of (3/2 - ε) . Moreover, if we assume further that, for any λ geqslant 1 and f: N → N , no f(k) · n^ O(1) time algorithm solves sc GapD k S (λ) , then, for any ε > 0 , no f(k) · n^ O(1) time algorithm approximates sc DAL k S to within a factor of (3/2 - ε) .

[MASK]",hardness-of-approximation
2605.25464#3:bound-cloze:2,bound-cloze,2605.25464#3,2605.25464,corollary,hardness-of-approximation,"Assuming Planted Clique Hypothesis, R3SAT Hypothesis, or ETH, there is no polynomial time (3/2 - ε) -approximation algorithm for sc DAL k S for any ε > 0 . Moreover, assuming Gap-ETH, for any function f: N → N , there is no f(k) · [MASK] time (3/2 - ε) -approximation algorithm for sc DAL k S for any ε > 0 .",n^ O(1)
2605.25464#3:paper-subarea:2,paper-subarea,2605.25464#3,2605.25464,corollary,hardness-of-approximation,"Assuming Planted Clique Hypothesis, R3SAT Hypothesis, or ETH, there is no polynomial time (3/2 - ε) -approximation algorithm for sc DAL k S for any ε > 0 . Moreover, assuming Gap-ETH, for any function f: N → N , there is no f(k) · n^ O(1) time (3/2 - ε) -approximation algorithm for sc DAL k S for any ε > 0 .

[MASK]",hardness-of-approximation
2605.25464#5:bound-cloze:3,bound-cloze,2605.25464#5,2605.25464,theorem,hardness-of-approximation,"Suppose that, for any δ > 0 and any t ∈ N , no polynomial time algorithm solves sc PolyGapD k S (δ, t) . Then, for any ε > 0 , no polynomial time algorithm approximates sc DAL k S to within a factor of (2 - ε) . Moreover, if we assume further that, for any δ > 0, t ∈ N and f: N → N , no f(k) · [MASK] time algorithm solves sc PolyGapD k S (δ, t) , then, for any ε > 0 , no f(k) · n^ O(1) time algorithm approximates sc DAL k S to within a factor of (2 - ε) .",n^ O(1)
2605.25464#5:paper-subarea:3,paper-subarea,2605.25464#5,2605.25464,theorem,hardness-of-approximation,"Suppose that, for any δ > 0 and any t ∈ N , no polynomial time algorithm solves sc PolyGapD k S (δ, t) . Then, for any ε > 0 , no polynomial time algorithm approximates sc DAL k S to within a factor of (2 - ε) . Moreover, if we assume further that, for any δ > 0, t ∈ N and f: N → N , no f(k) · n^ O(1) time algorithm solves sc PolyGapD k S (δ, t) , then, for any ε > 0 , no f(k) · n^ O(1) time algorithm approximates sc DAL k S to within a factor of (2 - ε) .

[MASK]",hardness-of-approximation
2605.25464#6:bound-cloze:4,bound-cloze,2605.25464#6,2605.25464,corollary,hardness-of-approximation,"Assuming Strongish Planted Clique Hypothesis, for any function f: N → N , there is no f(k) · [MASK] time (2 - ε) -approximation algorithm for sc DAL k S for any ε > 0 .",n^ O(1)
2605.25464#6:paper-subarea:4,paper-subarea,2605.25464#6,2605.25464,corollary,hardness-of-approximation,"Assuming Strongish Planted Clique Hypothesis, for any function f: N → N , there is no f(k) · n^ O(1) time (2 - ε) -approximation algorithm for sc DAL k S for any ε > 0 .

[MASK]",hardness-of-approximation
2605.27098#1:paper-subarea:1,paper-subarea,2605.27098#1,2605.27098,theorem,hardness-of-approximation,"theorem thmnash For any constant ε > 0 , assuming the unique games conjecture, it is NP-hard to approximate the max Nash welfare by a factor better than sqrt [3] frac 81 65 - ε ≈ 1.0761 when agents have additive valuations.

[MASK]",hardness-of-approximation
2605.27098#2:paper-subarea:2,paper-subarea,2605.27098#2,2605.27098,theorem,hardness-of-approximation,"theorem thmbudget For any constant ε > 0 , assuming the unique games conjecture, it is NP-hard to approximate the max budgeted allocation by a factor better than frac 243 227 - ε ≈ 1.07 when agents have additive valuations.

[MASK]",hardness-of-approximation
2605.27098#3:paper-subarea:3,paper-subarea,2605.27098#3,2605.27098,theorem,hardness-of-approximation,"theorem thmgap For any constant ε > 0 , assuming the unique games conjecture, it is NP-hard to approximate the max generalized assignment problem by a factor better than frac 145 129 - ε ≈ 1.124 when agents have additive valuations.

[MASK]",hardness-of-approximation
2605.27098#10:paper-subarea:4,paper-subarea,2605.27098#10,2605.27098,theorem,hardness-of-approximation,"( ) For any positive integers q and k , let ([q]^k_0, η) be a probability space such that η is pairwise independent and balanced, and For all w ∈ [q]^k_0 , η(w) ≥ α > 0 for some constant α . Then, for all ε > 0 , there exists a τ > 0 and d > 0 such that the following holds for all positive integers R . Let f_1, f_2, ... , f_k be functions such that f_j: [q]^R_0 → [0, 1] and for all i ∈ [R] , Inf xspace _i^ ≤ d (f_j) ≤ τ , then | E _ w^1, ... , w^R [ Π _ j = 1 ^k f_j(w^1_ j , ... , w^R_ j ) ] - Π _ j = 1 ^k ( E _ w^1, ... , w^R [f_j(w^1_ j , ... , w^R_ j ) ] ) | ≤ ε. Here, each w^i is independent and distributed according to the probability space ([q]^k_0, η) .

[MASK]",hardness-of-approximation
2606.00951#7:paper-subarea:1,paper-subarea,2606.00951#7,2606.00951,theorem,total-search,"Assuming Conjecture , finding an ε -HZ equilibrium is PPAD-hard for some constant ε>0 .

[MASK]",total-search
2606.00951#16:bound-cloze:1,bound-cloze,2606.00951#16,2606.00951,lemma,total-search,"Let k_v be the fraction of vertices v such that p(G_ v,3 ) ≥ f(m) . Let k_e be the fraction of edges e such that p(G_e) ≥ f(m) . If f(m)=[MASK] , then k_v,k_e ≤ O (frac m^5 f(m) )=O (frac 1 m^ 15 ) .",m^ 20
2606.00951#17:bound-cloze:2,bound-cloze,2606.00951#17,2606.00951,lemma,total-search,"&|B_ A ^ 1 | = O (frac [MASK] f(m) n ); & For i ∈ A \ B_ A ^ 1 , α_i=Ω (frac 1 f(m) )",m^5
2606.00951#19:paper-subarea:2,paper-subarea,2606.00951#19,2606.00951,corollary,total-search,"i ∈ A \ B_ A ^ 1 , Σ _ j:u_ ij >0 x_ ij p(G_j) = 1pm O(1/m^ 20 )

[MASK]",total-search
2606.00951#21:bound-cloze:3,bound-cloze,2606.00951#21,2606.00951,lemma,total-search,"Fix any ell ∈ [3] , then cup_ v: p(G_ v,ell ) ≥ 1/[MASK] x^ 0 (G_ v,ell ,A)= O (frac m^5 f(m) )n.",m^4
2606.00951#22:bound-cloze:4,bound-cloze,2606.00951#22,2606.00951,lemma,total-search,"Let k_ e ^ 0 be the fraction of edges e where x^ 0 (G_e,A)>1/m . Then k_ e ^ 0 ≤ O (frac [MASK] f(m) )=O (frac 1 m^4 ) .",m^ 16
2606.00951#33:paper-subarea:3,paper-subarea,2606.00951#33,2606.00951,theorem,total-search,"Finding an ε - it RHZ with restriction is PPAD-hard for some constant ε>0 .

[MASK]",total-search
2606.04257#1:bound-cloze:1,bound-cloze,2606.04257#1,2606.04257,definition,average-case; derandomization; meta-complexity,We write S sststile [MASK] Con _ T (n) to mean that the family ( Con _ T (n))_n has polynomial-size S -proofs. We say S simulates T when this holds.,n^ O(1)
2606.04257#2:bound-cloze:2,bound-cloze,2606.04257#2,2606.04257,theorem,average-case; derandomization; meta-complexity,"Let S ⊇ S^1_2 be sound with polynomial-time decidable axioms, and assume S sststile [MASK] Con _ S (n) . Then the following are equivalent: There is a polynomial p such that S sststile n^ O(1) Con _ S (p(n)) → Con _ S + φ (n) . S sststile n^ O(1) Con _ S + φ (n) .",n^ O(1)
2606.04257#2:paper-subarea:1,paper-subarea,2606.04257#2,2606.04257,theorem,average-case; derandomization; meta-complexity,"Let S ⊇ S^1_2 be sound with polynomial-time decidable axioms, and assume S sststile n^ O(1) Con _ S (n) . Then the following are equivalent: There is a polynomial p such that S sststile n^ O(1) Con _ S (p(n)) → Con _ S + φ (n) . S sststile n^ O(1) Con _ S + φ (n) .

[MASK]",average-case; derandomization; meta-complexity
2606.04257#3:bound-cloze:3,bound-cloze,2606.04257#3,2606.04257,theorem,average-case; derandomization; meta-complexity,"Let S ⊇ S^1_2 be finitely axiomatized and sequential, and let φ be true. If EA vdash Con _ S → Con _ S + φ , then there is a polynomial p such that S sststile [MASK] Con _ S (p(n)) → Con _ S + φ (n) . In particular, S sststile n^ O(1) Con _ S + φ (n) .",n^ O(1)
2606.04257#3:paper-subarea:2,paper-subarea,2606.04257#3,2606.04257,theorem,average-case; derandomization; meta-complexity,"Let S ⊇ S^1_2 be finitely axiomatized and sequential, and let φ be true. If EA vdash Con _ S → Con _ S + φ , then there is a polynomial p such that S sststile n^ O(1) Con _ S (p(n)) → Con _ S + φ (n) . In particular, S sststile n^ O(1) Con _ S + φ (n) .

[MASK]",average-case; derandomization; meta-complexity
2606.04257#4:bound-cloze:4,bound-cloze,2606.04257#4,2606.04257,conjecture,average-case; derandomization; meta-complexity,"Let S ⊇ S^1_2 be a sound, finitely axiomatized sequential theory, and let φ be a true sentence. If EA not vdash Con _ S → Con _ S + φ , then for every constant c > 0 , Scenternot sststile [MASK] Con _ S + φ (n) . We expect the non-simulation implications of bf HRC /bf FR , bf KH , and related conjectures to extend to sound effective theories beyond the finitely axiomatized sequential class; no corresponding biconditional characterization is claimed there.",n^c
2606.04257#7:paper-subarea:3,paper-subarea,2606.04257#7,2606.04257,theorem,average-case; derandomization; meta-complexity,"For a sound theory S ⊇ S^1_2 , the following are equivalent. There exists a true sentence φ such that, for every constant c > 0 , Scenternot sststile n^c Con _ S + φ (n) . For all sufficiently large k and every constant c > 0 , Scenternot sststile n^c Con _ S^1_2 + φ_ BB (k) (n) .

[MASK]",average-case; derandomization; meta-complexity
2606.04257#9:paper-subarea:4,paper-subarea,2606.04257#9,2606.04257,theorem,average-case; derandomization; meta-complexity,"bf HRC implies bf KH . Moreover, assume bf HRC , let S ⊇ S^1_2 be a sound, finitely axiomatized, sequential theory, and let x ∈ R hold in the standard model. If EA + Con _ S not vdash x ∈ R , then Scenternot sststile n^ O(1) Con _ S + (x ∈ R) (n) .

[MASK]",average-case; derandomization; meta-complexity
2606.05834#1:bound-cloze:1,bound-cloze,2606.05834#1,2606.05834,theorem,average-case,"Suppose there is an efficient algorithm that has non-negligible advantage in solving LPN with n variables, t samples, and noise rate n^ -α for some constant α < 1 . Then, for any constant β > 0 such that α + β < 1 , and m = [MASK] , there are efficient algorithms algS and algD such that, for any A ∈ F _2^ m × n , either algS can decode the code generated by A from random noise of rate n^ -(α+β) , or algD can distinguish noisy codewords of the dual of this code from random for noise rate n^β/m .",O(t^2n^ 2β )
2606.05834#1:paper-subarea:1,paper-subarea,2606.05834#1,2606.05834,theorem,average-case,"Suppose there is an efficient algorithm that has non-negligible advantage in solving LPN with n variables, t samples, and noise rate n^ -α for some constant α < 1 . Then, for any constant β > 0 such that α + β < 1 , and m = O(t^2n^ 2β ) , there are efficient algorithms algS and algD such that, for any A ∈ F _2^ m × n , either algS can decode the code generated by A from random noise of rate n^ -(α+β) , or algD can distinguish noisy codewords of the dual of this code from random for noise rate n^β/m .

[MASK]",average-case
2606.05834#6:paper-subarea:2,paper-subarea,2606.05834#6,2606.05834,theorem,average-case,"Consider n, m, t ∈ Z and η, θ ∈ (0,1) such that t^2θ^2m < 1 . Suppose there exists an algorithm for Search LPN with sample count t , secret dimension n , and noise parameter τ = (1 - (1-2η)^ θ · m )/2 , which runs in time T and has advantage ε . Then there exist algorithms algD and algS such that for every matrix A ∈ F _ 2 ^ m × n , at least one of the following is true: algS runs in time poly (n, m, T, (1/ε)^ log _m(m/ε) ) and decodes codewords of A from random noise such that, \[Pr _ substack s gets F _ 2 ^n e gets Ber(η)^m [algS (A, As+e) = s^prime \ and \ wt (As^prime - (As + e)) ≤ 2η m] ≥ ε/2 - o(ε). \] algD runs in time poly (n,m) + T and distinguishes a sparse combination of rows of A from a uniform string such that, \[ Pr _ c gets F _ 2 ^n [algD (A, c^T) = 1] - Pr _ r gets cW (m,θ · m) [algD (A, r^TA) = 1] ≥ ε/2t. \]

[MASK]",average-case
2606.05834#7:bound-cloze:2,bound-cloze,2606.05834#7,2606.05834,theorem,average-case,"lemma lemmaadvlarge There exists an algorithm algS that, for any A ∈ F _[MASK] such that Adv(A) ≥ ε/2 , decodes the code generated by A from random Bernoulli noise of rate η , with success probability at least ε/2-o(ε) . More precisely, \[ Pr _ substack s gets F _ 2 ^n e gets Ber(η)^m [algS (A, As+e) = s^prime \ and \ wt (As^prime - (As + e)) ≤ 2η m] ≥ ε/2 - o(ε). \] Further, algS runs in time poly (n, m, T, (1/ε)^ log _m(m/ε) ) .",2^ m × n
2606.05834#7:paper-subarea:3,paper-subarea,2606.05834#7,2606.05834,theorem,average-case,"lemma lemmaadvlarge There exists an algorithm algS that, for any A ∈ F _2^ m × n such that Adv(A) ≥ ε/2 , decodes the code generated by A from random Bernoulli noise of rate η , with success probability at least ε/2-o(ε) . More precisely, \[ Pr _ substack s gets F _ 2 ^n e gets Ber(η)^m [algS (A, As+e) = s^prime \ and \ wt (As^prime - (As + e)) ≤ 2η m] ≥ ε/2 - o(ε). \] Further, algS runs in time poly (n, m, T, (1/ε)^ log _m(m/ε) ) .

[MASK]",average-case
2606.05834#8:bound-cloze:3,bound-cloze,2606.05834#8,2606.05834,theorem,average-case,"lemma lemmaadvsmall There exists an algorithm algD that, for any A ∈ F _[MASK] such that Adv(A) < ε/2 , distinguishes between random syndromes of the code with parity check matrix A and the uniform distribution with advantage at least ε/2t . More precisely, \[ Pr _ c gets F _ 2 ^n [algD (A, c^T) = 1] - Pr _ substack r gets cW (m, θ · m) [algD (A, r^TA) = 1] ≥ ε/2t. \] Further, algD runs in time T+ poly (n,m) .",2^ m × n
2606.05834#8:paper-subarea:4,paper-subarea,2606.05834#8,2606.05834,theorem,average-case,"lemma lemmaadvsmall There exists an algorithm algD that, for any A ∈ F _2^ m × n such that Adv(A) < ε/2 , distinguishes between random syndromes of the code with parity check matrix A and the uniform distribution with advantage at least ε/2t . More precisely, \[ Pr _ c gets F _ 2 ^n [algD (A, c^T) = 1] - Pr _ substack r gets cW (m, θ · m) [algD (A, r^TA) = 1] ≥ ε/2t. \] Further, algD runs in time T+ poly (n,m) .

[MASK]",average-case
2606.05834#11:bound-cloze:4,bound-cloze,2606.05834#11,2606.05834,corollary,average-case,"Consider any polynomial t(n) ∈ Z with t(n) > n , constants α, β ∈ (0.01, 0.99) with α + β ∈ (0.01, 0.99) , and m(n) = ceil 2[MASK]^ 2β . Suppose that for every pair of PPT algorithms (algS , algD ) , there exists a negligible function negl such that, for all large enough n , there exists an F _2 -matrix A of dimension m × n for which both of these conditions are true: Pr [algS (A, As+e) = s^prime \ and \ wt (As^prime - (As + e)) ≤ 2 m/n^ α+β ] ≤ negl(n) , where s gets F _ 2 ^n , e gets Ber(n^ -(α + β) )^ m . abs Pr [algD (A, c^T) = 1] - Pr [algD (A, r^TA) = 1] ≤ negl(n) , where c gets F _ 2 ^n, r gets cW (m,n^ β ) . Then, for the Search LPN problem with sample count t(n) , secret dimension n , and noise parameter n^ -α , no PPT algorithm has non-negligible advantage.",t^2n
2606.07205#3:paper-subarea:1,paper-subarea,2606.07205#3,2606.07205,theorem,space-complexity,"Assume that r = log ^ o(1) n , log n ≤ d ≤ log ^a n for some constant a > 1 and n^ -100 < ε < n^ -c for an arbitrarily small constant c > 0 . Then the Softmax KDE problem can be solved using tilde O qty (qty (frac 1 ε )^ 1 - frac 1 a + o(1) ) memory, where tilde O ( · ) suppresses O( poly log (n)) factors. Furthermore, this bound is tight when d = Θ( log ^a n) for any constant a > 2 , i.e. there is a tilde Ω qty (min qty n, qty (frac 1 ε )^ 1 - frac 1 a - o(1) ) lower bound for the streaming space complexity.

[MASK]",space-complexity
2606.07205#4:bound-cloze:1,bound-cloze,2606.07205#4,2606.07205,theorem,space-complexity,"Assume that r^2 = [MASK] , i.e. e^ r^2 = n^ Ω(1) . Then the Softmax KDE problem can be solved using tilde O qty (frac e^ r^2(1 + o(1)) ε ) memory. Furthermore, this bound is almost tight for any d = ( log n)^ 1 + Ω(1) , i.e. there is a tilde Ω qty (min qty n, frac e^ r^2(1 - o(1)) ε ) lower bound for the streaming space complexity.",Ω( log n)
2606.07205#4:paper-subarea:2,paper-subarea,2606.07205#4,2606.07205,theorem,space-complexity,"Assume that r^2 = Ω( log n) , i.e. e^ r^2 = n^ Ω(1) . Then the Softmax KDE problem can be solved using tilde O qty (frac e^ r^2(1 + o(1)) ε ) memory. Furthermore, this bound is almost tight for any d = ( log n)^ 1 + Ω(1) , i.e. there is a tilde Ω qty (min qty n, frac e^ r^2(1 - o(1)) ε ) lower bound for the streaming space complexity.

[MASK]",space-complexity
2606.07205#6:paper-subarea:3,paper-subarea,2606.07205#6,2606.07205,theorem,space-complexity,"color orange (Boris: Softmax is flat (i.e. it is simeq frac 1 sqrt n ) in this regime r = Θ(1) .) Assume that r = Θ(1) , log n ≤ d ≤ log ^a n for some a > 1 and ε < n^ -c for any constant c > 0 . Then the problem can be solved using tilde O qty (qty (frac 1 ε )^ 1 - frac 1 a + o(1) ) memory, where tilde O ( · ) suppresses O( poly log (n)) factors. Furthermore, this bound is tight up to poly-logarithmic factors for any d ≥ log ^a n , a > 2 , i.e. there is a tilde Ω qty (min qty n, qty (frac 1 ε )^ 1 - frac 1 a + o(1) ) lower bound for communication complexity of the problem with the same o(1) = frac log log d log d in the exponent.

[MASK]",space-complexity
2606.07205#7:bound-cloze:2,bound-cloze,2606.07205#7,2606.07205,theorem,space-complexity,"Assume that d = [MASK], r^2 = Ω( log n), r^2 < frac log n 2 , i.e. e^ r^2 = n^ Ω(1) . Then there is a tilde Ω qty (min qty n, frac e^ r^2(1 - o(1)) ε ) lower bound for communication complexity of the problem . o(1) in this case is Oqty ( sqrt frac log n d ) .",ω( log n)
2606.07205#7:paper-subarea:4,paper-subarea,2606.07205#7,2606.07205,theorem,space-complexity,"Assume that d = ω( log n), r^2 = Ω( log n), r^2 < frac log n 2 , i.e. e^ r^2 = n^ Ω(1) . Then there is a tilde Ω qty (min qty n, frac e^ r^2(1 - o(1)) ε ) lower bound for communication complexity of the problem . o(1) in this case is Oqty ( sqrt frac log n d ) .

[MASK]",space-complexity
2606.07205#9:bound-cloze:3,bound-cloze,2606.07205#9,2606.07205,proposition,space-complexity,"Let f: R ^d → R be a multivariate polynomial with degree at most t . The number of monomials of f is at most d - 1 choose d - 1 + d choose d - 1 + ... + d + t - 1 choose d - 1 = d + t choose t ≤ frac (d+t)^t t! . Moreover, when d = d(t) = [MASK] , this bound is (1+o_t(1))frac d^t t! .",ω(t^2)
2606.07205#20:bound-cloze:4,bound-cloze,2606.07205#20,2606.07205,corollary,space-complexity,"For any x , the function f(s):=e^ xs-[MASK]/2 satisfies f^ (l) (s) = He _l(x-s)f(s) for all s .",s^2
2606.07453#12:paper-subarea:1,paper-subarea,2606.07453#12,2606.07453,corollary,hardness-of-approximation,"Suppose X_1 and Y_2 are not empty where X_1 and Y_1 are not consecutive (e.g. A_1 and C_2 ). Then Y_2= Y^1_2 ∪ Y^2_2 so that X_1 and Y_2^2 forms a clique and X_1 ∪ Y^1_2 is independent.

[MASK]",hardness-of-approximation
2606.07453#23:paper-subarea:2,paper-subarea,2606.07453#23,2606.07453,theorem,hardness-of-approximation,"Let H be a (P_6, C_3) -free graph consisting of a ring of 5 vertex sets V_1, ... , V_5 where every vertex lies on a 5-cycle. The size of the Minimum Odd Cycle Transversal of H is equal to the minimum size of a Vertex Cover among the five bipartite subgraphs induced by consecutive sets (V_i, V_ i+1 ) . \[ OCT(H) = min _ i=1 ^5 { τ(H[V_i ∪ V_ i+1 ]) } \] where τ(G) denotes the vertex cover number.

[MASK]",hardness-of-approximation
2606.07453#29:paper-subarea:3,paper-subarea,2606.07453#29,2606.07453,theorem,hardness-of-approximation,"The vertex set of G is partitioned into cup_ i=0 ^ k-1 V_i . Moreover, each V_i is an independent set, and edges exist only between consecutive sets V_i and V_ i+1 . Consequently, the Minimum OCT is simply the set V_i of minimum cardinality.

[MASK]",hardness-of-approximation
2606.07453#46:paper-subarea:4,paper-subarea,2606.07453#46,2606.07453,corollary,hardness-of-approximation,"The OCT problem on G reduces to breaking the odd-length macroscopic ring H . Because k-1 is odd, any valid odd cycle transversal must remove all vertices from at least one partition V_j , or sever the connections between V_j and V_ j+1 . Since V_j and V_ j+1 are independent sets, the subgraph H[V_j ∪ V_ j+1 ] is bipartite. Breaking the ring optimally is equivalent to computing the Minimum Vertex Cover for the bipartite graph H[V_j ∪ V_ j+1 ] for each j ∈ {0, ... , k-2} , and taking the global minimum. This can be computed exactly in polynomial time.

[MASK]",hardness-of-approximation
2606.09588#1:paper-subarea:1,paper-subarea,2606.09588#1,2606.09588,theorem,hardness-of-approximation; interactive-proofs; quantum-complexity,"Every language in sc QMA has a ( poly , polylog , polylog ) -qIOP. In addition, the qIOP has completeness exponentially close to 1 and the honest prover is efficient, i.e.\ it can be executed in quantum polynomial time provided it is initially given access to the right quantum witness.

[MASK]",hardness-of-approximation; interactive-proofs; quantum-complexity
2606.09588#2:bound-cloze:1,bound-cloze,2606.09588#2,2606.09588,definition,hardness-of-approximation; interactive-proofs; quantum-complexity,"Let C = ker (H) be a classical code, where H ∈ F _[MASK] is a parity-check matrix. We say that C is locally testable with soundness ρ if for all x ∈ F _2^n , it holds that \[ frac 1 m |Hx| ≥ ρ frac d_H(x, C) n , \] where |x| denotes the Hamming weight (number of nonzero coordinates) of x and d_H(x, C) denotes the Hamming distance between x and the code C .",2^ m × n
2606.09588#3:bound-cloze:2,bound-cloze,2606.09588#3,2606.09588,definition,hardness-of-approximation; interactive-proofs; quantum-complexity,"Let c ∈ Z _+ . Let C = ker (H) be a classical locally testable code, where H ∈ F _[MASK] is a parity-check matrix. Define the local tester tt T for the code C as the following procedure: Given input w ∈ F _2^n , Randomly sample i_1, ... , i_c ∈ _R [m] , Compute r = H_ i_1 vdots H_ i_c · w ∈ F _2^c, Reject if \( vee_ j ∈ [c] r_j = 1 \) (i.e., any parity constraint is violated).",2^ m × n
2606.09588#4:bound-cloze:3,bound-cloze,2606.09588#4,2606.09588,lemma,hardness-of-approximation; interactive-proofs; quantum-complexity,"Let C = ker (H) be a locally testable code with soundness ρ , where each row of H has weight at most R . Let κ > ρ . Then, there exists a code tester for C with query complexity Q such that for all x ∈ F _[MASK] , \[ Pr [ verifier rejects x] ≥ 1 - (1 - ρ · frac d_H(x, C) n )^ Q/R . \] Furthermore, there exists a code tester for C with query complexity \[ Q = R · frac κ ρ · frac log (1/ε) 1 - ε \] such that for all x ∈ F _2^n , it holds that \[ Pr [ verifier rejects x] ≥ min {κ · frac d_H(x, C) n , 1 - ε } . \]",2^n
2606.09588#7:bound-cloze:4,bound-cloze,2606.09588#7,2606.09588,definition,hardness-of-approximation; interactive-proofs; quantum-complexity,"Let e ∈ F _[MASK] and let W be a single-qubit operator. Define W(e) = W^ e_1 ⊗ W^ e_2 ⊗ ... ⊗ W^ e_n , that is, W(e) applies W at each position i where e_i = 1 and applies the identity operator otherwise.",2^n
2606.09588#16:paper-subarea:2,paper-subarea,2606.09588#16,2606.09588,theorem,hardness-of-approximation; interactive-proofs; quantum-complexity,"There exists a polynomial-time algorithm that, given an integer N (in unary), returns explicit descriptions of parity-check matrices H_X and H_Z on Θ(N) qubits such that the following properties hold: The weight of each row of H_X and H_Z is Θ(1) ; The code C = CSS (H_X, H_Z) has dimension Θ(N) and distance Θ(frac N ( log N)^3 ) ; C is a quantum locally testable code (qLTC) with soundness parameter ρ = Ω(frac 1 ( log N)^3 ) .

[MASK]",hardness-of-approximation; interactive-proofs; quantum-complexity
2606.09588#21:paper-subarea:3,paper-subarea,2606.09588#21,2606.09588,theorem,hardness-of-approximation; interactive-proofs; quantum-complexity,"There exists a constant δ_0 ∈ (0, 1) such that for all n ∈ Z ^+ and all δ < δ_0 , the language sc Circuit Value has a PCP of proximity (for circuits of size n ) with the following parameters: randomness complexity O( log n) , query complexity O(1) , perfect completeness, and soundness error 1 - Ω(δ) for proximity parameter δ .

[MASK]",hardness-of-approximation; interactive-proofs; quantum-complexity
2606.09588#31:paper-subarea:4,paper-subarea,2606.09588#31,2606.09588,theorem,hardness-of-approximation; interactive-proofs; quantum-complexity,"There exist polynomials p and q such that the problem DLH (5, 2^ -p(n) , 1/q(n)) is QMA-complete.

[MASK]",hardness-of-approximation; interactive-proofs; quantum-complexity
2606.11283#7:paper-subarea:1,paper-subarea,2606.11283#7,2606.11283,theorem,parameterized,"If there is an (ε, δ) -DP α -accurate algorithm that runs in time T for answering queries from the family F , then there is an (ε, δ) -DP O(α) -accurate algorithm for the synthetic data generation problem with running time T + O (frac log (| F |/α) α^2 ) + poly (d,| F |,2^ tw ( F ) , size ( F )) .

[MASK]",parameterized
2606.11283#9:paper-subarea:2,paper-subarea,2606.11283#9,2606.11283,theorem,parameterized,"For appropriate values of τ, m, η with m, nicefrac 1 τ ≤ poly (d,| F |,n) , Cref alg:IPMWU is α -accurate with respect to F for \[ style αlesssim (frac d nε ln (| F |dnε ) )^ 1/3 for pure-DP, and αlesssim (frac sqrt dln (1/δ) nε ln (| F |dnε ) )^ 1/2 for approximate-DP. \]

[MASK]",parameterized
2606.11283#10:paper-subarea:3,paper-subarea,2606.11283#10,2606.11283,theorem,parameterized,"For appropriate values of τ, m, η , Cref alg:IPMWU is (ε,δ) -DP, α -accurate for α as in Cref thm:implicit_pmwu_accuracy and runs in time poly (d,| F |,n,2^ tw ( F ) , size ( F )) .

[MASK]",parameterized
2606.11283#14:bound-cloze:1,bound-cloze,2606.11283#14,2606.11283,corollary,parameterized,"The residuals can be evaluated with only downward information, i.e., R_f(t,x)= {f(y): ∃ y ∈ {0,1}^ I_[MASK] , y|_ I_t =x}.",t^ downarrow
2606.11283#14:paper-subarea:4,paper-subarea,2606.11283#14,2606.11283,corollary,parameterized,"The residuals can be evaluated with only downward information, i.e., R_f(t,x)= {f(y): ∃ y ∈ {0,1}^ I_t^ downarrow , y|_ I_t =x}.

[MASK]",parameterized
2606.11283#15:bound-cloze:2,bound-cloze,2606.11283#15,2606.11283,definition,parameterized,"Let (T,{X_t}_ t ∈ V(T) ) be a tree decomposition of G( cal F ) . For t ∈ V(T) , let C_t be the set of its children. If s ∈ C_t , let Forget (s → t) triangleq X_ssmallsetminus X_t , and let Forget _[MASK] triangleq X_ t ^ downarrow smallsetminus X_t . We define its value function mathtt val as follows: for t ∈ V(T) and a consistent assignment σ=(x,u) , mathtt val [t,σ] = oplus_ y ∈ {0,1}^ I_t^ downarrow : y|_ I_t =x quad otimes_ f ∈ cal F ∩ size Forget _t^ downarrow ψ(z_f · f(y)). If σ is inconsistent, then mathtt val [t,σ]= 0 .",t^ downarrow
2606.11283#22:bound-cloze:3,bound-cloze,2606.11283#22,2606.11283,proposition,parameterized,"If cal S ⊆ [MASK] is a laminar family, then its incidence graph treewidth is at most the depth of its tree representation. This upper bound is tight in the worst case.",2^ d
2606.11283#25:bound-cloze:4,bound-cloze,2606.11283#25,2606.11283,proposition,parameterized,Suppose I_1 ≤ ... ≤ I_d . Then the family of lattice queries has treewidth [MASK] .,O( Π _ k=1 ^ d-1 I_k)
2606.13367#1:bound-cloze:1,bound-cloze,2606.13367#1,2606.13367,theorem,proof-complexity,[ cf. ] \ If a formula has an F-proof with k steps than it has a tree-like F-proof with [MASK] steps.,O(k log k)
2606.13367#1:paper-subarea:1,paper-subarea,2606.13367#1,2606.13367,theorem,proof-complexity,"[ cf. ] \ If a formula has an F-proof with k steps than it has a tree-like F-proof with O(k log k) steps.

[MASK]",proof-complexity
2606.13367#5:bound-cloze:2,bound-cloze,2606.13367#5,2606.13367,theorem,proof-complexity,"\ Assume that the equivalence C equiv D has a CF-proof with k steps. Then there are t ≤ [MASK] and circuits E_i , 0 ≤ i ≤ t , such that: E_i equiv C , all i , E_0 = C and E_t = D , E_i ≈ E_ i+1 for all i < t , |E_i| ≤ |C| + 7(i-1) , all i ≤ t .",O(k log k)
2606.13367#5:paper-subarea:2,paper-subarea,2606.13367#5,2606.13367,theorem,proof-complexity,"\ Assume that the equivalence C equiv D has a CF-proof with k steps. Then there are t ≤ O(k log k) and circuits E_i , 0 ≤ i ≤ t , such that: E_i equiv C , all i , E_0 = C and E_t = D , E_i ≈ E_ i+1 for all i < t , |E_i| ≤ |C| + 7(i-1) , all i ≤ t .

[MASK]",proof-complexity
2606.13576#2:paper-subarea:1,paper-subarea,2606.13576#2,2606.13576,theorem,meta-complexity,"Let cF be a class of VC dimension d . Then, there exists a single algorithm that, given a realizable ERM oracle for cF , runs in time poly (T^d, p(T)) and, for every p -time samplable P^star and every f^star ∈ cF , achieves o(T) regret, where the rate depends only on P^star and d .

[MASK]",meta-complexity
2606.13576#4:paper-subarea:2,paper-subarea,2606.13576#4,2606.13576,theorem,meta-complexity,"For any class of VC dimension d , given access to N samples from an approximate simulator P , and any f^star ∈ cF , there is an algorithm that achieves expected regret upper bound \[ E Reg (cF ,T) lesssim d log (T) + frac dT N + d · KL dvr * P^star P + KL dvr * P^star P ( frac T log (1+ N/T ) ). \]

[MASK]",meta-complexity
2606.13576#5:paper-subarea:3,paper-subarea,2606.13576#5,2606.13576,theorem,meta-complexity,"Let B>0 be arbitrary, and let ρ( · ) denote the spectral radius of a matrix. Then, for any class cF of VC dimension d , there is a poly (n,T) -time algorithm that, given an agnostic ERM oracle for cF , achieves sublinear expected regret in the agnostic setting for all P^star evolving according to cref eq:lds with A^star ∈ [-B,B]^ n × n with ρ(A^star ) ≤ 1 .

[MASK]",meta-complexity
2606.13576#7:paper-subarea:4,paper-subarea,2606.13576#7,2606.13576,theorem,meta-complexity,"Assume conditional sampling access to simulator P . Then, given access to an agnostic ERM oracle for the class cF of VC dimension d , there exists an algorithm running in poly (T) time, with regret in the agnostic setting \[ E Reg (cF ,T) lesssim sqrt d T (1 + KL dvr * P^star P ) . \]

[MASK]",meta-complexity
2606.13576#8:bound-cloze:1,bound-cloze,2606.13576#8,2606.13576,theorem,meta-complexity,"theorem StatDistTrans Let cF be a VC dimension d class, and let P^star be an arbitrary distribution in Δ(cX ^T) . Let N ∈ bbN be arbitrary. Then, there exists an algorithm that makes at most N oracle calls to O _ P , at most N^ [MASK] calls to a realizable ERM oracle w.r.t. cF , and achieves regret \[ E Reg lesssim d log T + frac dT N + d · KL dvr * P^star P + frac T log (1 + N/T ) · KL dvr * P^star P . \]",O(d)
2606.13576#24:bound-cloze:2,bound-cloze,2606.13576#24,2606.13576,theorem,meta-complexity,"theorem ThmLDS Let cF be a class of VC dimension d , and let R, B ≥ 1 and σ > 0 be arbitrary. There is a poly (n, T) -time algorithm that, given access to an agnostic ERM oracle for cF , the noise scale σ , and the magnitude bound B , achieves expected regret \[ E Reg (cF , T) lesssim sqrt dT (1 + sqrt [MASK] log (nBT(R/σ + 1) ) ) \] in the agnostic setting, simultaneously for every P^star = P^ A^star with A^star ∈ Θ satisfying ρ(A^star ) ≤ 1 and initial state X_0 ∈ cB (0,R) .",n^3
2606.13576#25:bound-cloze:3,bound-cloze,2606.13576#25,2606.13576,theorem,meta-complexity,"theorem ThmGlauber Let cF be a class of VC dimension d , and let B ≥ 1 . There is a poly (n, T, B) -time algorithm that, given access to an agnostic ERM oracle for cF , achieves expected regret \[ E Reg (cF , T) lesssim sqrt dT · (1 + sqrt [MASK] log (BTn) ) \] in the agnostic setting, simultaneously for every P^star = P^ θ^star with θ^star ∈ Θ and initial state X_0 ∈ {0,1}^n .",n^2
2606.13576#41:bound-cloze:4,bound-cloze,2606.13576#41,2606.13576,lemma,meta-complexity,"Let P be as defined in cref eq:universal-dist-lds . Then, for any A^star ∈ Θ with ρ(A^star ) ≤ 1 and X_0 ∈ cB (0, R) , we have \[ KL dvr * P^ A^star ( · mid X_0) P( · mid X_0) ≤ O ([MASK] log (nBT(R/σ + 1) ) ). \]",n^3
2606.18194#8:paper-subarea:1,paper-subarea,2606.18194#8,2606.18194,corollary,total-search,"In the congestion game above, the MD fixed‑point set contains multiple pure points (e.g., (1,1) and (2,2) ; in fact (3,3) is also a NE). Unless the potential is strictly concave (it is not here), Definition (ii) yields set‑valued (Cesàro) selection rather than a singleton. Hence a given NE (e.g., (2,2) ) need not be the uniquely selected outcome from all interior initials; Nash equilibria need not coincide with EDRE under singleton‑selection.

[MASK]",total-search
2606.18194#15:paper-subarea:2,paper-subarea,2606.18194#15,2606.18194,theorem,total-search,"Every finite exact‑potential game admits at least one profile satisfying Definition with ε=0 (a Nash equilibrium). Under the step‑size regimes in Definition , item (i) holds, and item (ii) holds relative to the fixed‑point set as stated therein. When that fixed‑point set is a singleton, EMD converges pointwise for 0<η<1/L .

[MASK]",total-search
2606.18194#21:bound-cloze:1,bound-cloze,2606.18194#21,2606.18194,theorem,total-search,"Let Γ be a polymatrix game with Lipschitz monotone pseudo‑gradient F on Δ(A) , and let players run entropic MD with steps (η_t) satisfying η_tdownarrow 0 , Σ _t η_t= ∞ and Σ _t η_[MASK]< ∞ . Then the Cesàro averages of play converge to the VI solution set S={σ:le F(σ),x-σrangle ≥ 0,\ ∀ x} . If F is strongly monotone, S={σ^dagger } and σ^t → σ^dagger (hence also bar σ(T) → σ^dagger ). In particular, any limit point of the averages satisfies Definition with ε=0 . Moreover, with the diminishing-step schedule from Definition (i), the deviation--regret property holds; the selection/invariance property (Definition (ii)) holds with σ^star =σ^dagger when F is strongly monotone.",t^2
2606.18194#21:paper-subarea:3,paper-subarea,2606.18194#21,2606.18194,theorem,total-search,"Let Γ be a polymatrix game with Lipschitz monotone pseudo‑gradient F on Δ(A) , and let players run entropic MD with steps (η_t) satisfying η_tdownarrow 0 , Σ _t η_t= ∞ and Σ _t η_t^2< ∞ . Then the Cesàro averages of play converge to the VI solution set S={σ:le F(σ),x-σrangle ≥ 0,\ ∀ x} . If F is strongly monotone, S={σ^dagger } and σ^t → σ^dagger (hence also bar σ(T) → σ^dagger ). In particular, any limit point of the averages satisfies Definition with ε=0 . Moreover, with the diminishing-step schedule from Definition (i), the deviation--regret property holds; the selection/invariance property (Definition (ii)) holds with σ^star =σ^dagger when F is strongly monotone.

[MASK]",total-search
2606.18194#25:paper-subarea:4,paper-subarea,2606.18194#25,2606.18194,theorem,total-search,"EDRE‑Search is PPAD‑hard. Moreover, Promise‑ EDRE‑Search (potential‑games) belongs to PPAD via the proximal map \(F_λ\) described below.

[MASK]",total-search
2606.18807#2:paper-subarea:1,paper-subarea,2606.18807#2,2606.18807,theorem,parameterized,"If sc Φ -Extension can be solved in time c^k · n^ O (1) , then sc Φ -Subset can be solved by a randomised algorithm in time l(2 - tfrac 1 c r)^n · n^ O (1) .

[MASK]",parameterized
2606.18807#5:bound-cloze:1,bound-cloze,2606.18807#5,2606.18807,lemma,parameterized,"There is an algorithm that, given three integers n ≥ k ≥ t ≥ 0 , constructs a family S of t -element subsets of [n] such that For every S ⊂ [n] with |S|=k , there exists X ∈ S such that X ⊂ S ; S contains at most frac binom n t binom k t · 2^ [MASK] sets; S is called (n,k,t) -set-inclusion family and the algorithm works in | S | · 2^ o(n) time.",o(n)
2606.18807#6:paper-subarea:2,paper-subarea,2606.18807#6,2606.18807,theorem,parameterized,"If sc Φ -Extension can be solved in time c^kcdotn ^ O (1) and there exists a noisy predictor with accuracy frac 1 2 +ε , then sc Φ -Subset can be solved in time (2-frac 1 c -Ω_c(ε^2))^ncdotn ^ O (1) .

[MASK]",parameterized
2606.18807#11:bound-cloze:2,bound-cloze,2606.18807#11,2606.18807,lemma,parameterized,Let c_1>c_2 ≥ 1 be two constants and n ≥ k ≥ t be three non-negative integers. Then frac binom n k · c_1^ k-t binom n-t k-t · c_[MASK] ≤ (1+frac 1 c_2 -frac 1 c_1 )^n · n^ O (1) .,2^ k
2606.21298#3:bound-cloze:1,bound-cloze,2606.21298#3,2606.21298,theorem,derandomization; fine-grained; parameterized,"There exists a function g: N → N satisfying g(q) = 2^ (2-o(1)) · q , such that for every sufficiently large integer q and for any real ε >0 , the q normal sc -Coloring problem on ∪ sc Split + k v graphs does not admit a kernel of size [MASK] unless NP ⊆ coNP/poly .",O(k^ g(q)-ε )
2606.21298#3:relation-cloze:1,relation-cloze,2606.21298#3,2606.21298,theorem,derandomization; fine-grained; parameterized,"There exists a function g: N → N satisfying g(q) = 2^ (2-o(1)) · q , such that for every sufficiently large integer q and for any real ε >0 , the q normal sc -Coloring problem on ∪ sc Split + k v graphs does not admit a kernel of size O(k^ g(q)-ε ) unless NP [MASK] coNP/poly .",⊆
2606.21298#3:paper-subarea:1,paper-subarea,2606.21298#3,2606.21298,theorem,derandomization; fine-grained; parameterized,"There exists a function g: N → N satisfying g(q) = 2^ (2-o(1)) · q , such that for every sufficiently large integer q and for any real ε >0 , the q normal sc -Coloring problem on ∪ sc Split + k v graphs does not admit a kernel of size O(k^ g(q)-ε ) unless NP ⊆ coNP/poly .

[MASK]",derandomization; fine-grained; parameterized
2606.21298#8:bound-cloze:2,bound-cloze,2606.21298#8,2606.21298,theorem,derandomization; fine-grained; parameterized,"There exists a constant c > 0 such that for all positive integers n , it holds that \[ 2^ 2n-c · (n log n)^ 1/2 ≤ m(n) ≤ [MASK] .\]",2^ 2n-( log n)/2
2606.21298#8:paper-subarea:2,paper-subarea,2606.21298#8,2606.21298,theorem,derandomization; fine-grained; parameterized,"There exists a constant c > 0 such that for all positive integers n , it holds that \[ 2^ 2n-c · (n log n)^ 1/2 ≤ m(n) ≤ 2^ 2n-( log n)/2 .\]

[MASK]",derandomization; fine-grained; parameterized
2606.21298#10:bound-cloze:3,bound-cloze,2606.21298#10,2606.21298,theorem,derandomization; fine-grained; parameterized,"Let cal G be a graph family closed under disjoint union, and let q ≥ 3 be a positive integer such that there exists an irreducible NO instance of (q-2)normal sc -List Coloring with a graph from cal G on t ≥ 3 vertices. Then, for any real ε >0 , the q normal sc -Coloring problem on cal G + k v graphs admits no kernel of size [MASK] , and thus no kernel with O(k^ (t-ε)/2 ) vertices, unless NP ⊆ coNP/poly .",O(k^ t-ε )
2606.21298#10:relation-cloze:2,relation-cloze,2606.21298#10,2606.21298,theorem,derandomization; fine-grained; parameterized,"Let cal G be a graph family closed under disjoint union, and let q ≥ 3 be a positive integer such that there exists an irreducible NO instance of (q-2)normal sc -List Coloring with a graph from cal G on t ≥ 3 vertices. Then, for any real ε >0 , the q normal sc -Coloring problem on cal G + k v graphs admits no kernel of size O(k^ t-ε ) , and thus no kernel with O(k^ (t-ε)/2 ) vertices, unless NP [MASK] coNP/poly .",⊆
2606.21298#10:paper-subarea:3,paper-subarea,2606.21298#10,2606.21298,theorem,derandomization; fine-grained; parameterized,"Let cal G be a graph family closed under disjoint union, and let q ≥ 3 be a positive integer such that there exists an irreducible NO instance of (q-2)normal sc -List Coloring with a graph from cal G on t ≥ 3 vertices. Then, for any real ε >0 , the q normal sc -Coloring problem on cal G + k v graphs admits no kernel of size O(k^ t-ε ) , and thus no kernel with O(k^ (t-ε)/2 ) vertices, unless NP ⊆ coNP/poly .

[MASK]",derandomization; fine-grained; parameterized
2606.26012#5:paper-subarea:1,paper-subarea,2606.26012#5,2606.26012,theorem,parameterized,"Given a cw -expression of the graph, sc Bounded Density Vertex Deletion xspace can be solved in q^ O(p^7) p^ O( cw · p) · n^ O(1) .

[MASK]",parameterized
2606.26012#7:paper-subarea:2,paper-subarea,2606.26012#7,2606.26012,theorem,parameterized,"theorem fpttwfixeddensity Given an n -vertex graph G together with a nice tree decomposition of width at most tw and a target density τ_ ρ xspace = nicefrac p q , then sc Bounded Density Vertex Deletion xspace can be solved in time (q · p)^ O ( tw ^2) · n^ O (1) and in time ( tw · q)^ O ( tw ^2) · n^ O (1) .

[MASK]",parameterized
2606.26012#11:paper-subarea:3,paper-subarea,2606.26012#11,2606.26012,theorem,parameterized,"Given a witness for the vertex integrity, sc Bounded Density Vertex Deletion xspace can be solved in 2^ vi · 2^ O( vi ^2) n^ O(1) .

[MASK]",parameterized
2606.26012#13:paper-subarea:4,paper-subarea,2606.26012#13,2606.26012,theorem,parameterized,"theorem maxleafnumber sc Bounded Density Vertex Deletion xspace can be solved in ml ^ O( ml ^2) · n^ O(1) running time.

[MASK]",parameterized
2606.26162#4:paper-subarea:1,paper-subarea,2606.26162#4,2606.26162,theorem,structural,"Let the physical evolution be governed by L _t^ phys = D _t+ H _t+ L _ hw , where D _t is the Davies dissipator with spectral gap bounded below by γ_0>0 and unique attracting state ρ_ Gibbs (t) , H _t(ρ)=-i[H_ drift (t),ρ] is the coherent part, and L _ hw is an unstructured-noise perturbation with | L _ hw |_ diamond ≤ δ . Assume: the gap lower bound γ_0 holds uniformly in t along the trajectory; (noise--dissipation independence) the noise strength δ does not grow with the engineered dissipation strength γ_0 ; equivalently, δ and γ_0 are independently controllable; (controlled coherent driving) the coherent generator acts tangentially to the Gibbs manifold up to a residual of order the target motion, | H _t(ρ_ Gibbs (t))|_1=O(η) , so that coherent driving does not by itself set a noise-independent floor. Then the additional regret attributable to hardware noise satisfies Δ Regret _ noise (T) ≤ frac C δ γ_0 T, where C=C(d) depends on the Hilbert-space dimension d=2^n only through the norm-equivalence constant relating the trace norm to the loss functional [see below]; in particular C is dimension-free whenever the losses satisfy |L(t)|_ op ≤ 1 . Under the balanced schedule γ_0(T)=Θ( sqrt T ) , Δ Regret _ noise (T) = O l(δ sqrt T r), so the noise-induced regret is sublinear in T and DQMW-Sample remains asymptotically no-regret for any fixed δ>0 .

[MASK]",structural
2606.26162#6:bound-cloze:1,bound-cloze,2606.26162#6,2606.26162,theorem,structural,"Suppose Assumptions and hold, and that the BCL hardness assumption holds: no polynomial-time classical algorithm samples a distribution within constant total-variation distance of μ^star , on pain of collapsing the polynomial hierarchy. Run the decoding game with epoch length B=[MASK]=Θ(n) . Then the following hold. Quantum achievability. DQMW-Sample attains R_ DQMW (| W |) = O l( sqrt | W | log d r) = O l( sqrt n | W | r). Its engineered Davies dissipator prepares ρ_ Gibbs ≈ ρ^star each epoch, so its computational-basis sample is distributed within ε_ prep of μ^star ; concentrating on the epoch mode over B=Θ(n) rounds recovers z_k with error O(1/ poly (n)) , and the residual regret is the standard multiplicative-weights rate over d experts. Classical lower bound. Every efficient (per-round poly (n) -time) classical online learner C incurs R_ C (| W |) = Ω l(| W | r), i.e.\ non-vanishing average regret. Separation. Consequently, under standard complexity assumptions there is an online-learning instance on which DQMW-Sample is asymptotically no-regret while every efficient classical learner suffers Ω(1) average regret, with frac R_ C (| W |) R_ DQMW (| W |) = Ω l( sqrt | W |/n r).",Θ( log d)
2606.26162#6:paper-subarea:2,paper-subarea,2606.26162#6,2606.26162,theorem,structural,"Suppose Assumptions and hold, and that the BCL hardness assumption holds: no polynomial-time classical algorithm samples a distribution within constant total-variation distance of μ^star , on pain of collapsing the polynomial hierarchy. Run the decoding game with epoch length B=Θ( log d)=Θ(n) . Then the following hold. Quantum achievability. DQMW-Sample attains R_ DQMW (| W |) = O l( sqrt | W | log d r) = O l( sqrt n | W | r). Its engineered Davies dissipator prepares ρ_ Gibbs ≈ ρ^star each epoch, so its computational-basis sample is distributed within ε_ prep of μ^star ; concentrating on the epoch mode over B=Θ(n) rounds recovers z_k with error O(1/ poly (n)) , and the residual regret is the standard multiplicative-weights rate over d experts. Classical lower bound. Every efficient (per-round poly (n) -time) classical online learner C incurs R_ C (| W |) = Ω l(| W | r), i.e.\ non-vanishing average regret. Separation. Consequently, under standard complexity assumptions there is an online-learning instance on which DQMW-Sample is asymptotically no-regret while every efficient classical learner suffers Ω(1) average regret, with frac R_ C (| W |) R_ DQMW (| W |) = Ω l( sqrt | W |/n r).

[MASK]",structural
2606.26162#9:paper-subarea:3,paper-subarea,2606.26162#9,2606.26162,theorem,structural,"Suppose Assumptions -- and hold, and suppose the BCL hardness assumption holds: sampling within constant total-variation distance of μ^star cannot be done in classical polynomial time unless the polynomial hierarchy collapses to a finite level . If there exists an efficient classical simulator S of the full adaptive DQMW-Sample feedback process---i.e.\ a poly (n,T) -time randomized algorithm whose output widehat Π_T satisfies TV ( law (widehat Π_T), P _T) ≤ τ for some constant τ<tfrac 12-ε_ prep ---then the polynomial hierarchy collapses.

[MASK]",structural
2606.27931#2:paper-subarea:1,paper-subarea,2606.27931#2,2606.27931,theorem,proof-complexity; total-search,"Let F be an unsatisfiable CNF formula. If there is a width- w Resolution refutation of F , then there is a depth O(w) reduction from Search _F to iter ^ dt . Conversely, if there is a depth- w reduction from Search _F to iter ^ dt , then there is a width O(w) Resolution refutation of F .

[MASK]",proof-complexity; total-search
2606.27931#4:paper-subarea:2,paper-subarea,2606.27931#4,2606.27931,theorem,proof-complexity; total-search,"For all d>0 , le EF, GI _drangle is polynomially equivalent to G_d .

[MASK]",proof-complexity; total-search
2606.27931#15:bound-cloze:1,bound-cloze,2606.27931#15,2606.27931,definition,proof-complexity; total-search,"The iterlong problem, also denoted iter , is defined as follows. For any positive integer n , let ell (n) = [MASK] be a polynomially-bounded input parameter. The input to the problem is a size parameter 1^n and a circuit S: { 0,1 } ^n × { 0,1 } ^ell → { 0,1 } ^ell of size polynomial in n . Given n and S , a string y ∈ { 0,1 } ^ell is a valid solution if either y = 0^ell , if S(x, 0^ell ) = 0^ell , or y ≠ 0^ell , if S(x, y) <_ lex y , or y ≠ 0^ell , if S(x, y) >_ lex y and S(x, S(x, y)) = S(x, y) . Above <_ lex denotes the usual lexicographic ordering on strings. The class of all search problems mapping reducible to iterlong is denoted by PLS .",n^ O(1)
2606.27931#17:bound-cloze:2,bound-cloze,2606.27931#17,2606.27931,definition,proof-complexity; total-search,"Let n be a positive integer. A black-box search problem is any total relation \[R^ dt _n ⊆ { 0,1 }^ n × O_n,\] where O_n is a polynomial-sized set of feasible solutions. The class TFNP ^ dt contains all sequences R^ dt = { R^ dt _n }_n of black-box search problems such that the following holds: there is a universal constant c such that for each input length n , and each o ∈ O_n , there is a [MASK] -depth decision tree T_o satisfying T_o(x) = R^ dt _n(x,o) .",O(( log n)^c)
2606.27931#19:bound-cloze:3,bound-cloze,2606.27931#19,2606.27931,definition,proof-complexity; total-search,"Let N = [MASK] be a positive integer. The problem iter _N^ dt is defined as follows. As input, for each element u ∈ [N] , we are given a successor s_u ∈ [N] , interpreted as naming the successor node of u , and which we can think of as being encoded by a string of k bits. The goal of the search problem is to output any of the following 1 if s_1 = 1 hfill (inactive distinguished source) u ≠ 1 , if s_u < u , hfill (decreasing successor) u , if u is active and s_u is a proper sink. hfill (proper sink)",2^k
2606.27931#51:paper-subarea:3,paper-subarea,2606.27931#51,2606.27931,theorem,proof-complexity; total-search,"A function f is in FP if and only if f is Σ^B_1 -definable in V^1 .

[MASK]",proof-complexity; total-search
2606.27931#62:paper-subarea:4,paper-subarea,2606.27931#62,2606.27931,theorem,proof-complexity; total-search,"Suppose that a theory T , which contains V ^1 , proves the reflection principle for propositional proof system P . Then for a formula F , Pvdash F → T vdash SAT(F,X) .

[MASK]",proof-complexity; total-search
2607.03189#5:bound-cloze:1,bound-cloze,2607.03189#5,2607.03189,theorem,parameterized,"For every fixed k,d ≥ 1 , sc Edge Generalized Geography can be solved in time [MASK] on graphs of treewidth at most k and maximum degree at most d , provided together with a tree decomposition of width at most k .",O(n)
2607.03189#5:paper-subarea:1,paper-subarea,2607.03189#5,2607.03189,theorem,parameterized,"For every fixed k,d ≥ 1 , sc Edge Generalized Geography can be solved in time O(n) on graphs of treewidth at most k and maximum degree at most d , provided together with a tree decomposition of width at most k .

[MASK]",parameterized
2607.03189#6:bound-cloze:2,bound-cloze,2607.03189#6,2607.03189,theorem,parameterized,sc Edge Generalized Geography can be solved in time [MASK] on directed graphs whose underlying undirected graph is a cactus.,O(n)
2607.03189#6:paper-subarea:2,paper-subarea,2607.03189#6,2607.03189,theorem,parameterized,"sc Edge Generalized Geography can be solved in time O(n) on directed graphs whose underlying undirected graph is a cactus.

[MASK]",parameterized
2607.03189#7:problem-name:1,problem-name,2607.03189#7,2607.03189,problem,parameterized,"Chosen Maximum Outdegree bf Input: An undirected graph \(G=(V,E)\), a weight function \(w:E → Z_ >0 \), and a vertex bound \(t:V → Z_ >0 \). bf Question: Is there an orientation \(ω ∈ [MASK] (G)\) such that \[ Σ _ e ∈ θ_ω(v) w(e) ≤ t(v) \] for every \(v ∈ V(G)\)?",Ori
2607.03189#9:paper-subarea:3,paper-subarea,2607.03189#9,2607.03189,theorem,parameterized,"sc Directed Edge Geography is sc XNLP -hard when parameterized by pathwidth.

[MASK]",parameterized
2607.03189#10:bound-cloze:3,bound-cloze,2607.03189#10,2607.03189,lemma,parameterized,Let G be a directed graph with pw (G)=k . There exists an undirected graph G' such that: the sc Directed Edge Geography instance on G is equivalent to the sc Undirected Edge Geography instance on G' ; each directed edge of G is replaced by a constant-size gadget; pw (G') ≤ f(k) for some function f(k)=[MASK] .,O(k^2)
2607.03189#11:paper-subarea:4,paper-subarea,2607.03189#11,2607.03189,corollary,parameterized,"sc Undirected Edge Geography is XNLP-hard when parameterized by pathwidth.

[MASK]",parameterized
2607.03189#21:problem-name:2,problem-name,2607.03189#21,2607.03189,problem,parameterized,"Chosen Maximum Outdegree bf Input: An undirected graph G=(V,E) , a weight function w:E → Z _ >0 , and a vertex bound t:V → Z _ >0 . bf Question: Is there an orientation ω ∈ [MASK] (G) such that \[ Σ _ e ∈ θ_ω(v) w(e) ≤ t(v) \] for every vertex v ∈ V(G) ?",Ori
2607.03189#22:bound-cloze:4,bound-cloze,2607.03189#22,2607.03189,definition,parameterized,"Let (H,w,t) be an instance of sc Chosen Maximum Outdegree , and let e={x,y} ∈ E(H) . We construct a directed graph G_e as follows. bf Vertices. Introduce fresh vertices \[ v_e^ choose ,quad v_e^ choose ,x ,quad v_e^ choose ,y ,quad x_e,quad y_e,quad x'_e,quad y'_e,quad o_e,quad r_e. \] bf Choice edges. Add directed edges \[ v_e^ choose → v_e^ choose ,x → x_e, qquad v_e^ choose → v_e^ choose ,y → y_e. \] bf Weight simulation on the x -side. For each i ∈ [w(e)] , introduce a vertex ξ^x_ e,i . For each i ∈ [w(e)-1] , introduce a vertex δ^x_ e,i . Add the paths x_e → ξ^x_ e,i → x'_e for every i ∈ [w(e)] and x'_e → δ^x_ e,i → x_e for every i ∈ [w(e)-1] . bf Weight simulation on the y -side. For each i ∈ [w(e)] , introduce a vertex ξ^y_ e,i . For each i ∈ [w(e)-1] , introduce a vertex δ^y_ e,i . Add the paths y_e → ξ^y_ e,i → y'_e for every i ∈ [w(e)] and y'_e → δ^y_ e,i → y_e for every i ∈ [w(e)-1] . bf Merge and return. Introduce fresh subdivision vertices [MASK]_e and m^y_e , and add \[ x'_e → m^x_e → o_e,qquad y'_e → m^y_e → o_e,qquad o_e → r_e. \] bf Escape structure. For each i ∈ [w(e)+1] , introduce vertices ζ^x_ e,i ,\ x^ out _ e,i ,\ x^ esc _ e,i and ζ^y_ e,i ,\ y^ out _ e,i ,\ y^ esc _ e,i . Add x'_e → ζ^x_ e,i and y'_e → ζ^y_ e,i , together with ζ^x_ e,i → x^ out _ e,i and ζ^x_ e,i → x^ esc _ e,i , and symmetrically on the y -side. Finally add x^ esc _ e,i → r_e,qquad y^ esc _ e,i → r_e for every i ∈ [w(e)+1] .",m^x
2607.03561#7:bound-cloze:1,bound-cloze,2607.03561#7,2607.03561,theorem,interactive-proofs; structural,"Let L be a language that has logspace-uniform Boolean circuits of depth D = D(n) and size S = S(n) . For any soundness parameter σ ∈ N , there is a doubly-efficient interactive proof for L with the following parameters: soundness error 2^ -σ ; communication complexity [MASK] ; round complexity O(D · polylog (S)) ; verifier running time O(σ · (n + D · polylog (S))) ; and prover running time poly (S, σ) .",O(σ · D · polylog (S))
2607.03561#7:paper-subarea:1,paper-subarea,2607.03561#7,2607.03561,theorem,interactive-proofs; structural,"Let L be a language that has logspace-uniform Boolean circuits of depth D = D(n) and size S = S(n) . For any soundness parameter σ ∈ N , there is a doubly-efficient interactive proof for L with the following parameters: soundness error 2^ -σ ; communication complexity O(σ · D · polylog (S)) ; round complexity O(D · polylog (S)) ; verifier running time O(σ · (n + D · polylog (S))) ; and prover running time poly (S, σ) .

[MASK]",interactive-proofs; structural
2607.03561#9:bound-cloze:2,bound-cloze,2607.03561#9,2607.03561,theorem,interactive-proofs; structural,"Let ε = ε(m) ∈ (0, 1] be a proximity parameter, let σ ∈ N be a soundness parameter, and let L be a pair language that is computable by logspace-uniform Boolean circuits of depth D = D(m) ≥ log (m) and size S = S(m) ≥ m with fan-in 2 , where we use n for the length of the explicit input and m for the length of the implicit input. Then there is a public-coin IPP with ε proximity for L with the following parameters: soundness error 2^ -σ ; query complexity q = O(σ/ε) ; communication complexity cc = [MASK] ; round complexity O(D · polylog (S)) ; verifier running time O(σ · (ε · m · D · polylog (S)+(1/ε) · polylog (S) + n log S)) ; and prover running time poly (S,σ) . Furthermore, the verifier can make all of his queries to the implicit input at the end of the interaction. More formally, at the end of the interaction either the verifier rejects or in time O(σ · ε · m · D · polylog (S)) it outputs a succinct description lrag Q of a set Q ⊆ [m] of size q and a succinct description lrag φ of a predicate φ: {0,1}^q → {0,1} so that its decision predicate given an implicit input x^ imp is equal to φ(x^ imp _Q) . Furthermore, the predicate can be evaluated in time q · polylog (m) .",O(σ · ε · m · D · polylog (S))
2607.03561#9:paper-subarea:2,paper-subarea,2607.03561#9,2607.03561,theorem,interactive-proofs; structural,"Let ε = ε(m) ∈ (0, 1] be a proximity parameter, let σ ∈ N be a soundness parameter, and let L be a pair language that is computable by logspace-uniform Boolean circuits of depth D = D(m) ≥ log (m) and size S = S(m) ≥ m with fan-in 2 , where we use n for the length of the explicit input and m for the length of the implicit input. Then there is a public-coin IPP with ε proximity for L with the following parameters: soundness error 2^ -σ ; query complexity q = O(σ/ε) ; communication complexity cc = O(σ · ε · m · D · polylog (S)) ; round complexity O(D · polylog (S)) ; verifier running time O(σ · (ε · m · D · polylog (S)+(1/ε) · polylog (S) + n log S)) ; and prover running time poly (S,σ) . Furthermore, the verifier can make all of his queries to the implicit input at the end of the interaction. More formally, at the end of the interaction either the verifier rejects or in time O(σ · ε · m · D · polylog (S)) it outputs a succinct description lrag Q of a set Q ⊆ [m] of size q and a succinct description lrag φ of a predicate φ: {0,1}^q → {0,1} so that its decision predicate given an implicit input x^ imp is equal to φ(x^ imp _Q) . Furthermore, the predicate can be evaluated in time q · polylog (m) .

[MASK]",interactive-proofs; structural
2607.03561#11:bound-cloze:3,bound-cloze,2607.03561#11,2607.03561,proposition,interactive-proofs; structural,"Let C ⊆ F ^k be a linear code of minimum distance D and codimension R_ cksum , and H ∈ F ^ R_ cksum × k be a parity-check matrix for C . Assume that | F | = [MASK] and Enc : {0,1}^s → F , Dec : F → {0,1}^s are linear maps converting between a binary string and the corresponding field element. For any ρ ∈ N satisfying 2ρ < D , the syndrome map cksum _ρ: {0,1}^ ks → {0,1}^ s R_ cksum , cksum _ρ(m) coloneqq Dec (H Enc (m)), where Enc is applied blockwise and Dec coordinate-wise, is a ρ -unique decoding checksum function. Moreover, with O hiding polylogarithmic factors, cksum _ρ can be evaluated in O (k R_ cksum s) .",2^ s
2607.03561#12:bound-cloze:4,bound-cloze,2607.03561#12,2607.03561,lemma,interactive-proofs; structural,"Let k,ρ ∈ N and let F be a finite field with abs F = [MASK] ≥ k . Set R_ cksum coloneqq 2ρ . Then a ρ -unique decoding checksum function cksum _ρ: {0,1}^ k → {0,1}^ s R_ cksum exists. With O hiding polylog (k) factors, cksum _ρ: {0,1}^k → {0,1}^ s R_ cksum can be evaluated in O (k R_ cksum s) time.",2^s
2607.03561#17:paper-subarea:3,paper-subarea,2607.03561#17,2607.03561,theorem,interactive-proofs; structural,"Assuming the existence of collision-resistant hash functions, there exists a succinct argument of knowledge for any NP relation R with knowledge error negligible in the security parameter λ .

[MASK]",interactive-proofs; structural
2607.03561#19:problem-name:1,problem-name,2607.03561#19,2607.03561,definition,interactive-proofs; structural,"A (non-interactive) commitment scheme over M is a tuple of polynomial-time probabilistic algorithms CM = ( Setup , [MASK] , Open ) with the following syntax. Setup (1^λ, d) → pp : Sample public parameters given a security parameter λ and message length d . Commit ( pp , f) → (C, st ) : Use the public parameters pp to compute a commitment C to a message f ∈ M and an auxiliary state st . Open ( pp , C, f, st ) → b : Takes public parameters pp , a commitment C , a message f ∈ M , and an auxiliary state st , and outputs a bit b indicating whether C is a valid commitment to f under pp . We require commitment schemes to satisfy the following completeness and (relaxed) binding properties.",Commit
2607.03561#23:paper-subarea:4,paper-subarea,2607.03561#23,2607.03561,theorem,interactive-proofs; structural,"Assuming the standard (Module)-SIS assumption, there exists an extractable polynomial commitment scheme with poly (λ, log L) communication and verification times, where L is the degree bound of the committed polynomial. Furthermore, the number of rounds of the local opening argument system is O( log L) .

[MASK]",interactive-proofs; structural
2607.10897#1:paper-subarea:1,paper-subarea,2607.10897#1,2607.10897,theorem,total-search,"Computing a perfect stationary Markov ε -CCE in a discounted two-player single-controller Markov game is sf PPAD xspace -hard, even when the discount factor γ is any fixed constant in [nicefrac 1 16 , 1), Please see also Remark . all rewards lie in [0,1] , and accuracy ε>0 is less than an absolute constant.

[MASK]",total-search
2607.10897#2:paper-subarea:2,paper-subarea,2607.10897#2,2607.10897,theorem,total-search,"Assume that sf PCP xspace -for-sf PPAD xspace for sc Pure-Circuit holds. Then, computing a non-perfect stationary Markov ε -CCE in a discounted two-player single-controller Markov game is sf PPAD xspace -hard, even when the discount factor γ is any fixed constant in [nicefrac 1 16 , 1) ,footref fn:remark all rewards lie in [0,1] , and accuracy ε>0 is less than an absolute constant.

[MASK]",total-search
2607.10897#17:paper-subarea:3,paper-subarea,2607.10897#17,2607.10897,theorem,total-search,"There exists a universal constant ε_ 0 >0 such that computing a perfect Markov ε -CCE of a discounted two-player single-controller Markov game is sf PPAD xspace -hard for every ε<ε_ 0 . The hardness holds for γ=1/16 , rewards in [0,1] , and binary actions at all states.

[MASK]",total-search
2607.10897#22:paper-subarea:4,paper-subarea,2607.10897#22,2607.10897,theorem,total-search,"Assume Cref conj:pcp-ppad , and let δ_ pcp >0 be the constant guaranteed by the conjecture. Then there exists a constant ε' =ε'(δ_ pcp )>0 such that computing a non-perfect Markov ε -CCE of a discounted two-player single-controller Markov game is sf PPAD xspace -hard for every ε<ε' . The hardness holds with fixed discount factor γ=1/16 , rewards in [0,1] , and binary actions at all states.

[MASK]",total-search
2607.13217#1:bound-cloze:1,bound-cloze,2607.13217#1,2607.13217,observation,hardness-of-approximation,c _Gmathopen ( T ) = Σ _ t=1 ^ wmathopen ( G ) cmathopen ( E_[MASK] ) .,t^T
2607.13217#9:bound-cloze:2,bound-cloze,2607.13217#9,2607.13217,lemma,hardness-of-approximation,Let H be a non F -cluster of weight r=wmathopen ( Vmathopen ( H ) ) and let t<r . Then LP_[MASK] is a valid guide for the weighted spreading-metrics sc LP- ρ -SEP with ρ=t/r for X=X_0 .,t^H
2607.13217#29:paper-subarea:1,paper-subarea,2607.13217#29,2607.13217,theorem,hardness-of-approximation,"The above algorithm computes a (ρ_0,X) -separator of capacity at most \[ (frac ρ_0 ρ_0-ρ +o(1) )ln n · τ_X. \]

[MASK]",hardness-of-approximation
2607.22088#2:bound-cloze:1,bound-cloze,2607.22088#2,2607.22088,theorem,average-case; quantum-complexity; structural,"Let M G ^ n × n be a random Gaussian matrix. Then, there exists a constant c > 0 such that for all α > 0 and n sufficiently large depending on α , Pr _ M G ^ n × n ( | Per (M) | < frac sqrt n! [MASK] ) = O ( frac 1 n^c ) .",n^ α n
2607.22088#2:paper-subarea:1,paper-subarea,2607.22088#2,2607.22088,theorem,average-case; quantum-complexity; structural,"Let M G ^ n × n be a random Gaussian matrix. Then, there exists a constant c > 0 such that for all α > 0 and n sufficiently large depending on α , Pr _ M G ^ n × n ( | Per (M) | < frac sqrt n! n^ α n ) = O ( frac 1 n^c ) .

[MASK]",average-case; quantum-complexity; structural
2607.22088#3:paper-subarea:2,paper-subarea,2607.22088#3,2607.22088,corollary,average-case; quantum-complexity; structural,"For a random matrix M G ^ n × n , we have | Per (M) | = n^ ( frac 1 2 + o (1) ) n , asymptotically almost surely, i.e., with probability 1 - o (1) .

[MASK]",average-case; quantum-complexity; structural
2607.22088#4:bound-cloze:2,bound-cloze,2607.22088#4,2607.22088,lemma,average-case; quantum-complexity; structural,"Let 1 ≤ k ≤ (1 - ε)n for some ε > 0 , N ≥ 1 , and λ > 0 . Then Pr (E_ k+1, ε N/6, λ mid E_ k,N,λ ) ≥ 1 - 2exp (-[MASK]) .",Ω(ε n)
2607.22088#5:bound-cloze:3,bound-cloze,2607.22088#5,2607.22088,lemma,average-case; quantum-complexity; structural,"Under the same conditions as cref maintainingmanylargeminors_main , with an additional parameter 0 < c < 1 , we can partition E_ k,N,λ into two exclusive events E'_ k,N,λ,c and E''_ k,N,λ,c (depending only on the first k rows) such that Pr (E_ k+1, [MASK] N, λ mid E'_ k,N,λ,c ) ≥ frac 1 3 and Pr (E_ k+1, ε N/4, n^ 1/2-c λ mid E''_ k,N,λ,c ) ≥ 1 - n^ -c/4 .",n^c
2607.22088#14:bound-cloze:4,bound-cloze,2607.22088#14,2607.22088,proposition,average-case; quantum-complexity; structural,"Let 0 < ε < 1 be some constant and let k_0 = lfloor ε n rfloor . Then, Pr (E_ k_0,1,1 ) ≥ 1 - exp (-[MASK]) .",Ω(n)
2607.22088#23:paper-subarea:3,paper-subarea,2607.22088#23,2607.22088,corollary,average-case; quantum-complexity; structural,"We have Pr ( F_ L, lfloor ε n / 10 L rfloor , λ ) = 1 - exp ( - Ω (L) ) = 1 - n^ - Ω (1) .

[MASK]",average-case; quantum-complexity; structural
2607.26028#1:bound-cloze:1,bound-cloze,2607.26028#1,2607.26028,theorem,average-case,"There exist absolute constants A,C>0 such that for every k ≥ 3 , every 1 ≤ ell ≤ n , and every k -uniform hypergraph H ⊆ binom [n] k , at least one of \[ g_ rm ev (H) ≤ A ell log frac en ell , qquad |H| ≤ C frac [MASK] ell ^ k/2-1 \] holds.",n^ k/2
2607.26028#1:paper-subarea:1,paper-subarea,2607.26028#1,2607.26028,theorem,average-case,"There exist absolute constants A,C>0 such that for every k ≥ 3 , every 1 ≤ ell ≤ n , and every k -uniform hypergraph H ⊆ binom [n] k , at least one of \[ g_ rm ev (H) ≤ A ell log frac en ell , qquad |H| ≤ C frac n^ k/2 ell ^ k/2-1 \] holds.

[MASK]",average-case
2607.26028#2:bound-cloze:2,bound-cloze,2607.26028#2,2607.26028,theorem,average-case,"Assume . If H has no even cover of size at most 5ell log (en/ell ) , then \[ |H| ≤ 45 frac [MASK] ell ^ k/2-1 . \]",n^ k/2
2607.26028#2:paper-subarea:2,paper-subarea,2607.26028#2,2607.26028,theorem,average-case,"Assume . If H has no even cover of size at most 5ell log (en/ell ) , then \[ |H| ≤ 45 frac n^ k/2 ell ^ k/2-1 . \]

[MASK]",average-case
2607.26028#8:bound-cloze:3,bound-cloze,2607.26028#8,2607.26028,lemma,average-case,"Suppose H has no even cover of size at most max {2s,\ ell +ks+1} . Then every lifted state has in-degree at most 2ell under the above orientation, and lVert K rVert \ ≤ \ 2 sqrt frac 2ell bar d [MASK] .",N^ 1/(2s)
2607.26028#9:bound-cloze:4,bound-cloze,2607.26028#9,2607.26028,theorem,average-case,"Assume . There are absolute constants A and C such that, if H has no even cover of size at most A ell log (en/ell ) , then \[ |H| ≤ C frac [MASK] ell ^ k/2-1 . \]",n^ k/2
2607.26028#9:paper-subarea:3,paper-subarea,2607.26028#9,2607.26028,theorem,average-case,"Assume . There are absolute constants A and C such that, if H has no even cover of size at most A ell log (en/ell ) , then \[ |H| ≤ C frac n^ k/2 ell ^ k/2-1 . \]

[MASK]",average-case
2607.28062#1:paper-subarea:1,paper-subarea,2607.28062#1,2607.28062,theorem,hardness-of-approximation,"Assuming the Unique Games Conjecture , for every ε>0 the following statements hold. For every fixed d ≥ 2 , unit-cost stabbing of arbitrary-size axis-parallel d -cubes by coordinate hyperplanes is hard to approximate within d-ε . Unit-cost interval stabbing is hard to approximate within e/(e-1)-ε . For every fixed d ≥ 2 , unit-cost transversal of separated d -intervals is hard to approximate within d-ε . All three statements hold in both the finite-candidate and unrestricted models, and their displayed factors match the corresponding polynomial-time upper bounds. The same three numbers are the exact suprema of the integrality gaps of the respective natural covering LPs.

[MASK]",hardness-of-approximation
2607.28062#3:paper-subarea:2,paper-subarea,2607.28062#3,2607.28062,theorem,hardness-of-approximation,"Let \(Π\) be a strict-CSP language over a fixed alphabet \(Σ\), of arity at most a fixed constant \(k\), with a fixed bounded label-cost function \(c:Σ → R_ ≥ 0 \). Assume that every relation of \(Π\) is one-coordinate extendable: after fixing the labels in all but one coordinate, some label in the remaining coordinate completes a satisfying tuple. Let \(J\) be a constant-size weighted instance of \(Π\) whose variable weights are rational and normalized to sum to one, and let \(μ\) be a rational feasible connected solution to ( ) for \(J\). Then, for every \(δ>0\), it is Unique-Games-hard to distinguish instances \(I\) of \(Π\) satisfying \[ opt (I) ≤ val (J,μ)+δ \] from instances satisfying \[ opt (I) ≥ opt (J)-δ. \] The output variable weights may be taken to be rational and normalized to sum to one.

[MASK]",hardness-of-approximation
2607.28062#12:paper-subarea:3,paper-subarea,2607.28062#12,2607.28062,theorem,hardness-of-approximation,"Assume UGC and fix \(d ≥ 2\). For every \(ε>0\), it is NP-hard to approximate unit-cost transversal of separated \(d\)-intervals within a factor of \(d-ε\), in both the finite-candidate and unrestricted models. The hardness holds even when every component has length at most a constant \(C_ d,ε \) independent of the instance size.

[MASK]",hardness-of-approximation
2607.28062#16:paper-subarea:4,paper-subarea,2607.28062#16,2607.28062,theorem,hardness-of-approximation,"Assume UGC and fix \(d ≥ 2\). For every \(ε>0\), it is NP-hard to approximate unit-cost stabbing of axis-parallel \(d\)-cubes by coordinate hyperplanes within a factor of \(d-ε\), in both the finite-candidate and unrestricted models. The hardness holds even when every cube has side length at most a constant \(C_ d,ε \) independent of the instance size.

[MASK]",hardness-of-approximation
2607.29672#2:paper-subarea:1,paper-subarea,2607.29672#2,2607.29672,theorem,average-case; proof-complexity,"There are constants C_ k,δ ,c_k>0 such that, for every level satisfying cref eq:range , m ≥ C_ k,δ frac D_ k,ell ρ^2 suffices for a spectral algorithm running in n^ ell +O_k(1) time to achieve strong detection and to output, under planting, an assignment widehat x with \[ | le widehat x, x^star rangle | ≥ c_kn,&k even , [1mm] le widehat x, x^star rangle ≥ c_kn,&k odd , \] with probability 1-o(1) .

[MASK]",average-case; proof-complexity
2607.29672#3:paper-subarea:2,paper-subarea,2607.29672#3,2607.29672,theorem,average-case; proof-complexity,"Let widetilde x satisfy | le widetilde x, x^star rangle | ≥ cn for a constant c>0 . There is a constant vartheta _0(k) ∈ (0,1) such that, for every 1/(2n) ≤ vartheta ≤ vartheta _0(k) , an independent sample of m_ rm c ≥ C_ k,c frac n ρ^2 log frac 1vartheta clauses suffices for an O(km_ rm c +n) -time majority vote to output widehat x with err _k(widehat x, x^star ) ≤ vartheta with probability 1-o(1) . Taking vartheta =1/(2n) gives exact recovery.

[MASK]",average-case; proof-complexity
2607.29672#4:bound-cloze:1,bound-cloze,2607.29672#4,2607.29672,theorem,average-case; proof-complexity,"Fix ε ∈ (0,1) and a level satisfying cref eq:range . There is an algorithm which, on every input, outputs a bound satisfying with certainty \[ Cert (I) ≥ sup _ x ∈ {pm 1}^n |V_I(x)|. \] For a random null instance, m ≥ C_ k,δ frac D_ k,ell ε^2 implies Cert (I) ≤ ε with probability 1-o(1) . The even algorithm is deterministic. The odd algorithm uses a random rooting, but soundness holds for every rooting. In the standard explicit-input regime m=[MASK] , deterministically sound exact evaluation takes n^ O_k(ell ) bit operations and yields a degree- O_k(ell ) SoS proof.",n^ O_k(1)
2607.29672#4:paper-subarea:3,paper-subarea,2607.29672#4,2607.29672,theorem,average-case; proof-complexity,"Fix ε ∈ (0,1) and a level satisfying cref eq:range . There is an algorithm which, on every input, outputs a bound satisfying with certainty \[ Cert (I) ≥ sup _ x ∈ {pm 1}^n |V_I(x)|. \] For a random null instance, m ≥ C_ k,δ frac D_ k,ell ε^2 implies Cert (I) ≤ ε with probability 1-o(1) . The even algorithm is deterministic. The odd algorithm uses a random rooting, but soundness holds for every rooting. In the standard explicit-input regime m=n^ O_k(1) , deterministically sound exact evaluation takes n^ O_k(ell ) bit operations and yields a degree- O_k(ell ) SoS proof.

[MASK]",average-case; proof-complexity
2607.29672#5:bound-cloze:2,bound-cloze,2607.29672#5,2607.29672,theorem,average-case; proof-complexity,"For every k ≥ 2 , there are constants c_k,C_k>0 such that, in the same fixed- m model: If D ≤ n/(2k) and mρ^2D^ k/2-1 /n^ k/2 ≤ c_k , every positive-variance sign-degree- D statistic g satisfies \[ frac |E_Pg-E_Qg| sqrt Var _Q(g) ≤ C_kfrac mρ^2D^ k/2-1 n^ k/2 , \] where Q=Q_m and P=P_m is the planted mixture (cref thm:ld-detection ). If d ≤ n/(4k) and mρ^2(2d)^ k/2-1 /n^ k/2 ≤ c_k , every estimator f=(f_1, ... ,f_n) with pointwise bounds |f_i| ≤ 1 and sign degree at most d in each coordinate satisfies \[ E (frac 1n Σ _i x_i^star f_i(I) )^2 ≤ frac 1n+C_k sqrt frac dn . \] Here the expectation is over a uniform planted assignment and its planted instance. Thus such estimators have vanishing overlap for d=[MASK] below the same curve (cref thm:ld-recovery ). Together with the unconditional cleanup converse of cref rem:cleanup-converse , this matches every upper bound of cref thm:main-inference,thm:main-boost within its class.",o(n)
2607.29672#5:paper-subarea:4,paper-subarea,2607.29672#5,2607.29672,theorem,average-case; proof-complexity,"For every k ≥ 2 , there are constants c_k,C_k>0 such that, in the same fixed- m model: If D ≤ n/(2k) and mρ^2D^ k/2-1 /n^ k/2 ≤ c_k , every positive-variance sign-degree- D statistic g satisfies \[ frac |E_Pg-E_Qg| sqrt Var _Q(g) ≤ C_kfrac mρ^2D^ k/2-1 n^ k/2 , \] where Q=Q_m and P=P_m is the planted mixture (cref thm:ld-detection ). If d ≤ n/(4k) and mρ^2(2d)^ k/2-1 /n^ k/2 ≤ c_k , every estimator f=(f_1, ... ,f_n) with pointwise bounds |f_i| ≤ 1 and sign degree at most d in each coordinate satisfies \[ E (frac 1n Σ _i x_i^star f_i(I) )^2 ≤ frac 1n+C_k sqrt frac dn . \] Here the expectation is over a uniform planted assignment and its planted instance. Thus such estimators have vanishing overlap for d=o(n) below the same curve (cref thm:ld-recovery ). Together with the unconditional cleanup converse of cref rem:cleanup-converse , this matches every upper bound of cref thm:main-inference,thm:main-boost within its class.

[MASK]",average-case; proof-complexity
2607.29672#11:bound-cloze:3,bound-cloze,2607.29672#11,2607.29672,lemma,average-case; proof-complexity,"Let H be a symmetric N × N matrix with |H| ≤ 1 , accessible through a matrix--vector product oracle, and let γ ∈ (0,1) . Random-start block Krylov iteration with [MASK] products outputs a unit vector v with \[ v^ T Hv\ ≥ \ λ_ max (H)-γ \] with probability at least 1-N^ -2 , and every output satisfies v^ T Hv ≤ λ_ max (H) deterministically.",O(γ^ -1/2 log (N/γ))
2607.29672#17:bound-cloze:4,bound-cloze,2607.29672#17,2607.29672,lemma,average-case; proof-complexity,"Let L be a random list of at most C log n Boolean vectors, independent of a validation pool that consists either of exactly m_ rm v i.i.d.\ clauses or of a Poisson number M_ rm v of clauses of mean m_ rm v , where m_ rm v ≥ C_ k,c ρ^ -2 log n . Suppose that with probability 1-o(1) the list contains z with |q_z| ≥ c , where q_z:=[MASK] le z, x^star rangle . Define T(z) as the empirical advantage of z on the realized validation pool: the average of y z^ F over its clauses (F,y) , with T:=0 if the pool is empty. Then, with probability 1-o(1) , the maximizer of |T| over L satisfies |q_z| ≥ c'_ k,c >0 . For odd k , the maximizer of T over L ∪ (-L) additionally satisfies q_z ≥ c'_ k,c , fixing the global sign.",n^ -1
2608.00203#1:bound-cloze:1,bound-cloze,2608.00203#1,2608.00203,theorem,hardness-of-approximation; interactive-proofs; query-complexity,"Consider a dense k -CSP over alphabet [q] with optimal value OPT . For any ε>0 , let U be a uniformly random subset of variables of size N= Θ (frac [MASK] ε^6 log ^2 ( q ) ), and let OPT (U) be the optimal value of the subinstance restricted to U . Then | E _U [ OPT (U) ]- OPT | ≤ ε.",k^ 12
2608.00203#1:paper-subarea:1,paper-subarea,2608.00203#1,2608.00203,theorem,hardness-of-approximation; interactive-proofs; query-complexity,"Consider a dense k -CSP over alphabet [q] with optimal value OPT . For any ε>0 , let U be a uniformly random subset of variables of size N= Θ (frac k^ 12 ε^6 log ^2 ( q ) ), and let OPT (U) be the optimal value of the subinstance restricted to U . Then | E _U [ OPT (U) ]- OPT | ≤ ε.

[MASK]",hardness-of-approximation; interactive-proofs; query-complexity
2608.00203#5:bound-cloze:2,bound-cloze,2608.00203#5,2608.00203,definition,hardness-of-approximation; interactive-proofs; query-complexity,A Boolean-valued k -CSP on n variables over alphabet [q] : is satisfiable if there exists an assignment that satisfies all constraints; is ε -far from satisfiable if at least ε [MASK] constraints must be removed to make it satisfiable.,n^k
2608.00203#6:bound-cloze:3,bound-cloze,2608.00203#6,2608.00203,theorem,hardness-of-approximation; interactive-proofs; query-complexity,"There exists a one-sided ε -tester for (k,q) - Satisfiability with sample complexity [MASK] .",O( k^ 12 log ^2 ( q )/ ε^ 7 )
2608.00203#6:paper-subarea:2,paper-subarea,2608.00203#6,2608.00203,theorem,hardness-of-approximation; interactive-proofs; query-complexity,"There exists a one-sided ε -tester for (k,q) - Satisfiability with sample complexity O( k^ 12 log ^2 ( q )/ ε^ 7 ) .

[MASK]",hardness-of-approximation; interactive-proofs; query-complexity
2608.00203#7:bound-cloze:4,bound-cloze,2608.00203#7,2608.00203,definition,hardness-of-approximation; interactive-proofs; query-complexity,"A k -constraint satisfaction problem ( k -CSP) instance on n variables with alphabet size q is specified by a collection of constraints P_w . Here, w is a k -tuple of distinct variable indices (we denote by W the set of all such k -tuples), and P_w: [q]^k → [0,1] is a bounded predicate . An assignment is a function φ ∈ [q]^n . The value of an assignment is defined as: val (φ) = (1)/([MASK]) Σ _ w ∈ W P_w(φ|_w), where φ|_w denotes the assignment restricted to the variables indexed by w .",n^k
2608.00203#10:paper-subarea:3,paper-subarea,2608.00203#10,2608.00203,theorem,hardness-of-approximation; interactive-proofs; query-complexity,"There exists a positive absolute constant c such that letting N=cfrac k^ 12 ε^6 log ^2(qk^2/ε) , U be a set of variables of size N sampled uniformly without replacement from [n] , and assuming n ≥ c^2 frac k^ 24 ε^ 13 log ^4(qk^2/ε) , it holds | E [ OPT (U)]- OPT | ≤ O(ε).

[MASK]",hardness-of-approximation; interactive-proofs; query-complexity
2608.00203#28:paper-subarea:4,paper-subarea,2608.00203#28,2608.00203,theorem,hardness-of-approximation; interactive-proofs; query-complexity,"There exists a constant c>0 such that the following holds. For any ε>0 and any k -player free game G with |Y_1| ... |Y_k| ≥ c^2 frac k^ 24 ε^ 13 log ^4(k^2|B_1| ... |B_k|/ε) , let N := cfrac k^ 12 ε^6 log ^2(k^2|B_1| ... |B_k|/ε). For each i ∈ [k] , choose a tuple S_i of size |S_i|=N by sampling (with replacement) elements uniformly at random from Y_i , let S:=S_1 × ... × S_k , and let G_S be the subgame of G where the questions of the i -th player are uniformly sampled from S_i . Then E _ S l[ω(G_S) r] ≤ ω(G) + O(ε).

[MASK]",hardness-of-approximation; interactive-proofs; query-complexity
2608.01889#14:bound-cloze:1,bound-cloze,2608.01889#14,2608.01889,theorem,total-search,"Under the diffuse analysis with value distribution satisfying the distributional regularity condition (Ass. ), for both second price pacing equilibrium and second price throttling equlibriums, the following properties hold: For every i ∈ [n] , given 1>underline α > 0 . bullet setlength sep 0pt setlength parsep 3pt setlength topsep 3pt setlength partopsep 0pt setlength margin 1em setlength width 1em setlength sep 0.5em bf Continuously Differentiability . the loss function ell _i and the constraint function g_i are contiunously differentiable for all α_i and α_j, j ≠ i . bf Bounded Hessian . The functions \(ell _i\) and \(g_i\) have bounded Hessians. More precisely, for every \(f_i ∈ {ell _i,g_i}\) and every \(j,k ∈ [n]\), \[ | frac partial ^2 f_i partial α_j partial α_k | = [MASK], & j=k=i, O(n), & lvert {j,k} ∩ {i}rvert =1, O(1), & j ≠ i and k ≠ i. \] bf Monotonicity . ell _i is monotonically decreasing, and g_i is monotonically increasing with α_i . bf PL . There exist μ_l^i, μ_g^i , such that ell _i satisfies μ_l^i -PL , and g_i satisfies μ_g^i -PL for α_i ∈ [underline α , 1] . bf Relative Lipschitzness . There exist an L_c >0 , such that ell _i is relative L_c Lipschitz with g_i for any α_i ∈ [underline α , 1] .",O(n^2)
2608.01889#14:paper-subarea:1,paper-subarea,2608.01889#14,2608.01889,theorem,total-search,"Under the diffuse analysis with value distribution satisfying the distributional regularity condition (Ass. ), for both second price pacing equilibrium and second price throttling equlibriums, the following properties hold: For every i ∈ [n] , given 1>underline α > 0 . bullet setlength sep 0pt setlength parsep 3pt setlength topsep 3pt setlength partopsep 0pt setlength margin 1em setlength width 1em setlength sep 0.5em bf Continuously Differentiability . the loss function ell _i and the constraint function g_i are contiunously differentiable for all α_i and α_j, j ≠ i . bf Bounded Hessian . The functions \(ell _i\) and \(g_i\) have bounded Hessians. More precisely, for every \(f_i ∈ {ell _i,g_i}\) and every \(j,k ∈ [n]\), \[ | frac partial ^2 f_i partial α_j partial α_k | = O(n^2), & j=k=i, O(n), & lvert {j,k} ∩ {i}rvert =1, O(1), & j ≠ i and k ≠ i. \] bf Monotonicity . ell _i is monotonically decreasing, and g_i is monotonically increasing with α_i . bf PL . There exist μ_l^i, μ_g^i , such that ell _i satisfies μ_l^i -PL , and g_i satisfies μ_g^i -PL for α_i ∈ [underline α , 1] . bf Relative Lipschitzness . There exist an L_c >0 , such that ell _i is relative L_c Lipschitz with g_i for any α_i ∈ [underline α , 1] .

[MASK]",total-search
2608.01889#43:bound-cloze:2,bound-cloze,2608.01889#43,2608.01889,definition,total-search,"The Beta function, denoted by B(a,b) , is defined for all a,b>0 as B(a,b) &= int _0^1 [MASK] (1-t)^ b-1 dt. The Beta function is related to the Gamma function through the identity B(a,b) &= frac Γ(a)Γ(b) Γ(a+b) .",t^ a-1
2608.01889#108:paper-subarea:2,paper-subarea,2608.01889#108,2608.01889,theorem,total-search,"Under the conditions τ_2 ≤ frac 1 L_g and τ_1 ≤ frac μ_2^2 τ_2 upsilon 4 L_g^2 , the alternating gradient descent–ascent dynamics described in Lemma satisfies: P_t ≤ (1 - tfrac 1 2 μ_m τ_1 )^t P_0, where P_t := a_t + upsilon b_t , where upsilon ∈ (0,frac 1 10 ) .

[MASK]",total-search
2608.01889#110:paper-subarea:3,paper-subarea,2608.01889#110,2608.01889,theorem,total-search,"Consider the alternating gradient updates as follows: α_ t+1 &gets α_t - τ_1 frac partial f(α_t, λ_t) partial α , λ_ t+1 &gets λ_t + τ_2 frac partial f(α_ t+1 , λ_t) partial λ , with step sizes τ_1 ≤ min { frac 1 L_m , frac μ_2^2 τ_2 upsilon 4 L_g^2 } and τ_2 ≤ frac 1 L_g . Then we have |α_t - α^*|_2 + |λ_t - λ^*|_2 ≤ frac 4 sqrt 2 k_3 k_4 μ_m τ_1 (1 - frac 1 2 μ_m τ_1)^ t / 2 |α_0 - α^*|_2 , where (α^*, λ^*) is a saddle point of the minimax optimization problem , k_3 :=frac (2 τ_2^2 L_g^2) (μ_2 upsilon ) , quad k_4 := frac L_g^2 2 μ_m + frac upsilon C_g^2 μ_2 , upsilon < frac 1 10 .

[MASK]",total-search
2608.05613#8:paper-subarea:1,paper-subarea,2608.05613#8,2608.05613,theorem,structural,"If MIS ∈ P , then there exists a uniform effective predictor family G such that for every stage i , L(G(i)) = C _i .

[MASK]",structural
2608.05613#10:bound-cloze:1,bound-cloze,2608.05613#10,2608.05613,hypothesis,structural,"For the complexity analysis, we assume that all stage machines P_i run in time bounded by [MASK] on inputs in D_i .",Θ(n_i^i)
2608.06077#1:bound-cloze:1,bound-cloze,2608.06077#1,2608.06077,theorem,space-complexity,"theorem MainDict Let U be an integer. Let [MASK] ≤ ε<1/4 be a parameter The constraint on ε may seem strange. However, it turns out that Ω( log log U/ log U) ≤ ε<1/4 is the only interesting regime. Indeed, the data structure constructed for ε= log log U/ log U also satisfies the time and space constraints for any ε< log log U/ log U : For the time constraint, this is straightforward because log ε^ -1 / log log ε^ -1 is decreasing in ε for ε=o(1) . For the space constraint, when ε=O( log log U/ log U) , we have that |S| log ( gap (S)/|S|)=Ω(ε · gap (S)) , so the actual value of ε does not affect the space bound . To see this, note that gap (S)/|S| ≤ log U , which implies that log ( gap (S)/|S|)/ log log ( gap (S)/|S|)=O( log log U/ log log log U) by monotonicity of log x/ log log x . . There exists a data structure in the word RAM model with word size w=Θ( log U) that maintains a key set S ⊆ [U] . In O( log ε^ -1 / log log ε^ -1 ) expected amortized time, the data structure supports the following operations: bf Insertion : Insert a key x to S . bf Deletion : Delete a key x from S . bf Membership : Given x ∈ [U] , output whether x ∈ S . The data structure uses gap (S)+O(ε · gap (S))+Obk * |S| log frac gap (S) |S| +Obk * U^ δ bits of space, where δ>0 is a small constant parameter of our choice.",Ω( log log U/ log U)
2608.06077#1:paper-subarea:1,paper-subarea,2608.06077#1,2608.06077,theorem,space-complexity,"theorem MainDict Let U be an integer. Let Ω( log log U/ log U) ≤ ε<1/4 be a parameter The constraint on ε may seem strange. However, it turns out that Ω( log log U/ log U) ≤ ε<1/4 is the only interesting regime. Indeed, the data structure constructed for ε= log log U/ log U also satisfies the time and space constraints for any ε< log log U/ log U : For the time constraint, this is straightforward because log ε^ -1 / log log ε^ -1 is decreasing in ε for ε=o(1) . For the space constraint, when ε=O( log log U/ log U) , we have that |S| log ( gap (S)/|S|)=Ω(ε · gap (S)) , so the actual value of ε does not affect the space bound . To see this, note that gap (S)/|S| ≤ log U , which implies that log ( gap (S)/|S|)/ log log ( gap (S)/|S|)=O( log log U/ log log log U) by monotonicity of log x/ log log x . . There exists a data structure in the word RAM model with word size w=Θ( log U) that maintains a key set S ⊆ [U] . In O( log ε^ -1 / log log ε^ -1 ) expected amortized time, the data structure supports the following operations: bf Insertion : Insert a key x to S . bf Deletion : Delete a key x from S . bf Membership : Given x ∈ [U] , output whether x ∈ S . The data structure uses gap (S)+O(ε · gap (S))+Obk * |S| log frac gap (S) |S| +Obk * U^ δ bits of space, where δ>0 is a small constant parameter of our choice.

[MASK]",space-complexity
2608.06077#2:bound-cloze:2,bound-cloze,2608.06077#2,2608.06077,theorem,space-complexity,corollary CorMainPredecessor The data structure of cref thm:main can be modified to support insertion/deletion and predecessor/successor queries in Obk * frac log ε^ -1 log log ε^ -1 + log log U time and membership queries in [MASK] time. The space usage is the same as .,O( log ε^ -1 / log log ε^ -1 )
2608.06077#2:paper-subarea:2,paper-subarea,2608.06077#2,2608.06077,theorem,space-complexity,"corollary CorMainPredecessor The data structure of cref thm:main can be modified to support insertion/deletion and predecessor/successor queries in Obk * frac log ε^ -1 log log ε^ -1 + log log U time and membership queries in O( log ε^ -1 / log log ε^ -1 ) time. The space usage is the same as .

[MASK]",space-complexity
2608.06077#3:bound-cloze:3,bound-cloze,2608.06077#3,2608.06077,theorem,space-complexity,"corollary CorMainRank The data structure of cref thm:main can be modified to support insertion/deletion and rank/select queries in Obk * frac log ε^ -1 log log ε^ -1 +frac log |S| log log U time, predecessor/successor queries in Obk * frac log ε^ -1 log log ε^ -1 + log log U time and membership queries in [MASK] time. The space usage is the same as .",O( log ε^ -1 / log log ε^ -1 )
2608.06077#3:paper-subarea:3,paper-subarea,2608.06077#3,2608.06077,theorem,space-complexity,"corollary CorMainRank The data structure of cref thm:main can be modified to support insertion/deletion and rank/select queries in Obk * frac log ε^ -1 log log ε^ -1 +frac log |S| log log U time, predecessor/successor queries in Obk * frac log ε^ -1 log log ε^ -1 + log log U time and membership queries in O( log ε^ -1 / log log ε^ -1 ) time. The space usage is the same as .

[MASK]",space-complexity
2608.06077#4:bound-cloze:4,bound-cloze,2608.06077#4,2608.06077,theorem,space-complexity,"Let U and V be parameters with log V ≤ [MASK] . In the word RAM model with word size w=Ω( log U+ log V) , there is a fully dynamic retrieval data structure maintaining a set S ⊆ [U] for which poly log U ≤ |S| ≤ U/2 , where each key is associated with a value in [V] . In O(1) time, the data structure supports insertion, deletion and value queries. In particular, when answering a value query on key x ∈ [U] , the data structure returns the value associated with x if x ∈ S , and an arbitrary value otherwise. At any time, the data structure uses |S| · log V+O(|S| log log (U/|S|)) bits of space. The data structure assumes access to lookup tables and hash functions of total size at most U^ δ bits, where δ>0 is an arbitrary parameter. At any given moment, the space and time bounds hold with high probability in |S| . Upon close inspection, when given an arbitrarily long sequence of operations, the data structure of cref thm:retrieval is always guaranteed to return the correct answer for each query. Furthermore, the worst-case time and space bounds are O(|S|) and O(|S| log U) , respectively.",O( log U)
2608.06077#4:paper-subarea:4,paper-subarea,2608.06077#4,2608.06077,theorem,space-complexity,"Let U and V be parameters with log V ≤ O( log U) . In the word RAM model with word size w=Ω( log U+ log V) , there is a fully dynamic retrieval data structure maintaining a set S ⊆ [U] for which poly log U ≤ |S| ≤ U/2 , where each key is associated with a value in [V] . In O(1) time, the data structure supports insertion, deletion and value queries. In particular, when answering a value query on key x ∈ [U] , the data structure returns the value associated with x if x ∈ S , and an arbitrary value otherwise. At any time, the data structure uses |S| · log V+O(|S| log log (U/|S|)) bits of space. The data structure assumes access to lookup tables and hash functions of total size at most U^ δ bits, where δ>0 is an arbitrary parameter. At any given moment, the space and time bounds hold with high probability in |S| . Upon close inspection, when given an arbitrarily long sequence of operations, the data structure of cref thm:retrieval is always guaranteed to return the correct answer for each query. Furthermore, the worst-case time and space bounds are O(|S|) and O(|S| log U) , respectively.

[MASK]",space-complexity
cs/0001014#12:paper-subarea:1,paper-subarea,cs/0001014#12,cs/0001014,corollary,communication-complexity; quantum-complexity; query-complexity,"it Qcc _E( rm EQ )= it NQcc ( rm EQ )=n+1 and it Qcc _E( rm DISJ )= it NQcc ( rm DISJ )break =n+1 .

[MASK]",communication-complexity; quantum-complexity; query-complexity
cs/0001014#14:bound-cloze:1,bound-cloze,cs/0001014#14,cs/0001014,theorem,communication-complexity; quantum-complexity; query-complexity,"For the above f , we have it Ncc (f) ∈ [MASK] and it Ncc (overline f ) ≥ n-1 .",Ω(n)
cs/0001014#14:paper-subarea:2,paper-subarea,cs/0001014#14,cs/0001014,theorem,communication-complexity; quantum-complexity; query-complexity,"For the above f , we have it Ncc (f) ∈ Ω(n) and it Ncc (overline f ) ≥ n-1 .

[MASK]",communication-complexity; quantum-complexity; query-complexity
cs/0001014#15:paper-subarea:3,paper-subarea,cs/0001014#15,cs/0001014,theorem,communication-complexity; quantum-complexity; query-complexity,"For the nonequality problem on n bits, it NQcc ( rm NE )= 2 versus it Ncc ( rm NE )= log n+1 .

[MASK]",communication-complexity; quantum-complexity; query-complexity
cs/0506068#3:relation-cloze:1,relation-cloze,cs/0506068#3,cs/0506068,theorem,interactive-proofs; quantum-complexity,"Let a,b: N → [0,1] and q ∈ poly satisfy \[ a(n) - b(n) ≥ frac 1 q(n) \] for all n ∈ N . Then QMA (a,b) [MASK] QMA (1 - 2^ -r ,2^ -r ) for every r ∈ poly .",⊆
cs/0506068#3:paper-subarea:1,paper-subarea,cs/0506068#3,cs/0506068,theorem,interactive-proofs; quantum-complexity,"Let a,b: N → [0,1] and q ∈ poly satisfy \[ a(n) - b(n) ≥ frac 1 q(n) \] for all n ∈ N . Then QMA (a,b) ⊆ QMA (1 - 2^ -r ,2^ -r ) for every r ∈ poly .

[MASK]",interactive-proofs; quantum-complexity
cs/0506068#4:paper-subarea:2,paper-subarea,cs/0506068#4,cs/0506068,theorem,interactive-proofs; quantum-complexity,"Let a,b: N → [0,1] and q ∈ poly satisfy \[ a(n) - b(n) ≥ frac 1 q(n) \] for all n ∈ N . Then QMA _m(a,b) ⊆ QMA _m(1 - 2^ -r ,2^ -r ) for every m,r ∈ poly .

[MASK]",interactive-proofs; quantum-complexity
cs/0506068#7:bound-cloze:1,bound-cloze,cs/0506068#7,cs/0506068,definition,interactive-proofs; quantum-complexity,"The class QAM (a,b) consists of all languages L ⊆ Σ^ ast for which there exists a QAM verification procedure A satisfying the following conditions. parindent If x ∈ L then there exists a collection of states {| ψ_y rangle } on m qubits such that \[ frac 1 [MASK] Σ _ y ∈ Σ^ s Pr [ A_ x,y accepts | ψ_y rangle ] ≥ a. \] If x ∉ L then for every collection of states {| ψ_y rangle } on m qubits it holds that \[ frac 1 2^s Σ _ y ∈ Σ^ s Pr [ A_ x,y accepts | ψ_y rangle ] ≤ b. \] Similar to QMA , one may consider the cases where a and b are constants or functions of n = |x| , and in the case that a and b are functions of the input length it is assumed that a(n) and b(n) can be computed deterministically in time polynomial in n . Also as before, let QAM = QAM (2/3,1/3) .",2^s
cs/0506068#8:relation-cloze:2,relation-cloze,cs/0506068#8,cs/0506068,theorem,interactive-proofs; quantum-complexity,"Let a,b: N → [0,1] and q ∈ poly satisfy \[ a(n) - b(n) ≥ frac 1 q(n) \] for all n ≥ N . Then QAM (a,b) [MASK] QAM (1-2^ -r ,2^ -r ) for every r ∈ poly .",⊆
cs/0506068#8:paper-subarea:3,paper-subarea,cs/0506068#8,cs/0506068,theorem,interactive-proofs; quantum-complexity,"Let a,b: N → [0,1] and q ∈ poly satisfy \[ a(n) - b(n) ≥ frac 1 q(n) \] for all n ≥ N . Then QAM (a,b) ⊆ QAM (1-2^ -r ,2^ -r ) for every r ∈ poly .

[MASK]",interactive-proofs; quantum-complexity
cs/0506068#11:bound-cloze:2,bound-cloze,cs/0506068#11,cs/0506068,definition,interactive-proofs; quantum-complexity,"A language L ⊆ Σ^ ast is in QMAM (a,b) if there exists a QMAM verification procedure A such that the following conditions are satisfied. parindent If x ∈ L then for some l there exists a quantum state | ψ rangle on m_1 + m_2 + l qubits and a collection of unitary operators {U_y : y ∈ Σ^ s } acting on m_2 + l qubits such that \[ frac 1 [MASK] Σ _ y ∈ Σ^ s Pr [ A_ x,y accepts (I_ m_1 ⊗ U_y)| ψ rangle ] ≥ a. \] If x ∉ L then for every l , every quantum state | ψ rangle on m_1 + m_2 + l qubits, and every collection of unitary operators {U_y : y ∈ Σ^ s } acting on m_2 + l qubits, \[ frac 1 2^s Σ _ y ∈ Σ^ s Pr [ A_ x,y accepts (I_ m_1 ⊗ U_y)| ψ rangle ] ≤ b. \] The same assumptions regarding a and b apply in this case as in the QMA and QAM cases.",2^s
cs/0506068#14:paper-subarea:4,paper-subarea,cs/0506068#14,cs/0506068,theorem,interactive-proofs; quantum-complexity,"Let L ∈ QIP and let r ∈ poly . Then L has a three message quantum Arthur-Merlin game with completeness error 0 and soundness error at most 1/2 + 2^ -r . Moreover, in this quantum Arthur-Merlin game, Arthur's message consists of a single coin-flip.

[MASK]",interactive-proofs; quantum-complexity
cs/9907033#3:paper-subarea:1,paper-subarea,cs/9907033#3,cs/9907033,corollary,parameterized; structural,"CH ( UP ) = rm co CH ( UP ) = DH ( rm coUP ) and CH ( rm coUP ) = rm co CH ( rm coUP ) = DH ( UP ) .

[MASK]",parameterized; structural
cs/9907033#6:paper-subarea:2,paper-subarea,cs/9907033#6,cs/9907033,corollary,parameterized; structural,"quad SDH ( UP ) and CH ( UP ) are both closed under all Boolean operations.

[MASK]",parameterized; structural
cs/9907033#7:bound-cloze:1,bound-cloze,cs/9907033#7,cs/9907033,corollary,parameterized; structural,"bf (to the proofs of Theorems and ) For each k ≥ 1 , SD _ k ( UP ) ⊆ rm C _ [MASK] -k-2 ( UP ) . For each k ≥ 1 , rm C _ k ( UP ) ⊆ SD _ T(k) ( UP ) , where T(k) = { ll 2^ k - 1 & if k is odd 2^ k - 2 & if k is even. .",2^ k+1
cs/9907033#7:paper-subarea:3,paper-subarea,cs/9907033#7,cs/9907033,corollary,parameterized; structural,"bf (to the proofs of Theorems and ) For each k ≥ 1 , SD _ k ( UP ) ⊆ rm C _ 2^ k+1 -k-2 ( UP ) . For each k ≥ 1 , rm C _ k ( UP ) ⊆ SD _ T(k) ( UP ) , where T(k) = { ll 2^ k - 1 & if k is odd 2^ k - 2 & if k is even. .

[MASK]",parameterized; structural
cs/9907033#8:paper-subarea:4,paper-subarea,cs/9907033#8,cs/9907033,theorem,parameterized; structural,"quad For every k ≥ 1 , rm D _ k ( UP ) ⊆ rm C _ k ( UP ) ∩ rm E _ k ( UP ) .

[MASK]",parameterized; structural
cs/9907036#2:paper-subarea:1,paper-subarea,cs/9907036#2,cs/9907036,corollary,structural,"If tt DodgsonRanking \ is rm NP -complete, then rm PH = rm NP .

[MASK]",structural
cs/9907036#9:paper-subarea:2,paper-subarea,cs/9907036#9,cs/9907036,corollary,structural,"If tt DodgsonWinner \ is rm NP -complete, then rm PH = rm NP .

[MASK]",structural
cs/9909020#6:paper-subarea:1,paper-subarea,cs/9909020#6,cs/9909020,theorem,structural,"For j,k ≥ 1 , rm P ^ rm BH _j [1] : rm BH _k [1] = { l protect rm R _ j+2k-1 scriptsize -tt ^ p ( rm NP ) if j is even and k is odd protect rm R _ j+2k scriptsize -tt ^ p ( rm NP ) otherwise. .

[MASK]",structural
cs/9909020#8:paper-subarea:2,paper-subarea,cs/9909020#8,cs/9909020,corollary,structural,"If (j=k) ∨ (j is even and k = j+1) , 1 ≤ j ≤ k , then rm P ^ rm BH _j [1] : rm BH _k [1] = rm P ^ rm BH _k [1] : rm BH _j [1] . Unless the boolean hierarchy (and thus the polynomial hierarchy) collapses: for every 1 ≤ j ≤ k , rm P ^ rm BH _j [1] : rm BH _k [1] ≠ rm P ^ rm BH _k [1] : rm BH _j [1] unless (j=k) ∨ (j is even and k = j+1) .

[MASK]",structural
cs/9909020#9:paper-subarea:3,paper-subarea,cs/9909020#9,cs/9909020,theorem,structural,"For j,k,l ≥ 1 , rm P ^ rm BH _j [1] : rm BH _k [1] , rm BH _l [1] = { l protect rm R _ j+k+l-1 scriptsize -tt ^ p ( rm NP ) if j is even and l is odd protect rm R _ j+k+l scriptsize -tt ^ p ( rm NP ) otherwise. .

[MASK]",structural
cs/9909020#10:paper-subarea:4,paper-subarea,cs/9909020#10,cs/9909020,corollary,structural,"For j,k,l ≥ 1 , rm P ^ rm R _ 1 scriptsize -tt ^ p ( rm BH _j ) [1] : rm R _ 1 scriptsize -tt ^ p ( rm BH _k ) [1] , rm R _ 1 scriptsize -tt ^ p ( rm BH _l ) [1] = { l protect rm R _ j+k+l-1 scriptsize -tt ^ p ( rm NP ) if j is even and l is odd protect rm R _ j+k+l scriptsize -tt ^ p ( rm NP ) otherwise. .

[MASK]",structural
cs/9910007#1:paper-subarea:1,paper-subarea,cs/9910007#1,cs/9910007,theorem,structural,"For each k>2 it holds that: rm P ^ rm Σ _ k ^p [1] = rm P ^ rm Σ _ k ^p [2] ⇒ rm Σ _ k ^p = rm Π _k^p = rm PH .

[MASK]",structural
cs/9910007#4:paper-subarea:2,paper-subarea,cs/9910007#4,cs/9910007,theorem,structural,"Let 0 ≤ i < j < k and i < k-2 . If rm P ^ ( rm Σ _i^p , rm Σ _ k ^p ) = rm P ^ ( rm Σ _j^p , rm Σ _ k ^p ) then rm Σ _ k ^p = rm Π _k^p = rm PH .

[MASK]",structural
cs/9910007#5:paper-subarea:3,paper-subarea,cs/9910007#5,cs/9910007,theorem,structural,"For each k>2 it holds that: rm P ^ rm Σ _ k ^p [1] = rm DIFF _2( rm Σ _ k ^p ) ∩ rm coDIFF _2( rm Σ _ k ^p ) ⇒ rm Σ _ k ^p = rm Π _k^p = rm PH .

[MASK]",structural
cs/9910007#9:paper-subarea:4,paper-subarea,cs/9910007#9,cs/9910007,corollary,structural,"For each m ≥ 0 and each k>2 it holds that rm P ^ rm Σ _ k ^p _ m hbox - rm tt = rm P ^ rm Σ _ k ^p _ m+1 hbox - rm tt ⇒ rm PH = rm P ^ ( rm Σ _ k ^p , Σ_ k+1 ^p) _ 1,m-1 hbox - rm tt .

[MASK]",structural
quant-ph/0311189#1:paper-subarea:1,paper-subarea,quant-ph/0311189#1,quant-ph/0311189,theorem,meta-complexity; quantum-complexity; query-complexity,"There exists a constant C>0 such that the following holds. Let Σ be a finite set, let n ≥ 1 be an integer, and let S ⊆ Σ^n and S' be sets. Let f:S → S' . Let A be an algorithm that for all x ∈ S computes f , with bounded error ε and at most T queries to the input. Then for every x,y ∈ S with f(x) ≠ f(y) : If A is a quantum algorithm then T ≥ C × frac 1-2 sqrt ε(1-ε) Σ _ i:x_i ≠ y_i sqrt 2^ - K (i | x,A)- K (i | y,A) ; If A is a randomized algorithm then T ≥ C × frac 1-2ε Σ _ i:x_i ≠ y_i min (2^ - K (i | x,A) ,2^ - K (i | y,A) ) .

[MASK]",meta-complexity; quantum-complexity; query-complexity
quant-ph/0311189#2:bound-cloze:1,bound-cloze,quant-ph/0311189#2,quant-ph/0311189,example,meta-complexity; quantum-complexity; query-complexity,"Fix n and a quantum algorithm A for Grover search for instances of length n . Let z be a binary string of length log n , with K (z | A) ≥ log n . Let j be the integer between 0 and n-1 whose binary expansion is z . Consider x , the all 0 's string, and let y be everywhere 0 except at position i=j+1 , where it is 1 . Then K (i | x,A) ≥ log n -O(1) and K (i | y,A) = O(1) , therefore, QQC (sc Search )=[MASK] .",Ω( sqrt n )
quant-ph/0311189#18:bound-cloze:2,bound-cloze,quant-ph/0311189#18,quant-ph/0311189,theorem,meta-complexity; quantum-complexity; query-complexity,"Let Σ be a finite set, let n ≥ 1 be an integer, and let S ⊆ Σ^n be a set. Let f:S → {0,1} . Then any quantum query lower bound for f given by Theorem is in [MASK].","O(min ( sqrt n C_0(f) , sqrt n C_1(f) ))"
quant-ph/0311189#18:paper-subarea:2,paper-subarea,quant-ph/0311189#18,quant-ph/0311189,theorem,meta-complexity; quantum-complexity; query-complexity,"Let Σ be a finite set, let n ≥ 1 be an integer, and let S ⊆ Σ^n be a set. Let f:S → {0,1} . Then any quantum query lower bound for f given by Theorem is in O(min ( sqrt n C_0(f) , sqrt n C_1(f) )).

[MASK]",meta-complexity; quantum-complexity; query-complexity
quant-ph/0311189#19:paper-subarea:3,paper-subarea,quant-ph/0311189#19,quant-ph/0311189,theorem,meta-complexity; quantum-complexity; query-complexity,"Let Σ be a finite set, let n ≥ 1 be an integer, and let S ⊆ Σ^n and S' be sets. Let f:S → S' . Let D be a non-negative integer function on S^2 such that D(x,y)=0 whenever f(x)=f(y) . Let W= Σ _ x,y : D(x,y) ≠ 0 tfrac 1 D(x,y) . Then QQC (f)=Ω (frac W lvert S rvert min _ stackrel x,y D(x,y) ≠ 0, x_i=y_i ( frac 1 sqrt RL (x,i) LL (y,i) ) ), RQC (f)=Ω (frac W lvert S rvert min _ stackrel x,y D(x,y) ≠ 0, x_i=y_i ( max ( frac 1 RL (x,i) , frac 1 LL (y,i) ) ) ).

[MASK]",meta-complexity; quantum-complexity; query-complexity
quant-ph/0311189#20:paper-subarea:4,paper-subarea,quant-ph/0311189#20,quant-ph/0311189,corollary,meta-complexity; quantum-complexity; query-complexity,"QQC (sc Ordered search ), RQC (sc Ordered search )=Ω( log n).

[MASK]",meta-complexity; quantum-complexity; query-complexity
quant-ph/0311189#22:bound-cloze:3,bound-cloze,quant-ph/0311189#22,quant-ph/0311189,theorem,meta-complexity; quantum-complexity; query-complexity,"In the adjacency matrix model, QQC (sc Bipartiteness )=[MASK], where n is the number of vertices in the graph.",Ω(n)
quant-ph/0311189#23:bound-cloze:4,bound-cloze,quant-ph/0311189#23,quant-ph/0311189,theorem,meta-complexity; quantum-complexity; query-complexity,"In the adjacency matrix model, QQC (sc GraphConnectivity )=[MASK], where n is the number of vertices in the graph.",Ω(n^ 3/2 )
quant-ph/0402095#10:bound-cloze:1,bound-cloze,quant-ph/0402095#10,quant-ph/0402095,lemma,communication-complexity; quantum-complexity; space-complexity; structural,"Let f: R → R \ be an infinitely differentiable function such that for some positive integer K , we have f ( i ) =0 for all i ∈ { 0, ... ,K-1 } and f ( K ) =δ>0 . \ Also, let r^ ( m ) =max _ x ∈ [ 0,N ] vert f^ ( m ) ( x ) vert , where f^ ( m ) ( x ) \ is the [MASK] \ derivative of f evaluated at x (thus f^ ( 0 ) =f ). \ Then r^ ( m ) ≥ δ/m! \ for all m ∈ { 0, ... ,K } .",m^ th
quant-ph/0402095#11:bound-cloze:2,bound-cloze,quant-ph/0402095#11,quant-ph/0402095,theorem,communication-complexity; quantum-complexity; space-complexity; structural,"[V. A. Markov] Given a real polynomial p of degree d and positive real number N , let r^ ( m ) =max _ x ∈ [ 0,N ] vert p^ ( m ) ( x ) vert . \ Then for all m ∈ { 1, ... ,d } , r^ ( m ) & ≤ ( frac 2r^ ( 0 ) N ) ^ m T_ d ^ ( m ) ( 1 ) & ≤ ( frac 2r^ ( 0 ) N ) ^ m frac [MASK] ( d^ 2 -1^ 2 ) ( d^ 2 -2^ 2 ) · ... · ( d^ 2 - ( m-1 ) ^ 2 ) 1 · 3 · 5 · ... · ( 2m-1 ) . Here T_ d ( x ) =cos ( darccos x ) \ is the d^ th \ Chebyshev polynomial of the first kind.",d^ 2
quant-ph/0402095#11:paper-subarea:1,paper-subarea,quant-ph/0402095#11,quant-ph/0402095,theorem,communication-complexity; quantum-complexity; space-complexity; structural,"[V. A. Markov] Given a real polynomial p of degree d and positive real number N , let r^ ( m ) =max _ x ∈ [ 0,N ] vert p^ ( m ) ( x ) vert . \ Then for all m ∈ { 1, ... ,d } , r^ ( m ) & ≤ ( frac 2r^ ( 0 ) N ) ^ m T_ d ^ ( m ) ( 1 ) & ≤ ( frac 2r^ ( 0 ) N ) ^ m frac d^ 2 ( d^ 2 -1^ 2 ) ( d^ 2 -2^ 2 ) · ... · ( d^ 2 - ( m-1 ) ^ 2 ) 1 · 3 · 5 · ... · ( 2m-1 ) . Here T_ d ( x ) =cos ( darccos x ) \ is the d^ th \ Chebyshev polynomial of the first kind.

[MASK]",communication-complexity; quantum-complexity; space-complexity; structural
quant-ph/0402095#14:relation-cloze:1,relation-cloze,quant-ph/0402095#14,quant-ph/0402095,theorem,communication-complexity; quantum-complexity; space-complexity; structural,There exists an oracle relative to which NP [MASK] BQP/qpoly .,⊄
quant-ph/0402095#14:paper-subarea:2,paper-subarea,quant-ph/0402095#14,quant-ph/0402095,theorem,communication-complexity; quantum-complexity; space-complexity; structural,"There exists an oracle relative to which NP ⊄ BQP/qpoly .

[MASK]",communication-complexity; quantum-complexity; space-complexity; structural
quant-ph/0501057#5:paper-subarea:1,paper-subarea,quant-ph/0501057#5,quant-ph/0501057,theorem,circuit-complexity; quantum-complexity; query-complexity,"For any Boolean function f , L (f)=C^P(R_f) and d (f)= D (R_f) .

[MASK]",circuit-complexity; quantum-complexity; query-complexity
quant-ph/0501057#15:bound-cloze:1,bound-cloze,quant-ph/0501057#15,quant-ph/0501057,definition,circuit-complexity; quantum-complexity; query-complexity,"Let f:{0,1}^n → {0,1} be any Boolean function. We define the d th iteration of f , written f^d: {0,1}^ [MASK] → {0,1} , inductively as f^1(x)=f(x) and f^ d+1 (x)=f(f^d(x_1, ... , x_ n^d ),f^d(x_ n^d+1 , ... ,x_ 2n^d ), ... , f^d(x_ (n-1)n^d+1 , ... , x_ n^ d+1 ))",n^d
quant-ph/0501057#26:paper-subarea:2,paper-subarea,quant-ph/0501057#26,quant-ph/0501057,theorem,circuit-complexity; quantum-complexity; query-complexity,"Let S ⊆ {0,1}^n and f:S → {0,1} . Then L ^ε(f) ≥ ((1-2ε) sumPI (f) )^2 for any ε < 1/2 .

[MASK]",circuit-complexity; quantum-complexity; query-complexity
quant-ph/0501057#27:paper-subarea:3,paper-subarea,quant-ph/0501057#27,quant-ph/0501057,theorem,circuit-complexity; quantum-complexity; query-complexity,"Let S ⊆ {0,1}^n and f:S → {0,1} . Let A ⊆ f^ -1 (0) and B ⊆ f^ -1 (1) . Let C be the set of pairs (x,y) ∈ A × B with Hamming distance 1, that is C={(x,y) ∈ A × B : d_H(x,y)=1} . Then L (f) ≥ sumPI (f)^2 ≥ frac |C|^2 |A||B| .

[MASK]",circuit-complexity; quantum-complexity; query-complexity
quant-ph/0501057#28:paper-subarea:4,paper-subarea,quant-ph/0501057#28,quant-ph/0501057,theorem,circuit-complexity; quantum-complexity; query-complexity,"Let f:{0,1}^n → {0,1} , and let A ⊆ f^ -1 (0) , and B ⊆ f^ -1 (1) . Let C={(x,y) ∈ A × B : d_H(x,y)=1} . Let Q be a |B| × |A| matrix Q[x,y]=C(x,y) where C is identified with its characteristic function. Then L (f) ≥ sumPI (f)^2 ≥ |Q|_2^2 .

[MASK]",circuit-complexity; quantum-complexity; query-complexity
quant-ph/0501057#32:bound-cloze:2,bound-cloze,quant-ph/0501057#32,quant-ph/0501057,lemma,circuit-complexity; quantum-complexity; query-complexity,"The bound given by the Khrapchenko method (Theorem ), Koutsoupias' method (Theorem ), and H aa stad's Lemma (Theorem ) for a function f are at most s_0(f)s_1(f) ≤ [MASK](f) .",s^2
quant-ph/0501057#37:bound-cloze:3,bound-cloze,quant-ph/0501057#37,quant-ph/0501057,proposition,circuit-complexity; quantum-complexity; query-complexity,"Let S ⊆ {0,1}^n and f: S → {0,1} . If L (f) ≤ s then L (f^d) ≤ [MASK] , where f^d is the d^ th iteration of f .",s^d
quant-ph/0610085#1:bound-cloze:1,bound-cloze,quant-ph/0610085#1,quant-ph/0610085,theorem,communication-complexity; quantum-complexity,"Let f:{0,1}^n × {0,1}^n mapsto {0,1} be a total Boolean function with communication matrix M . Then, for any non-negative diagonal matrices A and B with |A|_2=|B|_2=1 , Q_E(f) & ≥ & H(σ^2(AMB)) Q_E^*(f) & ≥ & frac 1 2 H(σ^2(AMB)) Q_ε(f) & ≥ & { l [MASK] H(σ^2(AMB)) - 4 sqrt ε n - log η_0(4 sqrt ε ) . Q_ε^*(f) & ≥ & { l Ω(H(σ^2(AMB))/ log n) frac 1 2 (H(σ^2(AMB)) - 4 sqrt ε n - log η_0(4 sqrt ε ) ) . where η_0(x) is defined as in equation ( ).",Ω(H(σ^2(AMB))/ log n)
quant-ph/0610085#1:paper-subarea:1,paper-subarea,quant-ph/0610085#1,quant-ph/0610085,theorem,communication-complexity; quantum-complexity,"Let f:{0,1}^n × {0,1}^n mapsto {0,1} be a total Boolean function with communication matrix M . Then, for any non-negative diagonal matrices A and B with |A|_2=|B|_2=1 , Q_E(f) & ≥ & H(σ^2(AMB)) Q_E^*(f) & ≥ & frac 1 2 H(σ^2(AMB)) Q_ε(f) & ≥ & { l Ω(H(σ^2(AMB))/ log n) H(σ^2(AMB)) - 4 sqrt ε n - log η_0(4 sqrt ε ) . Q_ε^*(f) & ≥ & { l Ω(H(σ^2(AMB))/ log n) frac 1 2 (H(σ^2(AMB)) - 4 sqrt ε n - log η_0(4 sqrt ε ) ) . where η_0(x) is defined as in equation ( ).

[MASK]",communication-complexity; quantum-complexity
quant-ph/0611209#1:bound-cloze:1,bound-cloze,quant-ph/0611209#1,quant-ph/0611209,theorem,communication-complexity; derandomization; quantum-complexity,"Let x be uniformly distributed over a set A ⊆ \01^n of size |A| ≥ [MASK] for some c ≥ 1 , and let M be uniformly distributed over the set cal M _ α n of all α -matchings, for some α ∈ (0,1/4] . There exists a universal constant γ>0 (independent of n , c , and α ), such that for all ε>0 : if c ≤ γε sqrt n/α then E _M [ parallel p_M - U parallel _ tvd ] ≤ ε.",2^ n-c
quant-ph/0611209#1:paper-subarea:1,paper-subarea,quant-ph/0611209#1,quant-ph/0611209,theorem,communication-complexity; derandomization; quantum-complexity,"Let x be uniformly distributed over a set A ⊆ \01^n of size |A| ≥ 2^ n-c for some c ≥ 1 , and let M be uniformly distributed over the set cal M _ α n of all α -matchings, for some α ∈ (0,1/4] . There exists a universal constant γ>0 (independent of n , c , and α ), such that for all ε>0 : if c ≤ γε sqrt n/α then E _M [ parallel p_M - U parallel _ tvd ] ≤ ε.

[MASK]",communication-complexity; derandomization; quantum-complexity
quant-ph/0611209#2:bound-cloze:2,bound-cloze,quant-ph/0611209#2,quant-ph/0611209,theorem,communication-complexity; derandomization; quantum-complexity,"Let α ∈ (0,1/4] . The classical bounded-error one-way communication complexity of the α -Partial Matching problem is R^1( sc α PM )=[MASK] , while the quantum bounded-error one-way complexity is Q^1( sc α PM )=O( log (n)/α)",Θ( sqrt n/α )
quant-ph/0611209#2:paper-subarea:2,paper-subarea,quant-ph/0611209#2,quant-ph/0611209,theorem,communication-complexity; derandomization; quantum-complexity,"Let α ∈ (0,1/4] . The classical bounded-error one-way communication complexity of the α -Partial Matching problem is R^1( sc α PM )=Θ( sqrt n/α ) , while the quantum bounded-error one-way complexity is Q^1( sc α PM )=O( log (n)/α)

[MASK]",communication-complexity; derandomization; quantum-complexity
quant-ph/0611209#4:bound-cloze:3,bound-cloze,quant-ph/0611209#4,quant-ph/0611209,lemma,communication-complexity; derandomization; quantum-complexity,"Let f be a function f:\01^n → {-1,0,1} . Let A={xmid f(x) ≠ 0} , and let |s| denote the Hamming weight of s ∈ \01^n . Then for every δ ∈ [0,1] we have \[ Σ _ s ∈ \01^n δ^ |s| widehat f (s)^2 ≤ (frac |A| [MASK] )^ frac 2 1+δ . \]",2^n
quant-ph/0611209#6:bound-cloze:4,bound-cloze,quant-ph/0611209#6,quant-ph/0611209,lemma,communication-complexity; derandomization; quantum-complexity,"For every k ∈ {1, ... ,4c} we have frac [MASK] |A|^2 Σ _ v:|v|=k widehat f (v)^2 ≤ (frac 4 sqrt 2 c k )^k.",2^ 2n
